tag,host_code,selected_code,nominal_best,nominal_selected,risk_host,risk_selected,candidate_count,old_vector_count,reachable_actions,echoes,context,epsilon,tick,time_s
focus_dev_contention_COMPAT_O1000_N1_P0.2_B4_T0.4_S0_R5_D0.04,134,134,0.04005861238338364,0.04005861238338364,0.0,0.0,1,1,"[[0], [1], [2]]","[0, 0, 0]","[0.003487952734749409, 0.20003958262279878, 0.003487952734749409]",0.0005,0,2.1
focus_dev_contention_COMPAT_O1000_N1_P0.2_B4_T0.4_S0_R5_D0.04,19,19,0.035455194636465764,0.035455194636465764,0.00585965421874992,0.00585965421874992,1,4,"[[0, 1], [1], [-1, 2]]","[0, 0, 0]","[0.0028789705827921793, 0.09418617117874822, 0.002878298275031213]",0.0005,2,2.3
focus_dev_contention_COMPAT_O1000_N1_P0.2_B4_T0.4_S0_R5_D0.04,19,19,0.032487945807562535,0.032487945807562535,0.0,0.0,1,4,"[[-1, 0], [1], [-1, 2]]","[0, 0, 0]","[0.002878383404309938, 0.06415945948841353, 0.0028783827353862975]",0.0005,4,2.5
focus_dev_contention_COMPAT_O1000_N1_P0.2_B4_T0.4_S0_R5_D0.04,19,19,0.031102432541106687,0.031102432541106687,0.0,0.0,1,4,"[[-1, 0], [1], [-1, 2]]","[0, 0, 0]","[0.002878382820089675, 0.05407410589220422, 0.0028783828194241007]",0.0005,6,2.7
focus_dev_contention_COMPAT_O1000_N1_P0.2_B4_T0.4_S0_R5_D0.04,19,19,0.030885087427653824,0.030885087427653824,0.0,0.0,1,4,"[[-1, 0], [1], [-1, 2]]","[1, 0, 0]","[0.002877871228532976, 0.052658138032578176, 0.002878382819507716]",0.0005,8,2.9
focus_dev_contention_COMPAT_O1000_N1_P0.2_B4_T0.4_S0_R5_D0.04,19,19,0.030315885755704486,0.030315885755704486,0.0,0.0,1,4,"[[-1, 0], [1], [-1, 2]]","[1, 0, 0]","[0.0028783823104649255, 0.04912002439752046, 0.0028783828195077994]",0.0005,10,3.1
focus_dev_contention_COMPAT_O1000_N1_P0.2_B4_T0.4_S0_R5_D0.04,19,19,0.030187467555957522,0.030187467555957522,0.0,0.0,1,4,"[[-1, 0], [1], [-1, 2]]","[1, 0, 0]","[0.0028783828190013065, 0.04835698252425309, 0.0028783828195078002]",0.0005,12,3.3
focus_dev_contention_COMPAT_O1000_N1_P0.2_B4_T0.4_S0_R5_D0.04,19,19,0.03045608991855763,0.03045608991855763,0.0,0.0,1,4,"[[-1, 0], [1], [-1, 2]]","[1, 0, 0]","[0.0028783828195072963, 0.04996720182875636, 0.0028783828195078002]",0.0005,14,3.5
focus_dev_contention_COMPAT_O1000_N1_P0.2_B4_T0.4_S0_R5_D0.04,19,19,0.030531424683201972,0.030531424683201972,0.0,0.0,1,4,"[[-1, 0], [1], [-1, 2]]","[1, 0, 0]","[0.0028783828195078007, 0.05042862085511339, 0.0028783828195078002]",0.0005,16,3.7
focus_dev_contention_COMPAT_O1000_N1_P0.2_B4_T0.4_S0_R5_D0.04,19,19,0.030187765368863695,0.030187765368863695,0.0,0.0,1,4,"[[-1, 0], [1], [-1, 2]]","[1, 0, 0]","[0.0028783828195078002, 0.04835873800460208, 0.0028783828195078002]",0.0005,18,3.9
focus_dev_contention_COMPAT_O1000_N1_P0.2_B4_T0.4_S0_R5_D0.04,19,19,0.03044804782367065,0.03044804782367065,0.0,0.0,1,4,"[[-1, 0], [1], [-1, 2]]","[1, 0, 0]","[0.0028783828195078002, 0.0499182031758556, 0.0028783828195078002]",0.0005,20,4.1
focus_dev_contention_COMPAT_O1000_N1_P0.2_B4_T0.4_S0_R5_D0.04,19,19,0.031098438980916493,0.031098438980916493,0.0,0.0,1,4,"[[-1, 0], [1], [-1, 2]]","[1, 0, 9]","[0.0028783828195078002, 0.05407718853285589, 0.002873923810508216]",0.0005,22,4.3
focus_dev_contention_COMPAT_O1000_N1_P0.2_B4_T0.4_S0_R5_D0.04,63,63,0.02512346454903558,0.02512346454903558,0.0,0.0,1,4,"[[-1, 0], [1], [-1, 2]]","[1, 0, 9]","[0.025693677152625896, 0.002892225883654602, 0.0028783783817909656]",0.0005,24,4.5
focus_dev_contention_COMPAT_O1000_N1_P0.2_B4_T0.4_S0_R5_D0.04,0,0,0.02081999137746914,0.02081999137746914,0.0016787076399168814,0.0016787076399168814,1,4,"[[0], [-1, 1], [-1, 2]]","[13, 12, 9]","[0.0030328974827646023, 0.002878249603476821, 0.014908844291227715]",0.0005,26,4.7
focus_dev_contention_COMPAT_O1000_N1_P0.2_B4_T0.4_S0_R5_D0.04,6,6,0.0269337726102951,0.0269337726102951,0.0,0.0,1,8,"[[-1, 0], [-1, 1], [-1, 2]]","[13, 12, 9]","[0.002877992565642469, 0.002878382686957908, 0.032430903863283365]",0.0005,28,4.9
focus_dev_contention_COMPAT_O1000_N1_P0.2_B4_T0.4_S0_R5_D0.04,6,6,0.023626129881354287,0.023626129881354287,0.0,0.0,1,4,"[[-1, 0], [-1, 1], [2]]","[13, 12, 15]","[0.002878382431200152, 0.002878382819375914, 0.02105962563561015]",0.0005,30,5.1
focus_dev_contention_COMPAT_O1000_N1_P0.2_B4_T0.4_S0_R5_D0.04,6,6,0.026232968773572778,0.026232968773572778,0.0,0.0,1,4,"[[-1, 0], [-1, 1], [2]]","[14, 12, 15]","[0.002862540023224695, 0.0028783828195076693, 0.029749601864334944]",0.0005,32,5.3
focus_dev_contention_COMPAT_O1000_N1_P0.2_B4_T0.4_S0_R5_D0.04,6,6,0.027701015674530437,0.027701015674530437,0.0,0.0,1,4,"[[-1, 0], [-1, 1], [2]]","[14, 12, 15]","[0.0028782276444986963, 0.0028783828195077994, 0.035674551786836775]",0.0005,34,5.5
focus_dev_contention_COMPAT_O1000_N1_P0.2_B4_T0.4_S0_R5_D0.04,6,6,0.026432052703871712,0.026432052703871712,0.0,0.0,1,4,"[[-1, 0], [-1, 1], [2]]","[14, 12, 17]","[0.0028783826651085573, 0.0028783828195078002, 0.030447643798329566]",0.0005,36,5.7
focus_dev_contention_COMPAT_O1000_N1_P0.2_B4_T0.4_S0_R5_D0.04,6,6,0.02704890638783678,0.02704890638783678,0.0,0.0,1,4,"[[-1, 0], [-1, 1], [2]]","[14, 12, 17]","[0.0028783828193541744, 0.0028783828195078002, 0.03289919271302406]",0.0005,38,5.9
focus_dev_contention_COMPAT_O1000_N1_P0.2_B4_T0.4_S0_R5_D0.04,6,6,0.027792174584167845,0.027792174584167845,0.0,0.0,1,4,"[[-1, 0], [-1, 1], [2]]","[17, 12, 18]","[0.0028782380595360245, 0.0028783828195078002, 0.036078407970385834]",0.0005,40,6.1
focus_dev_contention_COMPAT_O1000_N1_P0.2_B4_T0.4_S0_R5_D0.04,6,6,0.02979129481461465,0.02979129481461465,0.0,0.0,1,4,"[[-1, 0], [-1, 1], [2]]","[17, 12, 18]","[0.0028783826754716045, 0.0028783828195078002, 0.04607787360662756]",0.0005,42,6.3
focus_dev_contention_COMPAT_O1000_N1_P0.2_B4_T0.4_S0_R5_D0.04,6,6,0.026439789120642126,0.026439789120642126,0.0,0.0,1,4,"[[-1, 0], [-1, 1], [2]]","[17, 12, 21]","[0.002878382819364485, 0.0028783828195078002, 0.030477410093427883]",0.0005,44,6.5
focus_dev_contention_COMPAT_O1000_N1_P0.2_B4_T0.4_S0_R5_D0.04,6,6,0.026245135599626004,0.026245135599626004,0.0,0.0,1,4,"[[-1, 0], [-1, 1], [2]]","[17, 12, 22]","[0.0028783828195076576, 0.0028783828195078002, 0.029735734822400075]",0.0005,46,6.7
focus_dev_contention_COMPAT_O1000_N1_P0.2_B4_T0.4_S0_R5_D0.04,6,6,0.028156368157731253,0.028156368157731253,0.0,0.0,1,4,"[[-1, 0], [-1, 1], [2]]","[17, 12, 23]","[0.0028783828195077994, 0.0028783828195078002, 0.03773285944701808]",0.0005,48,6.9
focus_dev_contention_COMPAT_O1000_N1_P0.2_B4_T0.4_S0_R5_D0.04,6,6,0.02977870214499132,0.02977870214499132,0.0,0.0,1,4,"[[-1, 0], [-1, 1], [2]]","[17, 12, 23]","[0.0028783828195078002, 0.0028783828195078002, 0.046007226618995006]",0.0005,50,7.1
focus_dev_contention_COMPAT_O1000_N1_P0.2_B4_T0.4_S0_R5_D0.04,6,6,0.03058293046866928,0.03058293046866928,0.0,0.0,1,4,"[[-1, 0], [-1, 1], [2]]","[17, 12, 23]","[0.0028783828195078002, 0.0028783828195078002, 0.050746628553837714]",0.0005,52,7.3
focus_dev_contention_COMPAT_O1000_N1_P0.2_B4_T0.4_S0_R5_D0.04,6,6,0.030730160274565696,0.030730160274565696,0.0,0.0,1,4,"[[-1, 0], [-1, 1], [2]]","[25, 12, 23]","[0.0028778826801375366, 0.0028783828195078002, 0.051670376470436076]",0.0005,54,7.5
focus_dev_contention_COMPAT_O1000_N1_P0.2_B4_T0.4_S0_R5_D0.04,6,6,0.03091775842410686,0.03091775842410686,0.0,0.0,1,4,"[[-1, 0], [-1, 1], [2]]","[26, 12, 23]","[0.0028778823191562735, 0.0028783828195078002, 0.05286887656039076]",0.0005,56,7.7
focus_dev_contention_COMPAT_O1000_N1_P0.2_B4_T0.4_S0_R5_D0.04,6,6,0.03130487085216077,0.03130487085216077,0.0,0.0,1,4,"[[-1, 0], [-1, 1], [2]]","[26, 12, 23]","[0.002878382321500597, 0.0028783828195078002, 0.05543275781331711]",0.0005,58,7.9
focus_dev_contention_COMPAT_O1000_N1_P0.2_B4_T0.4_S0_R5_D0.04,6,6,0.023149409075512696,0.023149409075512696,0.0,0.0,1,4,"[[-1, 0], [-1, 1], [2]]","[28, 12, 29]","[0.002878242134453768, 0.0028783828195078002, 0.019707057756608796]",0.0005,60,8.1
focus_dev_contention_COMPAT_O1000_N1_P0.2_B4_T0.4_S0_R5_D0.04,6,6,0.02324825675906311,0.02324825675906311,0.0,0.0,1,4,"[[-1, 0], [-1, 1], [2]]","[28, 12, 30]","[0.0028783826795261793, 0.0028783828195078002, 0.01998216400742361]",0.0005,62,8.3
focus_dev_contention_COMPAT_O1000_N1_P0.2_B4_T0.4_S0_R5_D0.04,6,6,0.023089369392033824,0.023089369392033824,0.0,0.0,1,4,"[[-1, 0], [-1, 1], [2]]","[28, 12, 31]","[0.0028783828193685193, 0.0028783828195078002, 0.019540591785497045]",0.0005,64,8.5
focus_dev_contention_COMPAT_O1000_N1_P0.2_B4_T0.4_S0_R5_D0.04,6,6,0.023027452890368776,0.023027452890368776,0.0,0.0,1,4,"[[-1, 0], [-1, 1], [2]]","[28, 12, 32]","[0.0028783828195076623, 0.0028783828195078002, 0.019370312936927647]",0.0005,66,8.7
focus_dev_contention_COMPAT_O1000_N1_P0.2_B4_T0.4_S0_R5_D0.04,6,6,0.02734885943418658,0.02734885943418658,0.0,0.0,1,4,"[[-1, 0], [-1, 1], [2]]","[32, 12, 32]","[0.002878242134908796, 0.0028783828195078002, 0.034151641106491895]",0.0005,68,8.9
focus_dev_contention_COMPAT_O1000_N1_P0.2_B4_T0.4_S0_R5_D0.04,6,6,0.029177884375859966,0.029177884375859966,0.0,0.0,1,4,"[[-1, 0], [-1, 1], [2]]","[32, 12, 32]","[0.002878382679526632, 0.0028783828195078002, 0.04275801913470205]",0.0005,70,9.1
focus_dev_contention_COMPAT_O1000_N1_P0.2_B4_T0.4_S0_R5_D0.04,6,6,0.029801315065283877,0.029801315065283877,0.0,0.0,1,4,"[[-1, 0], [-1, 1], [2]]","[32, 12, 32]","[0.00287838281936852, 0.0028783828195078002, 0.046134164787901624]",0.0005,72,9.3
focus_dev_contention_COMPAT_O1000_N1_P0.2_B4_T0.4_S0_R5_D0.04,6,6,0.0231050100858956,0.0231050100858956,0.0,0.0,1,4,"[[-1, 0], [-1, 1], [2]]","[34, 12, 35]","[0.0028621692670924665, 0.0028783828195078002, 0.01962858583755711]",0.0005,74,9.5
focus_dev_contention_COMPAT_O1000_N1_P0.2_B4_T0.4_S0_R5_D0.04,6,6,0.02319956190697558,0.02319956190697558,0.0,0.0,1,4,"[[-1, 0], [-1, 1], [2]]","[34, 12, 35]","[0.0028621690724319818, 0.0028783828195078002, 0.01989135022811014]",0.0005,76,9.7
focus_dev_contention_COMPAT_O1000_N1_P0.2_B4_T0.4_S0_R5_D0.04,6,6,0.023022826836049965,0.023022826836049965,0.0,0.0,1,4,"[[-1, 0], [-1, 1], [2]]","[34, 12, 35]","[0.0028621690723297753, 0.0028783828195078002, 0.019402104676979507]",0.0005,78,9.9
focus_dev_contention_COMPAT_O1000_N1_P0.2_B4_T0.4_S0_R5_D0.04,6,6,0.02297819960112813,0.02297819960112813,0.0,0.0,1,4,"[[-1, 0], [-1, 1], [2]]","[34, 12, 35]","[0.0028778709599805627, 0.0028783828195078002, 0.019236968557466275]",0.0005,80,10.1
focus_dev_contention_COMPAT_O1000_N1_P0.2_B4_T0.4_S0_R5_D0.04,6,6,0.02333637303042605,0.02333637303042605,0.0,0.0,1,4,"[[-1, 0], [-1, 1], [2]]","[34, 12, 35]","[0.002878382310197703, 0.0028783828195078002, 0.02022994847449916]",0.0005,82,10.3
focus_dev_contention_COMPAT_O1000_N1_P0.2_B4_T0.4_S0_R5_D0.04,6,6,0.026067059021110006,0.026067059021110006,0.0,0.0,1,4,"[[-1, 0], [-1, 1], [2]]","[34, 12, 35]","[0.0028783828190010402, 0.0028783828195078002, 0.029070277304305007]",0.0005,84,10.5
focus_dev_contention_COMPAT_O1000_N1_P0.2_B4_T0.4_S0_R5_D0.04,6,6,0.02624524116970641,0.02624524116970641,0.0,0.0,1,4,"[[-1, 0], [-1, 1], [2]]","[34, 35, 35]","[0.0028625400235041307, 0.0028737946713376806, 0.02981327384453284]",0.0005,86,10.7
focus_dev_contention_COMPAT_O1000_N1_P0.2_B4_T0.4_S0_R5_D0.04,6,6,0.02736526841714153,0.02736526841714153,0.0,0.0,1,4,"[[-1, 0], [-1, 1], [2]]","[34, 35, 35]","[0.002878367042959377, 0.0028624350825406336, 0.03428859873649671]",0.0005,88,10.9
focus_dev_contention_COMPAT_O1000_N1_P0.2_B4_T0.4_S0_R5_D0.04,6,6,0.025191117667513203,0.025191117667513203,0.0,0.0,1,4,"[[-1, 0], [-1, 1], [2]]","[34, 35, 35]","[0.0028783828038102385, 0.0028621692119961384, 0.026023423021301756]",0.0005,90,11.1
focus_dev_contention_COMPAT_O1000_N1_P0.2_B4_T0.4_S0_R5_D0.04,6,6,0.02599131500666131,0.02599131500666131,0.0,0.0,1,4,"[[-1, 0], [-1, 1], [2]]","[34, 35, 35]","[0.002878382819492181, 0.002878227304985057, 0.028791502737752325]",0.0005,92,11.3
focus_dev_contention_COMPAT_O1000_N1_P0.2_B4_T0.4_S0_R5_D0.04,6,6,0.02754515080622144,0.02754515080622144,0.0,0.0,1,4,"[[-1, 0], [-1, 1], [2]]","[34, 35, 35]","[0.0028783828195077846, 0.0028783826647707394, 0.034992613288140864]",0.0005,94,11.5
focus_dev_contention_COMPAT_O1000_N1_P0.2_B4_T0.4_S0_R5_D0.04,6,6,0.029623571632158816,0.029623571632158816,0.0,0.0,1,4,"[[-1, 0], [-1, 1], [2]]","[34, 35, 35]","[0.0028778826801375366, 0.0028783828193538383, 0.04514847158623231]",0.0005,96,11.7
focus_dev_contention_COMPAT_O1000_N1_P0.2_B4_T0.4_S0_R5_D0.04,6,6,0.03059427749416645,0.03059427749416645,0.0,0.0,1,4,"[[-1, 0], [-1, 1], [2]]","[34, 35, 35]","[0.0028783666817170928, 0.0028783828195076463, 0.0508170671314237]",0.0005,98,11.9
focus_dev_contention_COMPAT_O1000_N1_P0.2_B4_T0.4_S0_R5_D0.04,6,6,0.03011327075517374,0.03011327075517374,0.0,0.0,1,4,"[[-1, 0], [-1, 1], [2]]","[34, 35, 35]","[0.002878382803450804, 0.0028783828195077994, 0.04792163712756201]",0.0005,100,12.1
focus_dev_contention_COMPAT_O1000_N1_P0.2_B4_T0.4_S0_R5_D0.04,6,6,0.029998277990449004,0.029998277990449004,0.0,0.0,1,4,"[[-1, 0], [-1, 1], [2]]","[34, 35, 35]","[0.0028783828194918243, 0.0028783828195078002, 0.04725476222960452]",0.0005,102,12.3
focus_dev_contention_COMPAT_O1000_N1_P0.2_B4_T0.4_S0_R5_D0.04,0,0,0.021092500699654848,0.021092500699654848,0.00177004862508693,0.00177004862508693,1,4,"[[-1, 0], [-1, 1], [2]]","[34, 35, 35]","[0.0028783828195077846, 0.015028122251482727, 0.003185995628664336]",0.0005,104,12.5
focus_dev_contention_COMPAT_O1000_N1_P0.2_B4_T0.4_S0_R5_D0.04,19,19,0.027478175044079917,0.027478175044079917,0.0,0.0,1,8,"[[-1, 0], [-1, 1], [-1, 2]]","[34, 35, 35]","[0.0028783828195078002, 0.03477289801525674, 0.0028622497747637686]",0.0005,106,12.7
focus_dev_contention_COMPAT_O1000_N1_P0.2_B4_T0.4_S0_R5_D0.04,19,19,0.025954806190334644,0.025954806190334644,0.0,0.0,1,4,"[[-1, 0], [1], [-1, 2]]","[34, 35, 35]","[0.0028783828195078002, 0.02871645324830559, 0.0028621691147026167]",0.0005,108,12.9
focus_dev_contention_COMPAT_O1000_N1_P0.2_B4_T0.4_S0_R5_D0.04,19,19,0.02603914897324772,0.02603914897324772,0.0,0.0,1,4,"[[-1, 0], [1], [-1, 2]]","[34, 35, 35]","[0.002873790930201134, 0.0290010470252711, 0.002873781057530265]",0.0005,110,13.1
focus_dev_contention_COMPAT_O1000_N1_P0.2_B4_T0.4_S0_R5_D0.04,19,19,0.025886245291554293,0.025886245291554293,0.0,0.0,1,4,"[[-1, 0], [1], [-1, 2]]","[34, 35, 35]","[0.0028737908186804283, 0.028440421581884263, 0.0028737908103946457]",0.0005,112,13.3
focus_dev_contention_COMPAT_O1000_N1_P0.2_B4_T0.4_S0_R5_D0.04,19,19,0.02564311935080654,0.02564311935080654,0.0,0.0,1,4,"[[-1, 0], [1], [-1, 2]]","[34, 35, 55]","[0.0028783782494023625, 0.02753496421628573, 0.002878237937942768]",0.0005,114,13.5
focus_dev_contention_COMPAT_O1000_N1_P0.2_B4_T0.4_S0_R5_D0.04,19,19,0.025783391239291853,0.025783391239291853,0.0,0.0,1,4,"[[-1, 0], [1], [-1, 2]]","[34, 57, 55]","[0.0028783828149605783, 0.028035225438406156, 0.0028783826753506193]",0.0005,116,13.7
focus_dev_contention_COMPAT_O1000_N1_P0.2_B4_T0.4_S0_R5_D0.04,19,19,0.027914513847258224,0.027914513847258224,0.0,0.0,1,4,"[[-1, 0], [1], [-1, 2]]","[34, 57, 57]","[0.002878382819503276, 0.03662689468229667, 0.0028782421347770797]",0.0005,118,13.9
focus_dev_contention_COMPAT_O1000_N1_P0.2_B4_T0.4_S0_R5_D0.04,19,19,0.029165562476180178,0.029165562476180178,0.0,0.0,1,4,"[[-1, 0], [1], [-1, 2]]","[55, 57, 57]","[0.00287837838179096, 0.04271778465507508, 0.002873781283634897]",0.0005,120,14.1
focus_dev_contention_COMPAT_O1000_N1_P0.2_B4_T0.4_S0_R5_D0.04,19,19,0.030244871135651257,0.030244871135651257,0.0,0.0,1,4,"[[-1, 0], [1], [-1, 2]]","[55, 57, 57]","[0.002878382815092303, 0.048723825654442825, 0.0028737908105844062]",0.0005,122,14.3
focus_dev_contention_COMPAT_O1000_N1_P0.2_B4_T0.4_S0_R5_D0.04,19,19,0.029976271183577152,0.029976271183577152,0.0,0.0,1,4,"[[-1, 0], [1], [-1, 2]]","[55, 57, 60]","[0.002878382819503408, 0.04712904361922094, 0.0028782379379429404]",0.0005,124,14.5
focus_dev_contention_COMPAT_O1000_N1_P0.2_B4_T0.4_S0_R5_D0.04,19,19,0.030042645710583453,0.030042645710583453,0.0,0.0,1,4,"[[-1, 0], [1], [-1, 2]]","[55, 57, 60]","[0.0028783828195077955, 0.04751094429017147, 0.002878382675350619]",0.0005,126,14.7
focus_dev_contention_COMPAT_O1000_N1_P0.2_B4_T0.4_S0_R5_D0.04,19,19,0.027090303631273405,0.027090303631273405,0.0,0.0,1,4,"[[-1, 0], [1], [-1, 2]]","[55, 63, 60]","[0.0028783828195078002, 0.033069563009463364, 0.002878382819364365]",0.0005,128,14.9
focus_dev_contention_COMPAT_O1000_N1_P0.2_B4_T0.4_S0_R5_D0.04,19,19,0.02592751969800215,0.02592751969800215,0.0,0.0,1,4,"[[-1, 0], [1], [-1, 2]]","[55, 65, 60]","[0.0028783828195078002, 0.028557342387252587, 0.002878382819507657]",0.0005,130,15.1
focus_dev_contention_COMPAT_O1000_N1_P0.2_B4_T0.4_S0_R5_D0.04,19,19,0.02605598510772119,0.02605598510772119,0.0,0.0,1,4,"[[-1, 0], [1], [-1, 2]]","[55, 65, 60]","[0.0028783828195078002, 0.029029299684981705, 0.0028783828195077994]",0.0005,132,15.3
focus_dev_contention_COMPAT_O1000_N1_P0.2_B4_T0.4_S0_R5_D0.04,19,19,0.029011369644126875,0.029011369644126875,0.0,0.0,1,4,"[[-1, 0], [1], [-1, 2]]","[65, 65, 65]","[0.0028621775720355245, 0.04198334820709033, 0.0028778826801375366]",0.0005,134,15.5
focus_dev_contention_COMPAT_O1000_N1_P0.2_B4_T0.4_S0_R5_D0.04,19,19,0.029424465258193987,0.029424465258193987,0.0,0.0,1,4,"[[-1, 0], [1], [-1, 2]]","[65, 65, 65]","[0.0028737810646389385, 0.044088147442832015, 0.0028783666817170928]",0.0005,136,15.7
focus_dev_contention_COMPAT_O1000_N1_P0.2_B4_T0.4_S0_R5_D0.04,19,19,0.030420177429074574,0.030420177429074574,0.0,0.0,1,4,"[[-1, 0], [1], [-1, 2]]","[65, 65, 65]","[0.0028782379290327722, 0.04974965784173658, 0.002878382803450804]",0.0005,138,15.9
focus_dev_contention_COMPAT_O1000_N1_P0.2_B4_T0.4_S0_R5_D0.04,19,19,0.030168798592564206,0.030168798592564206,0.0,0.0,1,4,"[[-1, 0], [1], [-1, 2]]","[65, 65, 65]","[0.002878382675341754, 0.04824706702076318, 0.0028783828194918243]",0.0005,140,16.1
focus_dev_contention_COMPAT_O1000_N1_P0.2_B4_T0.4_S0_R5_D0.04,0,0,0.021208889112021,0.021208889112021,0.0017567329856713713,0.0017567329856713713,1,4,"[[-1, 0], [1], [-1, 2]]","[65, 65, 65]","[0.015010752612465521, 0.0033197536800477004, 0.0028783828195077846]",0.0005,142,16.3
focus_dev_contention_COMPAT_O1000_N1_P0.2_B4_T0.4_S0_R5_D0.04,63,63,0.027148220148570747,0.027148220148570747,0.0,0.0,1,8,"[[-1, 0], [-1, 1], [-1, 2]]","[65, 65, 65]","[0.0333074142272578, 0.0028788120632164053, 0.0028783828195078002]",0.0005,144,16.5
focus_dev_contention_COMPAT_O1000_N1_P0.2_B4_T0.4_S0_R5_D0.04,63,63,0.028135619890300858,0.028135619890300858,0.0,0.0,1,4,"[[0], [-1, 1], [-1, 2]]","[65, 65, 65]","[0.03763674356784856, 0.002878383246592526, 0.0028783828195078002]",0.0005,146,16.7
focus_dev_contention_COMPAT_O1000_N1_P0.2_B4_T0.4_S0_R5_D0.04,6,6,0.024932482806098822,0.024932482806098822,0.0,0.0,1,4,"[[0], [-1, 1], [-1, 2]]","[73, 65, 65]","[0.00288717266404614, 0.002878382819932746, 0.025075020282095985]",0.0005,148,16.9
focus_dev_contention_COMPAT_O1000_N1_P0.2_B4_T0.4_S0_R5_D0.04,6,6,0.027765199907960034,0.027765199907960034,0.0,0.0,1,4,"[[-1, 0], [-1, 1], [2]]","[73, 73, 73]","[0.002878386382072355, 0.0028778826801378436, 0.035960027698357315]",0.0005,150,17.1
focus_dev_contention_COMPAT_O1000_N1_P0.2_B4_T0.4_S0_R5_D0.04,6,6,0.028117971442322944,0.028117971442322944,0.0,0.0,1,4,"[[-1, 0], [-1, 1], [2]]","[73, 74, 74]","[0.0028783828230525246, 0.0028778823191562743, 0.03755747869258027]",0.0005,152,17.3
focus_dev_contention_COMPAT_O1000_N1_P0.2_B4_T0.4_S0_R5_D0.04,6,6,0.028387813523278103,0.028387813523278103,0.0,0.0,1,4,"[[-1, 0], [-1, 1], [2]]","[73, 75, 75]","[0.0028783828195113282, 0.0028621773100594894, 0.03889762134996918]",0.0005,154,17.5
focus_dev_contention_COMPAT_O1000_N1_P0.2_B4_T0.4_S0_R5_D0.04,6,6,0.02907122560479308,0.02907122560479308,0.0,0.0,1,4,"[[-1, 0], [-1, 1], [2]]","[73, 76, 75]","[0.0028783828195078037, 0.002862169076654981, 0.04228869343439584]",0.0005,156,17.7
focus_dev_contention_COMPAT_O1000_N1_P0.2_B4_T0.4_S0_R5_D0.04,6,6,0.030396714688253564,0.030396714688253564,0.0,0.0,1,4,"[[-1, 0], [-1, 1], [2]]","[73, 77, 75]","[0.0028783828195078002, 0.0028778709599836944, 0.04960970469757946]",0.0005,158,17.9
focus_dev_contention_COMPAT_O1000_N1_P0.2_B4_T0.4_S0_R5_D0.04,6,6,0.029726055520912193,0.029726055520912193,0.0,0.0,1,4,"[[-1, 0], [-1, 1], [2]]","[73, 77, 75]","[0.0028783828195078002, 0.002878382310197705, 0.04571304380912025]",0.0005,160,18.1
focus_dev_contention_COMPAT_O1000_N1_P0.2_B4_T0.4_S0_R5_D0.04,6,6,0.02660223895115263,0.02660223895115263,0.0,0.0,1,4,"[[-1, 0], [-1, 1], [2]]","[73, 79, 80]","[0.0028783828195078002, 0.002862540023137504, 0.031170168937216573]",0.0005,162,18.3
focus_dev_contention_COMPAT_O1000_N1_P0.2_B4_T0.4_S0_R5_D0.04,6,6,0.029171049070991415,0.029171049070991415,0.0,0.0,1,4,"[[-1, 0], [-1, 1], [2]]","[73, 79, 80]","[0.0028783828195078002, 0.0028734541350637515, 0.042748073160508354]",0.0005,164,18.5
focus_dev_contention_COMPAT_O1000_N1_P0.2_B4_T0.4_S0_R5_D0.04,6,6,0.030495036578002278,0.030495036578002278,0.0,0.0,1,4,"[[-1, 0], [-1, 1], [2]]","[76, 79, 80]","[0.0028621692670925195, 0.002862174991112681, 0.05040421534497395]",0.0005,166,18.7
focus_dev_contention_COMPAT_O1000_N1_P0.2_B4_T0.4_S0_R5_D0.04,6,6,0.02973181491819697,0.02973181491819697,0.0,0.0,1,4,"[[-1, 0], [-1, 1], [2]]","[76, 79, 80]","[0.002873453888594516, 0.0028621690754374075, 0.04586313299205307]",0.0005,168,18.9
focus_dev_contention_COMPAT_O1000_N1_P0.2_B4_T0.4_S0_R5_D0.04,6,6,0.030252418206083743,0.030252418206083743,0.0,0.0,1,4,"[[-1, 0], [-1, 1], [2]]","[76, 79, 80]","[0.0028783779139922756, 0.0028778709599828122, 0.04874445308198295]",0.0005,170,19.1
focus_dev_contention_COMPAT_O1000_N1_P0.2_B4_T0.4_S0_R5_D0.04,6,6,0.026056981996454974,0.026056981996454974,0.0,0.0,1,4,"[[-1, 0], [-1, 1], [2]]","[76, 79, 85]","[0.0028783828146268474, 0.0028783823101977053, 0.029032988523670457]",0.0005,172,19.3
focus_dev_contention_COMPAT_O1000_N1_P0.2_B4_T0.4_S0_R5_D0.04,6,6,0.02739321141262699,0.02739321141262699,0.0,0.0,1,4,"[[-1, 0], [-1, 1], [2]]","[76, 79, 86]","[0.002878382819502943, 0.0028783828190010402, 0.03433962387628646]",0.0005,174,19.5
focus_dev_contention_COMPAT_O1000_N1_P0.2_B4_T0.4_S0_R5_D0.04,6,6,0.02964879177406597,0.02964879177406597,0.0,0.0,1,4,"[[-1, 0], [-1, 1], [2]]","[76, 79, 86]","[0.002878382819507796, 0.0028783828195072963, 0.04528468026807218]",0.0005,176,19.7
focus_dev_contention_COMPAT_O1000_N1_P0.2_B4_T0.4_S0_R5_D0.04,6,6,0.03026705258514783,0.03026705258514783,0.0,0.0,1,4,"[[-1, 0], [-1, 1], [2]]","[76, 79, 86]","[0.0028783828195078002, 0.0028783828195078007, 0.048828423235214746]",0.0005,178,19.9
focus_dev_contention_COMPAT_O1000_N1_P0.2_B4_T0.4_S0_R5_D0.04,6,6,0.030629593962704767,0.030629593962704767,0.0,0.0,1,4,"[[-1, 0], [-1, 1], [2]]","[76, 79, 86]","[0.0028783828195078002, 0.0028783828195078002, 0.05103653813140698]",0.0005,180,20.1
focus_dev_contention_COMPAT_O1000_N1_P0.2_B4_T0.4_S0_R5_D0.04,6,6,0.03124950662789127,0.03124950662789127,0.0,0.0,1,4,"[[-1, 0], [-1, 1], [2]]","[76, 79, 86]","[0.0028783828195078002, 0.0028783828195078002, 0.05505758141878004]",0.0005,182,20.3
focus_dev_contention_COMPAT_O1000_N1_P0.2_B4_T0.4_S0_R5_D0.04,6,6,0.030776594298984897,0.030776594298984897,0.0,0.0,1,4,"[[-1, 0], [-1, 1], [2]]","[76, 79, 86]","[0.0028783828195078002, 0.0028783828195078002, 0.0519611671799615]",0.0005,184,20.5
focus_dev_contention_COMPAT_O1000_N1_P0.2_B4_T0.4_S0_R5_D0.04,6,6,0.03078920806404794,0.03078920806404794,0.0,0.0,1,4,"[[-1, 0], [-1, 1], [2]]","[76, 79, 86]","[0.0028783828195078002, 0.0028783828195078002, 0.0520413203357803]",0.0005,186,20.7
focus_dev_contention_COMPAT_O1000_N1_P0.2_B4_T0.4_S0_R5_D0.04,6,6,0.03075086423273199,0.03075086423273199,0.0,0.0,1,4,"[[-1, 0], [-1, 1], [2]]","[76, 79, 86]","[0.0028783828195078002, 0.0028783828195078002, 0.05179806881666026]",0.0005,188,20.9
focus_dev_contention_COMPAT_O1000_N1_P0.2_B4_T0.4_S0_R5_D0.04,6,6,0.03100767187257507,0.03100767187257507,0.0,0.0,1,4,"[[-1, 0], [-1, 1], [2]]","[76, 79, 86]","[0.0028783828195078002, 0.0028783828195078002, 0.05345039211144565]",0.0005,190,21.1
focus_dev_contention_COMPAT_O1000_N1_P0.2_B4_T0.4_S0_R5_D0.04,0,0,0.021455857666056753,0.021455857666056753,0.0019469980507745288,0.0019469980507745288,2,4,"[[-1, 0], [-1, 1], [2]]","[76, 79, 86]","[0.015258352227955584, 0.0028783828195078002, 0.0033191226185933695]",0.0005,192,21.3
focus_dev_contention_COMPAT_O1000_N1_P0.2_B4_T0.4_S0_R5_D0.04,63,63,0.027256846980830574,0.027256846980830574,0.0,0.0,1,8,"[[-1, 0], [-1, 1], [-1, 2]]","[76, 95, 86]","[0.033827489963218306, 0.0028625400235044963, 0.0028788114633336494]",0.0005,194,21.5
focus_dev_contention_COMPAT_O1000_N1_P0.2_B4_T0.4_S0_R5_D0.04,63,63,0.02914295170778033,0.02914295170778033,0.0,0.0,1,4,"[[0], [-1, 1], [-1, 2]]","[76, 95, 86]","[0.04257623785601303, 0.002878367042959378, 0.0028783832459956735]",0.0005,196,21.7
focus_dev_contention_COMPAT_O1000_N1_P0.2_B4_T0.4_S0_R5_D0.04,63,63,0.023799806671200616,0.023799806671200616,0.0,0.0,1,4,"[[0], [-1, 1], [-1, 2]]","[94, 97, 97]","[0.021581690196140736, 0.0028739237960996897, 0.0028782421352984786]",0.0005,198,21.9
focus_dev_contention_COMPAT_O1000_N2_P0.2_B4_T0.4_S0_R5_D0.04,134,134,0.04005861238338364,0.04005861238338364,0.0,0.0,1,1,"[[0], [1], [2]]","[0, 0, 0]","[0.003487952734749409, 0.20003958262279878, 0.003487952734749409]",0.0005,0,2.1
focus_dev_contention_COMPAT_O1000_N2_P0.2_B4_T0.4_S0_R5_D0.04,19,19,0.035455194636465764,0.035455194636465764,0.00585965421874992,0.00585965421874992,1,4,"[[0, 1], [1], [-1, 2]]","[0, 0, 0]","[0.0028789705827921793, 0.09418617117874822, 0.002878298275031213]",0.0005,2,2.3
focus_dev_contention_COMPAT_O1000_N2_P0.2_B4_T0.4_S0_R5_D0.04,19,19,0.032487945807562535,0.032487945807562535,0.0,0.0,1,4,"[[-1, 0], [1], [-1, 2]]","[0, 0, 0]","[0.002878383404309938, 0.06415945948841353, 0.0028783827353862975]",0.0005,4,2.5
focus_dev_contention_COMPAT_O1000_N2_P0.2_B4_T0.4_S0_R5_D0.04,19,19,0.031102432541106687,0.031102432541106687,0.0,0.0,1,4,"[[-1, 0], [1], [-1, 2]]","[0, 0, 0]","[0.002878382820089675, 0.05407410589220422, 0.0028783828194241007]",0.0005,6,2.7
focus_dev_contention_COMPAT_O1000_N2_P0.2_B4_T0.4_S0_R5_D0.04,19,19,0.030885599018629226,0.030885599018629226,0.0,0.0,1,4,"[[-1, 0], [1], [-1, 2]]","[0, 0, 0]","[0.0028783828195083788, 0.052658138032578176, 0.002878382819507716]",0.0005,8,2.9
focus_dev_contention_COMPAT_O1000_N2_P0.2_B4_T0.4_S0_R5_D0.04,19,19,0.03031588626474736,0.03031588626474736,0.0,0.0,1,4,"[[-1, 0], [1], [-1, 2]]","[0, 0, 0]","[0.0028783828195078015, 0.04912002439752046, 0.0028783828195077994]",0.0005,10,3.1
focus_dev_contention_COMPAT_O1000_N2_P0.2_B4_T0.4_S0_R5_D0.04,19,19,0.030187467556464016,0.030187467556464016,0.0,0.0,1,4,"[[-1, 0], [1], [-1, 2]]","[0, 0, 0]","[0.0028783828195078002, 0.04835698252425309, 0.0028783828195078002]",0.0005,12,3.3
focus_dev_contention_COMPAT_O1000_N2_P0.2_B4_T0.4_S0_R5_D0.04,19,19,0.03045608991855813,0.03045608991855813,0.0,0.0,1,4,"[[-1, 0], [1], [-1, 2]]","[0, 0, 0]","[0.0028783828195078002, 0.04996720182875636, 0.0028783828195078002]",0.0005,14,3.5
focus_dev_contention_COMPAT_O1000_N2_P0.2_B4_T0.4_S0_R5_D0.04,19,19,0.03053092454383171,0.03053092454383171,0.0,0.0,1,4,"[[-1, 0], [1], [-1, 2]]","[0, 0, 1]","[0.0028783828195078002, 0.05042862085511339, 0.0028778826801375366]",0.0005,16,3.7
focus_dev_contention_COMPAT_O1000_N2_P0.2_B4_T0.4_S0_R5_D0.04,19,19,0.026272303600814857,0.026272303600814857,0.0,0.0,1,4,"[[-1, 0], [1], [-1, 2]]","[1, 1, 1]","[0.0028621775720355245, 0.029961174434175192, 0.002862169076792531]",0.0005,18,3.9
focus_dev_contention_COMPAT_O1000_N2_P0.2_B4_T0.4_S0_R5_D0.04,19,19,0.026093191549835717,0.026093191549835717,0.0,0.0,1,4,"[[-1, 0], [1], [-1, 2]]","[1, 1, 1]","[0.0028737810646389385, 0.029201348615809683, 0.0028737810574983994]",0.0005,20,4.1
focus_dev_contention_COMPAT_O1000_N2_P0.2_B4_T0.4_S0_R5_D0.04,19,19,0.026506817770893407,0.026506817770893407,0.0,0.0,1,4,"[[-1, 0], [1], [-1, 2]]","[1, 1, 1]","[0.0028782379290327722, 0.030736906264432685, 0.002878378239685383]",0.0005,22,4.3
focus_dev_contention_COMPAT_O1000_N2_P0.2_B4_T0.4_S0_R5_D0.04,63,63,0.025120871177892214,0.025120871177892214,0.0,0.0,1,4,"[[-1, 0], [1], [-1, 2]]","[1, 1, 1]","[0.02569357422142854, 0.002889658728520251, 0.0028783828149509093]",0.0005,24,4.5
focus_dev_contention_COMPAT_O1000_N2_P0.2_B4_T0.4_S0_R5_D0.04,0,0,0.02104309626860775,0.02104309626860775,0.0016787077304238514,0.0016787077304238514,1,4,"[[0], [-1, 1], [-1, 2]]","[1, 1, 1]","[0.0032558578267062183, 0.0028783940323358227, 0.014908844409565714]",0.0005,26,4.7
focus_dev_contention_COMPAT_O1000_N2_P0.2_B4_T0.4_S0_R5_D0.04,6,6,0.026934531331746597,0.026934531331746597,0.0,0.0,1,8,"[[-1, 0], [-1, 1], [-1, 2]]","[1, 1, 1]","[0.0028787511270044757, 0.002878382830664475, 0.03243090392973508]",0.0005,28,4.9
focus_dev_contention_COMPAT_O1000_N2_P0.2_B4_T0.4_S0_R5_D0.04,6,6,0.028848674417542134,0.028848674417542134,0.0,0.0,1,8,"[[-1, 0], [-1, 1], [-1, 2]]","[1, 1, 1]","[0.0028783831859639773, 0.0028783828195189003, 0.04107335580088205]",0.0005,30,5.1
focus_dev_contention_COMPAT_O1000_N2_P0.2_B4_T0.4_S0_R5_D0.04,6,6,0.030188231180463973,0.030188231180463973,0.0,0.0,1,4,"[[-1, 0], [-1, 1], [2]]","[1, 14, 1]","[0.0028783828198724213, 0.002862438120613419, 0.04845557158044085]",0.0005,32,5.3
focus_dev_contention_COMPAT_O1000_N2_P0.2_B4_T0.4_S0_R5_D0.04,6,6,0.02383923345858978,0.02383923345858978,0.0,0.0,1,4,"[[-1, 0], [-1, 1], [2]]","[15, 14, 17]","[0.00287824213490913, 0.0028621692135912128, 0.02173323679908607]",0.0005,34,5.5
focus_dev_contention_COMPAT_O1000_N2_P0.2_B4_T0.4_S0_R5_D0.04,6,6,0.0231827490270486,0.0231827490270486,0.0,0.0,1,4,"[[-1, 0], [-1, 1], [2]]","[15, 14, 17]","[0.002878382679526632, 0.0028737810576133847, 0.019812108074530883]",0.0005,36,5.7
focus_dev_contention_COMPAT_O1000_N2_P0.2_B4_T0.4_S0_R5_D0.04,6,6,0.02547780075215914,0.02547780075215914,0.0,0.0,1,4,"[[-1, 0], [-1, 1], [2]]","[15, 14, 17]","[0.00287838281936852, 0.00287823792902635, 0.02695385642271155]",0.0005,38,5.9
focus_dev_contention_COMPAT_O1000_N2_P0.2_B4_T0.4_S0_R5_D0.04,6,6,0.025959357218973605,0.025959357218973605,0.0,0.0,1,4,"[[-1, 0], [-1, 1], [2]]","[15, 14, 17]","[0.0028737946713375644, 0.002878382675341747, 0.028690528608911886]",0.0005,40,6.1
focus_dev_contention_COMPAT_O1000_N2_P0.2_B4_T0.4_S0_R5_D0.04,6,6,0.029074589792334633,0.029074589792334633,0.0,0.0,1,4,"[[-1, 0], [-1, 1], [2]]","[15, 14, 17]","[0.0028782379414726065, 0.002877879460476568, 0.04222576123967789]",0.0005,42,6.3
focus_dev_contention_COMPAT_O1000_N2_P0.2_B4_T0.4_S0_R5_D0.04,6,6,0.029941317426108685,0.029941317426108685,0.0,0.0,1,4,"[[-1, 0], [-1, 1], [2]]","[15, 14, 17]","[0.0028783826753541316, 0.002878382318656082, 0.046927914349081445]",0.0005,44,6.5
focus_dev_contention_COMPAT_O1000_N2_P0.2_B4_T0.4_S0_R5_D0.04,6,6,0.030574750296449786,0.030574750296449786,0.0,0.0,1,4,"[[-1, 0], [-1, 1], [2]]","[15, 14, 17]","[0.0028783828193643685, 0.0028624351677716464, 0.05079476703206545]",0.0005,46,6.7
focus_dev_contention_COMPAT_O1000_N2_P0.2_B4_T0.4_S0_R5_D0.04,6,6,0.03106165695898351,0.03106165695898351,0.0,0.0,1,4,"[[-1, 0], [-1, 1], [2]]","[15, 14, 17]","[0.002878382819507657, 0.00287787115262374, 0.05380814812679183]",0.0005,48,6.9
focus_dev_contention_COMPAT_O1000_N2_P0.2_B4_T0.4_S0_R5_D0.04,6,6,0.03089983089081782,0.03089983089081782,0.0,0.0,1,4,"[[-1, 0], [-1, 1], [2]]","[15, 14, 17]","[0.0028783828195077994, 0.0028782416673831606, 0.052750770699333066]",0.0005,50,7.1
focus_dev_contention_COMPAT_O1000_N2_P0.2_B4_T0.4_S0_R5_D0.04,6,6,0.031036175617938398,0.031036175617938398,0.0,0.0,1,4,"[[-1, 0], [-1, 1], [2]]","[15, 24, 17]","[0.002878367042959378, 0.0028782275508884765, 0.053638317879057935]",0.0005,52,7.3
focus_dev_contention_COMPAT_O1000_N2_P0.2_B4_T0.4_S0_R5_D0.04,6,6,0.0309147275893662,0.0309147275893662,0.0,0.0,1,4,"[[-1, 0], [-1, 1], [2]]","[15, 25, 17]","[0.0028783828038102385, 0.002878241993038394, 0.05284695797830574]",0.0005,54,7.5
focus_dev_contention_COMPAT_O1000_N2_P0.2_B4_T0.4_S0_R5_D0.04,6,6,0.026751497194056797,0.026751497194056797,0.0,0.0,1,4,"[[-1, 0], [-1, 1], [2]]","[15, 25, 27]","[0.002878382819492181, 0.0028783826793854694, 0.03169715609463175]",0.0005,56,7.7
focus_dev_contention_COMPAT_O1000_N2_P0.2_B4_T0.4_S0_R5_D0.04,6,6,0.026393818685902248,0.026393818685902248,0.0,0.0,1,4,"[[-1, 0], [-1, 1], [2]]","[15, 25, 28]","[0.0028783828195077846, 0.0028783828193683796, 0.03030088689852774]",0.0005,58,7.9
focus_dev_contention_COMPAT_O1000_N2_P0.2_B4_T0.4_S0_R5_D0.04,6,6,0.02772447059348019,0.02772447059348019,0.0,0.0,1,4,"[[-1, 0], [-1, 1], [2]]","[15, 25, 29]","[0.0028783828195078002, 0.002878382819507662, 0.03577740047527367]",0.0005,60,8.1
focus_dev_contention_COMPAT_O1000_N2_P0.2_B4_T0.4_S0_R5_D0.04,6,6,0.029826052114415563,0.029826052114415563,0.0,0.0,1,4,"[[-1, 0], [-1, 1], [2]]","[15, 25, 29]","[0.0028783828195078002, 0.0028783828195077994, 0.046273427434360394]",0.0005,62,8.3
focus_dev_contention_COMPAT_O1000_N2_P0.2_B4_T0.4_S0_R5_D0.04,6,6,0.03014122144646507,0.03014122144646507,0.0,0.0,1,4,"[[-1, 0], [-1, 1], [2]]","[28, 25, 29]","[0.0028737813692842756, 0.0028783828195078002, 0.0481121421723552]",0.0005,64,8.5
focus_dev_contention_COMPAT_O1000_N2_P0.2_B4_T0.4_S0_R5_D0.04,6,6,0.030162367926869108,0.030162367926869108,0.0,0.0,1,4,"[[-1, 0], [-1, 1], [2]]","[28, 29, 29]","[0.0028782379293112934, 0.002878367042959378, 0.048210207677838235]",0.0005,66,8.7
focus_dev_contention_COMPAT_O1000_N2_P0.2_B4_T0.4_S0_R5_D0.04,6,6,0.02580612175863155,0.02580612175863155,0.0,0.0,1,4,"[[-1, 0], [-1, 1], [2]]","[28, 29, 29]","[0.002878382675342031, 0.002862540012136431, 0.028174203619440747]",0.0005,68,8.9
focus_dev_contention_COMPAT_O1000_N2_P0.2_B4_T0.4_S0_R5_D0.04,6,6,0.023188834340824013,0.023188834340824013,0.0,0.0,1,4,"[[-1, 0], [-1, 1], [2]]","[28, 29, 29]","[0.0028783828193643564, 0.002878367042948049, 0.019816282145173027]",0.0005,70,9.1
focus_dev_contention_COMPAT_O1000_N2_P0.2_B4_T0.4_S0_R5_D0.04,6,6,0.023158355319636156,0.023158355319636156,0.0,0.0,1,4,"[[-1, 0], [-1, 1], [2]]","[28, 29, 29]","[0.002877882680137434, 0.002878382803810227, 0.019732883528026744]",0.0005,72,9.3
focus_dev_contention_COMPAT_O1000_N2_P0.2_B4_T0.4_S0_R5_D0.04,6,6,0.023014969042564625,0.023014969042564625,0.0,0.0,1,4,"[[-1, 0], [-1, 1], [2]]","[28, 29, 29]","[0.002878366681717094, 0.0028737946713245136, 0.01934871467884362]",0.0005,74,9.5
focus_dev_contention_COMPAT_O1000_N2_P0.2_B4_T0.4_S0_R5_D0.04,6,6,0.023210686512853983,0.023210686512853983,0.0,0.0,1,4,"[[-1, 0], [-1, 1], [2]]","[28, 36, 37]","[0.002878382803450804, 0.002877879367287869, 0.01987855183053839]",0.0005,76,9.7
focus_dev_contention_COMPAT_O1000_N2_P0.2_B4_T0.4_S0_R5_D0.04,6,6,0.023038929924575534,0.023038929924575534,0.0,0.0,1,4,"[[-1, 0], [-1, 1], [2]]","[28, 36, 38]","[0.0028783670429477883, 0.002878382318563356, 0.019401845593849814]",0.0005,78,9.9
focus_dev_contention_COMPAT_O1000_N2_P0.2_B4_T0.4_S0_R5_D0.04,6,6,0.025704474359455998,0.025704474359455998,0.0,0.0,1,4,"[[-1, 0], [-1, 1], [2]]","[28, 36, 38]","[0.0028783828038102272, 0.002878382819009364, 0.027752596752486154]",0.0005,80,10.1
focus_dev_contention_COMPAT_O1000_N2_P0.2_B4_T0.4_S0_R5_D0.04,6,6,0.026363094707997147,0.026363094707997147,0.0,0.0,1,4,"[[-1, 0], [-1, 1], [2]]","[28, 38, 38]","[0.002878382819492181, 0.0028782380595357344, 0.03018393500051353]",0.0005,82,10.3
focus_dev_contention_COMPAT_O1000_N2_P0.2_B4_T0.4_S0_R5_D0.04,6,6,0.023138574473182256,0.023138574473182256,0.0,0.0,1,4,"[[-1, 0], [-1, 1], [2]]","[28, 38, 38]","[0.0028783828195077846, 0.0028783826754716045, 0.01967662822740271]",0.0005,84,10.5
focus_dev_contention_COMPAT_O1000_N2_P0.2_B4_T0.4_S0_R5_D0.04,6,6,0.023256858214456583,0.023256858214456583,0.0,0.0,1,4,"[[-1, 0], [-1, 1], [2]]","[28, 38, 38]","[0.0028783828195078002, 0.002878382819364485, 0.020006259373479496]",0.0005,86,10.7
focus_dev_contention_COMPAT_O1000_N2_P0.2_B4_T0.4_S0_R5_D0.04,6,6,0.023005670391103135,0.023005670391103135,0.0,0.0,1,4,"[[-1, 0], [-1, 1], [2]]","[28, 38, 38]","[0.0028783828195078002, 0.0028783828195076576, 0.019310645364013022]",0.0005,88,10.9
focus_dev_contention_COMPAT_O1000_N2_P0.2_B4_T0.4_S0_R5_D0.04,6,6,0.025008044726162797,0.025008044726162797,0.0,0.0,1,4,"[[-1, 0], [-1, 1], [2]]","[28, 38, 44]","[0.0028783828195078002, 0.0028783828195077994, 0.02535425976050794]",0.0005,90,11.1
focus_dev_contention_COMPAT_O1000_N2_P0.2_B4_T0.4_S0_R5_D0.04,6,6,0.02872677422768903,0.02872677422768903,0.0,0.0,1,4,"[[-1, 0], [-1, 1], [2]]","[28, 44, 44]","[0.0028783828195078002, 0.0028737813692842756, 0.04048854883856582]",0.0005,92,11.3
focus_dev_contention_COMPAT_O1000_N2_P0.2_B4_T0.4_S0_R5_D0.04,6,6,0.029628525349157896,0.029628525349157896,0.0,0.0,1,4,"[[-1, 0], [-1, 1], [2]]","[28, 44, 44]","[0.0028783828195078002, 0.002878378239995758, 0.0451730062815077]",0.0005,94,11.5
focus_dev_contention_COMPAT_O1000_N2_P0.2_B4_T0.4_S0_R5_D0.04,6,6,0.030435744638146873,0.030435744638146873,0.0,0.0,1,4,"[[-1, 0], [-1, 1], [2]]","[46, 46, 44]","[0.0028621775720355245, 0.0028734646474585807, 0.04997194548720111]",0.0005,96,11.7
focus_dev_contention_COMPAT_O1000_N2_P0.2_B4_T0.4_S0_R5_D0.04,6,6,0.03093457520106383,0.03093457520106383,0.0,0.0,1,4,"[[-1, 0], [-1, 1], [2]]","[46, 46, 44]","[0.0028783666817170928, 0.0028737905448372294, 0.05300436162235665]",0.0005,98,11.9
focus_dev_contention_COMPAT_O1000_N2_P0.2_B4_T0.4_S0_R5_D0.04,6,6,0.027150578423482754,0.027150578423482754,0.0,0.0,1,4,"[[-1, 0], [-1, 1], [2]]","[46, 46, 46]","[0.002878382803450804, 0.0028737908183570065, 0.033338053613585446]",0.0005,100,12.1
focus_dev_contention_COMPAT_O1000_N2_P0.2_B4_T0.4_S0_R5_D0.04,6,6,0.025789618981296763,0.025789618981296763,0.0,0.0,1,4,"[[-1, 0], [-1, 1], [2]]","[46, 46, 46]","[0.002878378381776293, 0.002877879364504626, 0.02805945351670748]",0.0005,102,12.3
focus_dev_contention_COMPAT_O1000_N2_P0.2_B4_T0.4_S0_R5_D0.04,0,0,0.02092100452596145,0.02092100452596145,0.001770038154906714,0.001770038154906714,1,4,"[[-1, 0], [-1, 1], [2]]","[46, 46, 46]","[0.0028783828150922893, 0.015028108596096833, 0.0030145131147723317]",0.0005,104,12.5
focus_dev_contention_COMPAT_O1000_N2_P0.2_B4_T0.4_S0_R5_D0.04,19,19,0.027478171086529276,0.027478171086529276,0.0,0.0,1,8,"[[-1, 0], [-1, 1], [-1, 2]]","[46, 46, 46]","[0.002878382819503408, 0.03477288906857672, 0.0028622478932811106]",0.0005,106,12.7
focus_dev_contention_COMPAT_O1000_N2_P0.2_B4_T0.4_S0_R5_D0.04,19,19,0.029178054899794102,0.029178054899794102,0.0,0.0,1,4,"[[-1, 0], [1], [-1, 2]]","[46, 46, 46]","[0.0028783828195077955, 0.042843573498649486, 0.0028621691137147498]",0.0005,108,12.9
focus_dev_contention_COMPAT_O1000_N2_P0.2_B4_T0.4_S0_R5_D0.04,19,19,0.02640846317984376,0.02640846317984376,0.0,0.0,1,4,"[[-1, 0], [1], [-1, 2]]","[46, 46, 46]","[0.0028783828195078002, 0.0303746876091716, 0.002873781057529435]",0.0005,110,13.1
focus_dev_contention_COMPAT_O1000_N2_P0.2_B4_T0.4_S0_R5_D0.04,19,19,0.02593761196363645,0.02593761196363645,0.0,0.0,1,4,"[[-1, 0], [1], [-1, 2]]","[46, 55, 46]","[0.0028783828195078002, 0.028594210086153312, 0.002878378239685414]",0.0005,112,13.3
focus_dev_contention_COMPAT_O1000_N2_P0.2_B4_T0.4_S0_R5_D0.04,19,19,0.025648017498489634,0.025648017498489634,0.0,0.0,1,4,"[[-1, 0], [1], [-1, 2]]","[46, 56, 46]","[0.0028783828195078002, 0.027551800835055533, 0.0028783828149509098]",0.0005,114,13.5
focus_dev_contention_COMPAT_O1000_N2_P0.2_B4_T0.4_S0_R5_D0.04,19,19,0.02578394736634029,0.02578394736634029,0.0,0.0,1,4,"[[-1, 0], [1], [-1, 2]]","[46, 56, 46]","[0.0028783828195078002, 0.02803722470308469, 0.0028783828195032657]",0.0005,116,13.7
focus_dev_contention_COMPAT_O1000_N2_P0.2_B4_T0.4_S0_R5_D0.04,19,19,0.02606785939705663,0.02606785939705663,0.0,0.0,1,4,"[[-1, 0], [1], [-1, 2]]","[46, 56, 46]","[0.0028783828195078002, 0.02907324081358934, 0.0028783828195077963]",0.0005,118,13.9
focus_dev_contention_COMPAT_O1000_N2_P0.2_B4_T0.4_S0_R5_D0.04,19,19,0.028505470927825984,0.028505470927825984,0.0,0.0,1,4,"[[-1, 0], [1], [-1, 2]]","[46, 56, 46]","[0.0028783828195078002, 0.03938430855331419, 0.0028783828195078002]",0.0005,120,14.1
focus_dev_contention_COMPAT_O1000_N2_P0.2_B4_T0.4_S0_R5_D0.04,19,19,0.02998957542869796,0.02998957542869796,0.0,0.0,1,4,"[[-1, 0], [1], [-1, 2]]","[46, 56, 46]","[0.0028783828195078002, 0.04720467704766302, 0.0028783828195078002]",0.0005,122,14.3
focus_dev_contention_COMPAT_O1000_N2_P0.2_B4_T0.4_S0_R5_D0.04,19,19,0.02988169123427173,0.02988169123427173,0.0,0.0,1,4,"[[-1, 0], [1], [-1, 2]]","[46, 56, 46]","[0.0028783828195078002, 0.0465881988262896, 0.0028783828195078002]",0.0005,124,14.5
focus_dev_contention_COMPAT_O1000_N2_P0.2_B4_T0.4_S0_R5_D0.04,19,19,0.03000751382232261,0.03000751382232261,0.0,0.0,1,4,"[[-1, 0], [1], [-1, 2]]","[46, 56, 46]","[0.0028783828195078002, 0.04730797513957105, 0.0028783828195078002]",0.0005,126,14.7
focus_dev_contention_COMPAT_O1000_N2_P0.2_B4_T0.4_S0_R5_D0.04,19,19,0.030080094107509472,0.030080094107509472,0.0,0.0,1,4,"[[-1, 0], [1], [-1, 2]]","[46, 56, 46]","[0.0028783828195078002, 0.04772826464049899, 0.0028783828195078002]",0.0005,128,14.9
focus_dev_contention_COMPAT_O1000_N2_P0.2_B4_T0.4_S0_R5_D0.04,19,19,0.03010748830648014,0.03010748830648014,0.0,0.0,1,4,"[[-1, 0], [1], [-1, 2]]","[46, 56, 63]","[0.0028783828195078002, 0.047914662202981365, 0.0028737946713376806]",0.0005,130,15.1
focus_dev_contention_COMPAT_O1000_N2_P0.2_B4_T0.4_S0_R5_D0.04,19,19,0.030763266281806936,0.030763266281806936,0.0,0.0,1,4,"[[-1, 0], [1], [-1, 2]]","[46, 56, 63]","[0.0028783828195078002, 0.05187753441067773, 0.0028782379414726074]",0.0005,132,15.3
focus_dev_contention_COMPAT_O1000_N2_P0.2_B4_T0.4_S0_R5_D0.04,19,19,0.03087029707551377,0.03087029707551377,0.0,0.0,1,4,"[[-1, 0], [1], [-1, 2]]","[46, 56, 63]","[0.0028783828195078002, 0.052559708096180116, 0.0028783826753541316]",0.0005,134,15.5
focus_dev_contention_COMPAT_O1000_N2_P0.2_B4_T0.4_S0_R5_D0.04,19,19,0.0281980084984634,0.0281980084984634,0.0,0.0,1,4,"[[-1, 0], [1], [-1, 2]]","[46, 66, 66]","[0.0028783828195078002, 0.03792876239343041, 0.0028778826800334983]",0.0005,136,15.7
focus_dev_contention_COMPAT_O1000_N2_P0.2_B4_T0.4_S0_R5_D0.04,19,19,0.029931247628465347,0.029931247628465347,0.0,0.0,1,4,"[[-1, 0], [1], [-1, 2]]","[46, 66, 66]","[0.0028783828195078002, 0.04687036808609854, 0.0028783823218596865]",0.0005,138,15.9
focus_dev_contention_COMPAT_O1000_N2_P0.2_B4_T0.4_S0_R5_D0.04,19,19,0.029981859070406975,0.029981859070406975,0.0,0.0,1,4,"[[-1, 0], [1], [-1, 2]]","[46, 66, 66]","[0.0028783828195078002, 0.047160312464707664, 0.0028783828190126434]",0.0005,140,16.1
focus_dev_contention_COMPAT_O1000_N2_P0.2_B4_T0.4_S0_R5_D0.04,0,0,0.021206873208614918,0.021206873208614918,0.0017567329886614587,0.0017567329886614587,1,4,"[[-1, 0], [1], [-1, 2]]","[46, 66, 66]","[0.015010752616366656, 0.0033177377727409522, 0.0028783828195073076]",0.0005,142,16.3
focus_dev_contention_COMPAT_O1000_N2_P0.2_B4_T0.4_S0_R5_D0.04,63,63,0.02714821823268524,0.02714821823268524,0.0,0.0,1,8,"[[-1, 0], [-1, 1], [-1, 2]]","[46, 66, 66]","[0.03330741422957431, 0.0028788101467727436, 0.0028783828195078007]",0.0005,144,16.5
focus_dev_contention_COMPAT_O1000_N2_P0.2_B4_T0.4_S0_R5_D0.04,63,63,0.029473786465562816,0.029473786465562816,0.0,0.0,1,4,"[[0], [-1, 1], [-1, 2]]","[46, 66, 70]","[0.04441530491131052, 0.0028783832446857647, 0.0028624351680761415]",0.0005,146,16.7
focus_dev_contention_COMPAT_O1000_N2_P0.2_B4_T0.4_S0_R5_D0.04,6,6,0.022762948250666215,0.022762948250666215,0.0013634903097374806,0.0013634903097374806,1,4,"[[0], [-1, 1], [-1, 2]]","[46, 70, 70]","[0.002891402895559981, 0.0028783783821794548, 0.01861923234901152]",0.0005,148,16.9
focus_dev_contention_COMPAT_O1000_N2_P0.2_B4_T0.4_S0_R5_D0.04,6,6,0.02727069730290629,0.02727069730290629,0.0,0.0,1,4,"[[-1, 0], [-1, 1], [2]]","[46, 70, 70]","[0.0028783957655641886, 0.002878382815092691, 0.03382085781749273]",0.0005,150,17.1
focus_dev_contention_COMPAT_O1000_N2_P0.2_B4_T0.4_S0_R5_D0.04,6,6,0.02937584629866697,0.02937584629866697,0.0,0.0,1,4,"[[-1, 0], [-1, 1], [2]]","[46, 70, 70]","[0.002878382832389023, 0.002878382819503408, 0.043802926821498576]",0.0005,152,17.3
focus_dev_contention_COMPAT_O1000_N2_P0.2_B4_T0.4_S0_R5_D0.04,6,6,0.02955222195152586,0.02955222195152586,0.0,0.0,1,4,"[[-1, 0], [-1, 1], [2]]","[46, 70, 70]","[0.0028783828195206164, 0.0028783828195077955, 0.04475487031348216]",0.0005,154,17.5
focus_dev_contention_COMPAT_O1000_N2_P0.2_B4_T0.4_S0_R5_D0.04,6,6,0.023732290376929387,0.023732290376929387,0.0,0.0,1,4,"[[-1, 0], [-1, 1], [2]]","[46, 70, 70]","[0.002878382819507813, 0.002878367042959378, 0.021369470496400436]",0.0005,156,17.7
focus_dev_contention_COMPAT_O1000_N2_P0.2_B4_T0.4_S0_R5_D0.04,6,6,0.023576341372923405,0.023576341372923405,0.0,0.0,1,4,"[[-1, 0], [-1, 1], [2]]","[46, 70, 70]","[0.0028783828195078002, 0.0028783828038102385, 0.02091541708490674]",0.0005,158,17.9
focus_dev_contention_COMPAT_O1000_N2_P0.2_B4_T0.4_S0_R5_D0.04,6,6,0.02574316474956654,0.02574316474956654,0.0,0.0,1,4,"[[-1, 0], [-1, 1], [2]]","[46, 70, 70]","[0.0028783828195078002, 0.002878382819492181, 0.02789087477080532]",0.0005,160,18.1
focus_dev_contention_COMPAT_O1000_N2_P0.2_B4_T0.4_S0_R5_D0.04,6,6,0.028834309393153894,0.028834309393153894,0.0,0.0,1,4,"[[-1, 0], [-1, 1], [2]]","[46, 70, 70]","[0.0028783828195078002, 0.0028778826801375253, 0.041003817432888605]",0.0005,162,18.3
focus_dev_contention_COMPAT_O1000_N2_P0.2_B4_T0.4_S0_R5_D0.04,6,6,0.030005445423195356,0.030005445423195356,0.0,0.0,1,4,"[[-1, 0], [-1, 1], [2]]","[46, 70, 70]","[0.0028783828195078002, 0.0028778823191562735, 0.04729893731856586]",0.0005,164,18.5
focus_dev_contention_COMPAT_O1000_N2_P0.2_B4_T0.4_S0_R5_D0.04,6,6,0.02660064932066411,0.02660064932066411,0.0,0.0,1,4,"[[-1, 0], [-1, 1], [2]]","[70, 70, 70]","[0.0028625400235044963, 0.0028778823188957184, 0.03116589745495818]",0.0005,166,18.7
focus_dev_contention_COMPAT_O1000_N2_P0.2_B4_T0.4_S0_R5_D0.04,6,6,0.02841508439059356,0.02841508439059356,0.0,0.0,1,4,"[[-1, 0], [-1, 1], [2]]","[70, 70, 70]","[0.002873454135063995, 0.0028778709659445204, 0.038976421049475685]",0.0005,168,18.9
focus_dev_contention_COMPAT_O1000_N2_P0.2_B4_T0.4_S0_R5_D0.04,6,6,0.029752183840845305,0.029752183840845305,0.0,0.0,1,4,"[[-1, 0], [-1, 1], [2]]","[70, 70, 70]","[0.00287823763013298, 0.0028783823102036363, 0.045859623367940444]",0.0005,170,19.1
focus_dev_contention_COMPAT_O1000_N2_P0.2_B4_T0.4_S0_R5_D0.04,6,6,0.02964637489917213,0.02964637489917213,0.0,0.0,1,4,"[[-1, 0], [-1, 1], [2]]","[70, 70, 70]","[0.002878382675044346, 0.0028783828190010467, 0.04527134601437322]",0.0005,172,19.3
focus_dev_contention_COMPAT_O1000_N2_P0.2_B4_T0.4_S0_R5_D0.04,6,6,0.02604185553915079,0.02604185553915079,0.0,0.0,1,4,"[[-1, 0], [-1, 1], [2]]","[70, 70, 86]","[0.00287838281936406, 0.0028783828195072967, 0.028977083156869136]",0.0005,174,19.5
focus_dev_contention_COMPAT_O1000_N2_P0.2_B4_T0.4_S0_R5_D0.04,6,6,0.02608936630307355,0.02608936630307355,0.0,0.0,1,4,"[[-1, 0], [-1, 1], [2]]","[70, 70, 87]","[0.0028783828195076567, 0.0028783828195078007, 0.029152965408081304]",0.0005,176,19.7
focus_dev_contention_COMPAT_O1000_N2_P0.2_B4_T0.4_S0_R5_D0.04,6,6,0.02597229079025899,0.02597229079025899,0.0,0.0,1,4,"[[-1, 0], [-1, 1], [2]]","[70, 87, 88]","[0.0028783828195077994, 0.0028778826801375366, 0.028722946307121463]",0.0005,178,19.9
focus_dev_contention_COMPAT_O1000_N2_P0.2_B4_T0.4_S0_R5_D0.04,6,6,0.0260069288842519,0.0260069288842519,0.0,0.0,1,4,"[[-1, 0], [-1, 1], [2]]","[70, 87, 89]","[0.0028783828195078002, 0.002862169076792531, 0.02890804603392324]",0.0005,180,20.1
focus_dev_contention_COMPAT_O1000_N2_P0.2_B4_T0.4_S0_R5_D0.04,6,6,0.029310489450383982,0.029310489450383982,0.0,0.0,1,4,"[[-1, 0], [-1, 1], [2]]","[70, 87, 89]","[0.0028783828195078002, 0.0028621690723320647, 0.04354123939025861]",0.0005,182,20.3
focus_dev_contention_COMPAT_O1000_N2_P0.2_B4_T0.4_S0_R5_D0.04,6,6,0.030020312488284965,0.030020312488284965,0.0,0.0,1,4,"[[-1, 0], [-1, 1], [2]]","[70, 87, 89]","[0.0028783828195078002, 0.002878366673245582, 0.04738190879776852]",0.0005,184,20.5
focus_dev_contention_COMPAT_O1000_N2_P0.2_B4_T0.4_S0_R5_D0.04,6,6,0.030495261164756975,0.030495261164756975,0.0,0.0,1,4,"[[-1, 0], [-1, 1], [2]]","[70, 87, 89]","[0.0028783828195078002, 0.0028783828034423748, 0.050206574821323104]",0.0005,186,20.7
focus_dev_contention_COMPAT_O1000_N2_P0.2_B4_T0.4_S0_R5_D0.04,6,6,0.030632071084846824,0.030632071084846824,0.0,0.0,1,4,"[[-1, 0], [-1, 1], [2]]","[70, 87, 89]","[0.0028783828195078002, 0.0028783828194918148, 0.05105197602552318]",0.0005,188,20.9
focus_dev_contention_COMPAT_O1000_N2_P0.2_B4_T0.4_S0_R5_D0.04,6,6,0.026573179249016973,0.026573179249016973,0.0,0.0,1,4,"[[-1, 0], [-1, 1], [2]]","[70, 87, 94]","[0.0028783828195078002, 0.0028783828195077846, 0.03099447164098261]",0.0005,190,21.1
focus_dev_contention_COMPAT_O1000_N2_P0.2_B4_T0.4_S0_R5_D0.04,0,0,0.02129511311337791,0.02129511311337791,0.001946901980713879,0.001946901980713879,2,4,"[[-1, 0], [-1, 1], [2]]","[92, 87, 94]","[0.015258227525538402, 0.0028783828195078002, 0.0031585027683317082]",0.0005,192,21.3
focus_dev_contention_COMPAT_O1000_N2_P0.2_B4_T0.4_S0_R5_D0.04,63,63,0.027267885662695408,0.027267885662695408,0.0,0.0,1,8,"[[-1, 0], [-1, 1], [-1, 2]]","[92, 87, 96]","[0.03382741393524285, 0.0028783828195078002, 0.0028740254230800516]",0.0005,194,21.5
focus_dev_contention_COMPAT_O1000_N2_P0.2_B4_T0.4_S0_R5_D0.04,63,63,0.029142956123167436,0.029142956123167436,0.0,0.0,1,4,"[[0], [-1, 1], [-1, 2]]","[92, 87, 96]","[0.04257620357669985, 0.0028783828195078002, 0.0028783784829413987]",0.0005,196,21.7
focus_dev_contention_COMPAT_O1000_N2_P0.2_B4_T0.4_S0_R5_D0.04,63,63,0.028698792440998024,0.028698792440998024,0.0,0.0,1,4,"[[0], [-1, 1], [-1, 2]]","[96, 87, 96]","[0.04032750336387819, 0.0028783828195078002, 0.002878382815192949]",0.0005,198,21.9
focus_dev_contention_COMPAT_O1001_N1_P0.2_B4_T0.4_S0_R5_D0.04,63,63,0.028139607625449474,0.028139607625449474,0.0,0.0,1,1,"[[0], [1], [2]]","[0, 0, 0]","[0.2139330616152421, 0.0034879554772884822, 0.0034879554772884822]",0.0005,0,2.1
focus_dev_contention_COMPAT_O1001_N1_P0.2_B4_T0.4_S0_R5_D0.04,63,63,0.025369696765410666,0.025369696765410666,0.0,0.0,1,4,"[[0], [-1, 1], [-1, 2]]","[0, 0, 0]","[0.09543297286410071, 0.002886384440197671, 0.0028852521385171978]",0.0005,2,2.3
focus_dev_contention_COMPAT_O1001_N1_P0.2_B4_T0.4_S0_R5_D0.04,63,63,0.024036303605097745,0.024036303605097745,0.0,0.0,1,4,"[[0], [-1, 1], [-1, 2]]","[0, 0, 0]","[0.05969203925385182, 0.0028858312859468016, 0.0028858302123461223]",0.0005,4,2.5
focus_dev_contention_COMPAT_O1001_N1_P0.2_B4_T0.4_S0_R5_D0.04,63,63,0.02377055025229389,0.02377055025229389,0.0,0.0,1,4,"[[0], [-1, 1], [-1, 2]]","[0, 0, 0]","[0.054971681272693494, 0.0028858307614849786, 0.0028858307604670373]",0.0005,6,2.7
focus_dev_contention_COMPAT_O1001_N1_P0.2_B4_T0.4_S0_R5_D0.04,63,63,0.021290793223031103,0.021290793223031103,0.0,0.0,1,4,"[[0], [-1, 1], [-1, 2]]","[1, 0, 0]","[0.02775726679055792, 0.0028858307609877067, 0.00288583076098674]",0.0005,8,2.9
focus_dev_contention_COMPAT_O1001_N1_P0.2_B4_T0.4_S0_R5_D0.04,19,19,0.020939637092712828,0.020939637092712828,0.0,0.0,1,4,"[[0], [-1, 1], [-1, 2]]","[1, 0, 0]","[0.0028961495036092066, 0.02529485318979126, 0.0028858307609872327]",0.0005,10,3.1
focus_dev_contention_COMPAT_O1001_N1_P0.2_B4_T0.4_S0_R5_D0.04,19,19,0.02275103903973675,0.02275103903973675,0.0,0.0,1,4,"[[-1, 0], [1], [-1, 2]]","[5, 0, 0]","[0.00288556918762051, 0.04092139788148025, 0.0028858307609872336]",0.0005,12,3.3
focus_dev_contention_COMPAT_O1001_N1_P0.2_B4_T0.4_S0_R5_D0.04,19,19,0.02324148234064015,0.02324148234064015,0.0,0.0,1,4,"[[-1, 0], [1], [-1, 2]]","[5, 0, 0]","[0.002885830512971372, 0.046996194378457555, 0.0028858307609872336]",0.0005,14,3.5
focus_dev_contention_COMPAT_O1001_N1_P0.2_B4_T0.4_S0_R5_D0.04,19,19,0.023569728133694012,0.023569728133694012,0.0,0.0,1,4,"[[-1, 0], [1], [-1, 2]]","[5, 0, 0]","[0.002885830760752077, 0.0517423951721432, 0.0028858307609872336]",0.0005,16,3.7
focus_dev_contention_COMPAT_O1001_N1_P0.2_B4_T0.4_S0_R5_D0.04,19,19,0.02341798716618307,0.02341798716618307,0.0,0.0,1,4,"[[-1, 0], [1], [-1, 2]]","[5, 0, 0]","[0.0028858307609870115, 0.049471912208765394, 0.0028858307609872336]",0.0005,18,3.9
focus_dev_contention_COMPAT_O1001_N1_P0.2_B4_T0.4_S0_R5_D0.04,19,19,0.02332343937125194,0.02332343937125194,0.0,0.0,1,4,"[[-1, 0], [1], [-1, 2]]","[5, 0, 0]","[0.002885830760987235, 0.0481246851212412, 0.0028858307609872336]",0.0005,20,4.1
focus_dev_contention_COMPAT_O1001_N1_P0.2_B4_T0.4_S0_R5_D0.04,19,19,0.02345948346097604,0.02345948346097604,0.0,0.0,1,4,"[[-1, 0], [1], [-1, 2]]","[5, 0, 9]","[0.0028858307609872336, 0.05049406941883162, 0.002857871433606236]",0.0005,22,4.3
focus_dev_contention_COMPAT_O1001_N1_P0.2_B4_T0.4_S0_R5_D0.04,19,19,0.023523532103490886,0.023523532103490886,0.0,0.0,1,4,"[[-1, 0], [1], [-1, 2]]","[5, 0, 9]","[0.0028858307609872336, 0.05103687825893344, 0.0028858042128063303]",0.0005,24,4.5
focus_dev_contention_COMPAT_O1001_N1_P0.2_B4_T0.4_S0_R5_D0.04,19,19,0.020444543623302044,0.020444543623302044,0.0,0.0,1,4,"[[-1, 0], [1], [-1, 2]]","[9, 13, 9]","[0.0028858042128063303, 0.022348067956225508, 0.002885830735815367]",0.0005,26,4.7
focus_dev_contention_COMPAT_O1001_N1_P0.2_B4_T0.4_S0_R5_D0.04,19,19,0.02241085023928562,0.02241085023928562,0.0,0.0,1,4,"[[-1, 0], [1], [-1, 2]]","[9, 13, 9]","[0.002885830735815367, 0.0372813892776229, 0.002885830760963367]",0.0005,28,4.9
focus_dev_contention_COMPAT_O1001_N1_P0.2_B4_T0.4_S0_R5_D0.04,19,19,0.023277054844862553,0.023277054844862553,0.0,0.0,1,4,"[[-1, 0], [1], [-1, 2]]","[9, 13, 9]","[0.002885830760963367, 0.04748163535620711, 0.002885830760987211]",0.0005,30,5.1
focus_dev_contention_COMPAT_O1001_N1_P0.2_B4_T0.4_S0_R5_D0.04,19,19,0.023445736288301038,0.023445736288301038,0.0,0.0,1,4,"[[-1, 0], [1], [-1, 2]]","[14, 13, 9]","[0.002857871433606224, 0.05028950856575669, 0.0028858307609872336]",0.0005,32,5.3
focus_dev_contention_COMPAT_O1001_N1_P0.2_B4_T0.4_S0_R5_D0.04,19,19,0.023778414875389498,0.023778414875389498,0.0,0.0,1,4,"[[-1, 0], [1], [-1, 2]]","[14, 13, 9]","[0.0028849543714858667, 0.05511848608209681, 0.0028858307609872336]",0.0005,34,5.5
focus_dev_contention_COMPAT_O1001_N1_P0.2_B4_T0.4_S0_R5_D0.04,19,19,0.023725246525476067,0.023725246525476067,0.0,0.0,1,4,"[[-1, 0], [1], [-1, 2]]","[14, 13, 9]","[0.0028858299299951203, 0.05421944028884195, 0.0028858307609872336]",0.0005,36,5.7
focus_dev_contention_COMPAT_O1001_N1_P0.2_B4_T0.4_S0_R5_D0.04,19,19,0.02369190341364767,0.02369190341364767,0.0,0.0,1,4,"[[-1, 0], [1], [-1, 2]]","[14, 13, 17]","[0.0028858307601993234, 0.053688824875720915, 0.0028849686246243582]",0.0005,38,5.9
focus_dev_contention_COMPAT_O1001_N1_P0.2_B4_T0.4_S0_R5_D0.04,6,6,0.01942023998996178,0.01942023998996178,0.0004369034005293204,0.0004369034005293204,1,4,"[[-1, 0], [1], [-1, 2]]","[17, 13, 18]","[0.002884954371485651, 0.0033319662751627893, 0.015307769291758224]",0.0005,40,6.1
focus_dev_contention_COMPAT_O1001_N1_P0.2_B4_T0.4_S0_R5_D0.04,6,6,0.022027730074082527,0.022027730074082527,0.0,0.0,1,8,"[[-1, 0], [-1, 1], [-1, 2]]","[17, 13, 18]","[0.002885829929995119, 0.002886244234146113, 0.03364368035554922]",0.0005,42,6.3
focus_dev_contention_COMPAT_O1001_N1_P0.2_B4_T0.4_S0_R5_D0.04,63,63,0.02102532605707408,0.02102532605707408,0.0,0.0,1,4,"[[-1, 0], [-1, 1], [2]]","[17, 13, 21]","[0.02591014327364507, 0.0028858311530161563, 0.002888080173298238]",0.0005,44,6.5
focus_dev_contention_COMPAT_O1001_N1_P0.2_B4_T0.4_S0_R5_D0.04,63,63,0.022783751133774236,0.022783751133774236,0.0,0.0,1,4,"[[0], [-1, 1], [-1, 2]]","[17, 13, 22]","[0.04130120533872633, 0.002885830761358938, 0.0028849549826345812]",0.0005,46,6.7
focus_dev_contention_COMPAT_O1001_N1_P0.2_B4_T0.4_S0_R5_D0.04,63,63,0.02302896816533015,0.02302896816533015,0.0,0.0,1,4,"[[0], [-1, 1], [-1, 2]]","[17, 13, 22]","[0.04422814451199827, 0.0028858307609875857, 0.0028858299305746372]",0.0005,48,6.9
focus_dev_contention_COMPAT_O1001_N1_P0.2_B4_T0.4_S0_R5_D0.04,63,63,0.023295436483884026,0.023295436483884026,0.0,0.0,1,4,"[[0], [-1, 1], [-1, 2]]","[17, 13, 22]","[0.047735092513844626, 0.002885830760987234, 0.002885830760199873]",0.0005,50,7.1
focus_dev_contention_COMPAT_O1001_N1_P0.2_B4_T0.4_S0_R5_D0.04,63,63,0.01967109576554861,0.01967109576554861,0.0,0.0,1,4,"[[0], [-1, 1], [-1, 2]]","[25, 13, 22]","[0.018337128582950585, 0.0028858307609872336, 0.0028858307609864885]",0.0005,52,7.3
focus_dev_contention_COMPAT_O1001_N1_P0.2_B4_T0.4_S0_R5_D0.04,19,19,0.02100543731443402,0.02100543731443402,0.0,0.0,1,4,"[[0], [-1, 1], [-1, 2]]","[26, 13, 22]","[0.0028587949817501057, 0.025972683333535185, 0.0028858307609872336]",0.0005,54,7.5
focus_dev_contention_COMPAT_O1001_N1_P0.2_B4_T0.4_S0_R5_D0.04,19,19,0.02267782615012405,0.02267782615012405,0.0,0.0,1,4,"[[-1, 0], [1], [-1, 2]]","[27, 13, 22]","[0.0028763383533801073, 0.04020451257528065, 0.0028858307609872336]",0.0005,56,7.7
focus_dev_contention_COMPAT_O1001_N1_P0.2_B4_T0.4_S0_R5_D0.04,19,19,0.023228025144791446,0.023228025144791446,0.0,0.0,1,4,"[[-1, 0], [1], [-1, 2]]","[27, 13, 27]","[0.002885821756281027, 0.04719971216461168, 0.0028574098589168664]",0.0005,58,7.9
focus_dev_contention_COMPAT_O1001_N1_P0.2_B4_T0.4_S0_R5_D0.04,19,19,0.023674341195636286,0.023674341195636286,0.0,0.0,1,4,"[[-1, 0], [1], [-1, 2]]","[27, 13, 27]","[0.002885830752449359, 0.05353625525411255, 0.0028768280718045954]",0.0005,60,8.1
focus_dev_contention_COMPAT_O1001_N1_P0.2_B4_T0.4_S0_R5_D0.04,19,19,0.019452977087451053,0.019452977087451053,0.0,0.0,1,4,"[[-1, 0], [1], [-1, 2]]","[27, 27, 27]","[0.0028858307609791385, 0.017375371571753735, 0.002876841071728326]",0.0005,62,8.3
focus_dev_contention_COMPAT_O1001_N1_P0.2_B4_T0.4_S0_R5_D0.04,19,19,0.019306058419957795,0.019306058419957795,0.0,0.0,1,4,"[[-1, 0], [1], [-1, 2]]","[27, 31, 27]","[0.0028858307609872266, 0.016727202690803817, 0.0028768410804183523]",0.0005,64,8.5
focus_dev_contention_COMPAT_O1001_N1_P0.2_B4_T0.4_S0_R5_D0.04,19,19,0.01943532554510643,0.01943532554510643,0.0,0.0,1,4,"[[-1, 0], [1], [-1, 2]]","[27, 31, 27]","[0.0028858307609872336, 0.017296327293493598, 0.0028768410804241623]",0.0005,66,8.7
focus_dev_contention_COMPAT_O1001_N1_P0.2_B4_T0.4_S0_R5_D0.04,19,19,0.020411949102249055,0.020411949102249055,0.0,0.0,1,4,"[[-1, 0], [1], [-1, 2]]","[27, 33, 27]","[0.0028849686246243582, 0.022167747283330798, 0.0028858222334005998]",0.0005,68,8.9
focus_dev_contention_COMPAT_O1001_N1_P0.2_B4_T0.4_S0_R5_D0.04,19,19,0.022329794552421522,0.022329794552421522,0.0,0.0,1,4,"[[-1, 0], [1], [-1, 2]]","[27, 33, 27]","[0.0028858299435105413, 0.036474494889534054, 0.0028858307529017434]",0.0005,70,9.1
focus_dev_contention_COMPAT_O1001_N1_P0.2_B4_T0.4_S0_R5_D0.04,6,6,0.01924254995544559,0.01924254995544559,0.0003848290701822729,0.0003848290701822729,1,4,"[[-1, 0], [1], [-1, 2]]","[27, 34, 27]","[0.002885830760212138, 0.003131682623202984, 0.015395200875115221]",0.0005,72,9.3
focus_dev_contention_COMPAT_O1001_N1_P0.2_B4_T0.4_S0_R5_D0.04,6,6,0.020574763048355715,0.020574763048355715,0.0,0.0,1,4,"[[-1, 0], [-1, 1], [2]]","[27, 34, 34]","[0.0028858307609864998, 0.002886060942446442, 0.02310171576110635]",0.0005,74,9.5
focus_dev_contention_COMPAT_O1001_N1_P0.2_B4_T0.4_S0_R5_D0.04,6,6,0.020736732181392877,0.020736732181392877,0.0,0.0,1,4,"[[-1, 0], [-1, 1], [2]]","[27, 34, 34]","[0.0028858307609872336, 0.0028858309792327043, 0.02407879554211399]",0.0005,76,9.7
focus_dev_contention_COMPAT_O1001_N1_P0.2_B4_T0.4_S0_R5_D0.04,6,6,0.020654647009842115,0.020654647009842115,0.0,0.0,1,4,"[[-1, 0], [-1, 1], [2]]","[27, 34, 34]","[0.0028858307609872336, 0.0028858307611941657, 0.02357912213165863]",0.0005,78,9.9
focus_dev_contention_COMPAT_O1001_N1_P0.2_B4_T0.4_S0_R5_D0.04,6,6,0.0193363915782448,0.0193363915782448,0.0,0.0,1,4,"[[-1, 0], [-1, 1], [2]]","[27, 34, 34]","[0.0028858307609872336, 0.002876847085564765, 0.016859204538756008]",0.0005,80,10.1
focus_dev_contention_COMPAT_O1001_N1_P0.2_B4_T0.4_S0_R5_D0.04,6,6,0.019386105047136823,0.019386105047136823,0.0,0.0,1,4,"[[-1, 0], [-1, 1], [2]]","[27, 34, 34]","[0.0028858307609872336, 0.0028768410844384014, 0.017077618253766694]",0.0005,82,10.3
focus_dev_contention_COMPAT_O1001_N1_P0.2_B4_T0.4_S0_R5_D0.04,6,6,0.021282974774110786,0.021282974774110786,0.0,0.0,1,4,"[[-1, 0], [-1, 1], [2]]","[27, 34, 34]","[0.0028858307609872336, 0.002885822233404409, 0.0277013982171342]",0.0005,84,10.5
focus_dev_contention_COMPAT_O1001_N1_P0.2_B4_T0.4_S0_R5_D0.04,6,6,0.021243106879205137,0.021243106879205137,0.0,0.0,1,4,"[[-1, 0], [-1, 1], [2]]","[34, 34, 34]","[0.002877073349192702, 0.0028768470798721116, 0.02754372103319344]",0.0005,86,10.7
focus_dev_contention_COMPAT_O1001_N1_P0.2_B4_T0.4_S0_R5_D0.04,6,6,0.02227669781851781,0.02227669781851781,0.0,0.0,1,4,"[[-1, 0], [-1, 1], [2]]","[34, 34, 34]","[0.002885554009642861, 0.002876841084434596, 0.03604701894163655]",0.0005,88,10.9
focus_dev_contention_COMPAT_O1001_N1_P0.2_B4_T0.4_S0_R5_D0.04,6,6,0.02066724726893215,0.02066724726893215,0.0,0.0,1,4,"[[-1, 0], [-1, 1], [2]]","[34, 34, 34]","[0.002885830498579872, 0.002876841080426847, 0.02370950210703076]",0.0005,90,11.1
focus_dev_contention_COMPAT_O1001_N1_P0.2_B4_T0.4_S0_R5_D0.04,6,6,0.020613687666430982,0.020613687666430982,0.0,0.0,1,4,"[[-1, 0], [-1, 1], [2]]","[34, 34, 34]","[0.0028858307607384313, 0.0028574074059560116, 0.023503757574053246]",0.0005,92,11.3
focus_dev_contention_COMPAT_O1001_N1_P0.2_B4_T0.4_S0_R5_D0.04,63,63,0.019329622916629124,0.019329622916629124,0.0004723938712431555,0.0004723938712431555,1,4,"[[-1, 0], [-1, 1], [2]]","[34, 34, 34]","[0.015248039732839256, 0.0028849541340510917, 0.003256246481633054]",0.0005,94,11.5
focus_dev_contention_COMPAT_O1001_N1_P0.2_B4_T0.4_S0_R5_D0.04,63,63,0.02215508092952736,0.02215508092952736,0.0,0.0,1,8,"[[-1, 0], [-1, 1], [-1, 2]]","[34, 34, 34]","[0.034802881930251946, 0.002885829929769974, 0.0028861753760874467]",0.0005,96,11.7
focus_dev_contention_COMPAT_O1001_N1_P0.2_B4_T0.4_S0_R5_D0.04,63,63,0.022914455501066685,0.022914455501066685,0.0,0.0,1,4,"[[0], [-1, 1], [-1, 2]]","[34, 34, 34]","[0.04282432314397388, 0.0028858307601991096, 0.002885831087730491]",0.0005,98,11.9
focus_dev_contention_COMPAT_O1001_N1_P0.2_B4_T0.4_S0_R5_D0.04,63,63,0.023316882424604307,0.023316882424604307,0.0,0.0,1,4,"[[0], [-1, 1], [-1, 2]]","[34, 34, 34]","[0.04803308229106137, 0.0028858307609864868, 0.0028858307612970382]",0.0005,100,12.1
focus_dev_contention_COMPAT_O1001_N1_P0.2_B4_T0.4_S0_R5_D0.04,63,63,0.023472550318901816,0.023472550318901816,0.0,0.0,1,4,"[[0], [-1, 1], [-1, 2]]","[34, 34, 34]","[0.050272516909231624, 0.0028858307609872336, 0.0028858307609875276]",0.0005,102,12.3
focus_dev_contention_COMPAT_O1001_N1_P0.2_B4_T0.4_S0_R5_D0.04,63,63,0.023360125160126276,0.023360125160126276,0.0,0.0,1,4,"[[0], [-1, 1], [-1, 2]]","[34, 34, 34]","[0.04865375935181883, 0.0028858307609872336, 0.0028849686246243587]",0.0005,104,12.5
focus_dev_contention_COMPAT_O1001_N1_P0.2_B4_T0.4_S0_R5_D0.04,63,63,0.023251878024367335,0.023251878024367335,0.0,0.0,1,4,"[[0], [-1, 1], [-1, 2]]","[34, 34, 34]","[0.047526343488880234, 0.0028858307609872336, 0.0028574020839012594]",0.0005,106,12.7
focus_dev_contention_COMPAT_O1001_N1_P0.2_B4_T0.4_S0_R5_D0.04,63,63,0.020754614811913243,0.020754614811913243,0.0,0.0,1,4,"[[0], [-1, 1], [-1, 2]]","[34, 34, 34]","[0.024306778997536287, 0.0028763379566348374, 0.0028763377549708346]",0.0005,108,12.9
focus_dev_contention_COMPAT_O1001_N1_P0.2_B4_T0.4_S0_R5_D0.04,63,63,0.019434798859955537,0.019434798859955537,0.0,0.0,1,4,"[[0], [-1, 1], [-1, 2]]","[34, 34, 34]","[0.017294015496511484, 0.0028858217559044816, 0.0028768407439547297]",0.0005,110,13.1
focus_dev_contention_COMPAT_O1001_N1_P0.2_B4_T0.4_S0_R5_D0.04,63,63,0.01936955945476154,0.01936955945476154,0.0,0.0,1,4,"[[0], [-1, 1], [-1, 2]]","[34, 34, 34]","[0.01704426335350894, 0.0028768412306379456, 0.002876841080199247]",0.0005,112,13.3
focus_dev_contention_COMPAT_O1001_N1_P0.2_B4_T0.4_S0_R5_D0.04,63,63,0.021979335615012124,0.021979335615012124,0.0,0.0,1,4,"[[0], [-1, 1], [-1, 2]]","[34, 34, 34]","[0.03337742449044567, 0.0028768410805245794, 0.0028768410804240157]",0.0005,114,13.5
focus_dev_contention_COMPAT_O1001_N1_P0.2_B4_T0.4_S0_R5_D0.04,63,63,0.020381384415568457,0.020381384415568457,0.0,0.0,1,4,"[[0], [-1, 1], [-1, 2]]","[34, 34, 34]","[0.022150765328772026, 0.0028574074059560376, 0.002885822233400599]",0.0005,116,13.7
focus_dev_contention_COMPAT_O1001_N1_P0.2_B4_T0.4_S0_R5_D0.04,63,63,0.01945228811214636,0.01945228811214636,0.0,0.0,1,4,"[[0], [-1, 1], [-1, 2]]","[58, 34, 34]","[0.01733591523556895, 0.0028849541340510917, 0.0028858307529017434]",0.0005,118,13.9
focus_dev_contention_COMPAT_O1001_N1_P0.2_B4_T0.4_S0_R5_D0.04,63,63,0.020640757018300086,0.020640757018300086,0.0,0.0,1,4,"[[0], [-1, 1], [-1, 2]]","[58, 34, 58]","[0.023666795722818348, 0.002885829929769974, 0.002857409858914661]",0.0005,120,14.1
focus_dev_contention_COMPAT_O1001_N1_P0.2_B4_T0.4_S0_R5_D0.04,63,63,0.02234373157896101,0.02234373157896101,0.0,0.0,1,4,"[[0], [-1, 1], [-1, 2]]","[58, 34, 58]","[0.03689354387434955, 0.0028858307601991096, 0.00285740208390126]",0.0005,122,14.3
focus_dev_contention_COMPAT_O1001_N1_P0.2_B4_T0.4_S0_R5_D0.04,63,63,0.023248843769479582,0.023248843769479582,0.0,0.0,1,4,"[[0], [-1, 1], [-1, 2]]","[58, 34, 60]","[0.047108025164260194, 0.0028858307609864868, 0.002884954131327723]",0.0005,124,14.5
focus_dev_contention_COMPAT_O1001_N1_P0.2_B4_T0.4_S0_R5_D0.04,63,63,0.023325366314288932,0.023325366314288932,0.0,0.0,1,4,"[[0], [-1, 1], [-1, 2]]","[58, 34, 60]","[0.048151661104365424, 0.0028858307609872336, 0.002885829929767392]",0.0005,126,14.7
focus_dev_contention_COMPAT_O1001_N1_P0.2_B4_T0.4_S0_R5_D0.04,63,63,0.023178853629586323,0.023178853629586323,0.0,0.0,1,4,"[[0], [-1, 1], [-1, 2]]","[58, 34, 60]","[0.04615735445265602, 0.0028858307609872336, 0.0028858307601991083]",0.0005,128,14.9
focus_dev_contention_COMPAT_O1001_N1_P0.2_B4_T0.4_S0_R5_D0.04,63,63,0.02348445904588238,0.02348445904588238,0.0,0.0,1,4,"[[0], [-1, 1], [-1, 2]]","[58, 34, 60]","[0.0504495751912369, 0.0028858307609872336, 0.0028858307609864868]",0.0005,130,15.1
focus_dev_contention_COMPAT_O1001_N1_P0.2_B4_T0.4_S0_R5_D0.04,63,63,0.020698247579324973,0.020698247579324973,0.0,0.0,1,4,"[[0], [-1, 1], [-1, 2]]","[65, 34, 60]","[0.02384318382927477, 0.0028858307609872336, 0.0028858307609872336]",0.0005,132,15.3
focus_dev_contention_COMPAT_O1001_N1_P0.2_B4_T0.4_S0_R5_D0.04,63,63,0.02073557637064755,0.02073557637064755,0.0,0.0,1,4,"[[0], [-1, 1], [-1, 2]]","[65, 65, 60]","[0.024076989836206406, 0.0028849686246243582, 0.0028858307609872336]",0.0005,134,15.5
focus_dev_contention_COMPAT_O1001_N1_P0.2_B4_T0.4_S0_R5_D0.04,6,6,0.0192061250498631,0.0192061250498631,0.00036890133914344037,0.00036890133914344037,1,4,"[[0], [-1, 1], [-1, 2]]","[65, 65, 60]","[0.0030886490960143355, 0.0028858299435105413, 0.015421894190343942]",0.0005,136,15.7
focus_dev_contention_COMPAT_O1001_N1_P0.2_B4_T0.4_S0_R5_D0.04,6,6,0.02189679785687966,0.02189679785687966,0.0,0.0,1,4,"[[-1, 0], [-1, 1], [2]]","[65, 65, 60]","[0.0028860210697742024, 0.002885830760212138, 0.03250162845618683]",0.0005,138,15.9
focus_dev_contention_COMPAT_O1001_N1_P0.2_B4_T0.4_S0_R5_D0.04,6,6,0.02284960222672571,0.02284960222672571,0.0,0.0,1,4,"[[-1, 0], [-1, 1], [2]]","[65, 65, 60]","[0.0028858309414279883, 0.0028858307609864998, 0.0420546744015096]",0.0005,140,16.1
focus_dev_contention_COMPAT_O1001_N1_P0.2_B4_T0.4_S0_R5_D0.04,6,6,0.02110990278150646,0.02110990278150646,0.0,0.0,1,4,"[[-1, 0], [-1, 1], [2]]","[65, 65, 71]","[0.002876847085685079, 0.0028858307609872336, 0.02655544598881767]",0.0005,142,16.3
focus_dev_contention_COMPAT_O1001_N1_P0.2_B4_T0.4_S0_R5_D0.04,6,6,0.020721743147603687,0.020721743147603687,0.0,0.0,1,4,"[[-1, 0], [-1, 1], [2]]","[65, 65, 72]","[0.002885822239099819, 0.0028858307609872336, 0.023986797159461292]",0.0005,144,16.5
focus_dev_contention_COMPAT_O1001_N1_P0.2_B4_T0.4_S0_R5_D0.04,6,6,0.02057417288496318,0.02057417288496318,0.0,0.0,1,4,"[[-1, 0], [-1, 1], [2]]","[65, 65, 72]","[0.002885560976206694, 0.0028858307609872336, 0.023101183871893465]",0.0005,146,16.7
focus_dev_contention_COMPAT_O1001_N1_P0.2_B4_T0.4_S0_R5_D0.04,6,6,0.020649069815775783,0.020649069815775783,0.0,0.0,1,4,"[[-1, 0], [-1, 1], [2]]","[65, 65, 73]","[0.002885822239094306, 0.0028858307609872336, 0.023545613491685945]",0.0005,148,16.9
focus_dev_contention_COMPAT_O1001_N1_P0.2_B4_T0.4_S0_R5_D0.04,6,6,0.020611618623163235,0.020611618623163235,0.0,0.0,1,4,"[[-1, 0], [-1, 1], [2]]","[65, 65, 74]","[0.002885830752907142, 0.0028858307609872336, 0.023321471144664194]",0.0005,150,17.1
focus_dev_contention_COMPAT_O1001_N1_P0.2_B4_T0.4_S0_R5_D0.04,6,6,0.022496590358278258,0.022496590358278258,0.0,0.0,1,4,"[[-1, 0], [-1, 1], [2]]","[65, 65, 74]","[0.0028858307609795726, 0.0028858307609872336, 0.038158873657209755]",0.0005,152,17.3
focus_dev_contention_COMPAT_O1001_N1_P0.2_B4_T0.4_S0_R5_D0.04,6,6,0.022993551152683374,0.022993551152683374,0.0,0.0,1,4,"[[-1, 0], [-1, 1], [2]]","[65, 65, 74]","[0.0028858307609872266, 0.0028858307609872336, 0.04378768682775974]",0.0005,154,17.5
focus_dev_contention_COMPAT_O1001_N1_P0.2_B4_T0.4_S0_R5_D0.04,6,6,0.023246932977231672,0.023246932977231672,0.0,0.0,1,4,"[[-1, 0], [-1, 1], [2]]","[65, 65, 74]","[0.0028858307609872336, 0.0028858307609872336, 0.047070145652481674]",0.0005,156,17.7
focus_dev_contention_COMPAT_O1001_N1_P0.2_B4_T0.4_S0_R5_D0.04,6,6,0.023453079666806893,0.023453079666806893,0.0,0.0,1,4,"[[-1, 0], [-1, 1], [2]]","[65, 65, 74]","[0.0028858307609872336, 0.0028858307609872336, 0.04998483260745824]",0.0005,158,17.9
focus_dev_contention_COMPAT_O1001_N1_P0.2_B4_T0.4_S0_R5_D0.04,6,6,0.023605716047839016,0.023605716047839016,0.0,0.0,1,4,"[[-1, 0], [-1, 1], [2]]","[65, 65, 74]","[0.0028858307609872336, 0.0028858307609872336, 0.05230157601457304]",0.0005,160,18.1
focus_dev_contention_COMPAT_O1001_N1_P0.2_B4_T0.4_S0_R5_D0.04,6,6,0.0213248189714286,0.0213248189714286,0.0,0.0,1,4,"[[-1, 0], [-1, 1], [2]]","[73, 65, 79]","[0.0028855609829879594, 0.0028858307609872336, 0.028004070905930906]",0.0005,162,18.3
focus_dev_contention_COMPAT_O1001_N1_P0.2_B4_T0.4_S0_R5_D0.04,6,6,0.020583176533431502,0.020583176533431502,0.0,0.0,1,4,"[[-1, 0], [-1, 1], [2]]","[73, 76, 79]","[0.0028858305051918808, 0.002857871433606236, 0.023318598289149582]",0.0005,164,18.5
focus_dev_contention_COMPAT_O1001_N1_P0.2_B4_T0.4_S0_R5_D0.04,63,63,0.019381259094029074,0.019381259094029074,0.0,0.0,1,4,"[[-1, 0], [-1, 1], [2]]","[73, 76, 79]","[0.017034114397580277, 0.0028855386868191927, 0.0028821449791126565]",0.0005,166,18.7
focus_dev_contention_COMPAT_O1001_N1_P0.2_B4_T0.4_S0_R5_D0.04,63,63,0.02182017373589694,0.02182017373589694,0.0,0.0,1,4,"[[0], [-1, 1], [-1, 2]]","[73, 76, 79]","[0.03185483366972032, 0.0028858304840510087, 0.0028858272656230757]",0.0005,168,18.9
focus_dev_contention_COMPAT_O1001_N1_P0.2_B4_T0.4_S0_R5_D0.04,19,19,0.021036447564124386,0.021036447564124386,0.0,0.0,1,4,"[[0], [-1, 1], [-1, 2]]","[73, 83, 83]","[0.002896830292640969, 0.025931648225339884, 0.002884968622848998]",0.0005,170,19.1
focus_dev_contention_COMPAT_O1001_N1_P0.2_B4_T0.4_S0_R5_D0.04,19,19,0.02254547418432395,0.02254547418432395,0.0,0.0,1,4,"[[-1, 0], [1], [-1, 2]]","[73, 83, 83]","[0.0028858411843403838, 0.03867047684564955, 0.0028858299435088573]",0.0005,172,19.3
focus_dev_contention_COMPAT_O1001_N1_P0.2_B4_T0.4_S0_R5_D0.04,19,19,0.020638231149472174,0.020638231149472174,0.0,0.0,1,4,"[[-1, 0], [1], [-1, 2]]","[73, 86, 83]","[0.002885830770870199, 0.02348048242428655, 0.0028858307602121357]",0.0005,174,19.5
focus_dev_contention_COMPAT_O1001_N1_P0.2_B4_T0.4_S0_R5_D0.04,19,19,0.021883978510945395,0.021883978510945395,0.0,0.0,1,4,"[[-1, 0], [1], [-1, 2]]","[73, 87, 83]","[0.0028858307609966045, 0.03239370852957755, 0.0028858307609864998]",0.0005,176,19.7
focus_dev_contention_COMPAT_O1001_N1_P0.2_B4_T0.4_S0_R5_D0.04,19,19,0.022883070180155635,0.022883070180155635,0.0,0.0,1,4,"[[-1, 0], [1], [-1, 2]]","[73, 87, 83]","[0.0028858307609872427, 0.0424496265658769, 0.0028858307609872336]",0.0005,178,19.9
focus_dev_contention_COMPAT_O1001_N1_P0.2_B4_T0.4_S0_R5_D0.04,6,6,0.019339336991233903,0.019339336991233903,0.0005752875901058815,0.0005752875901058815,1,4,"[[-1, 0], [1], [-1, 2]]","[73, 87, 83]","[0.002885830760987234, 0.00330872178090966, 0.015074210262166253]",0.0005,180,20.1
focus_dev_contention_COMPAT_O1001_N1_P0.2_B4_T0.4_S0_R5_D0.04,6,6,0.022117788500803596,0.022117788500803596,0.0,0.0,1,4,"[[-1, 0], [-1, 1], [2]]","[73, 87, 83]","[0.0028858307609872336, 0.002886223152169008, 0.034458317346395845]",0.0005,182,20.3
focus_dev_contention_COMPAT_O1001_N1_P0.2_B4_T0.4_S0_R5_D0.04,6,6,0.02324308820098153,0.02324308820098153,0.0,0.0,1,4,"[[-1, 0], [-1, 1], [2]]","[73, 87, 83]","[0.0028858307609872336, 0.0028858311330279733, 0.04701795840537854]",0.0005,184,20.5
focus_dev_contention_COMPAT_O1001_N1_P0.2_B4_T0.4_S0_R5_D0.04,6,6,0.023431656362988953,0.023431656362988953,0.0,0.0,1,4,"[[-1, 0], [-1, 1], [2]]","[73, 87, 83]","[0.0028858307609872336, 0.0028858307613399874, 0.0496708577327046]",0.0005,186,20.7
focus_dev_contention_COMPAT_O1001_N1_P0.2_B4_T0.4_S0_R5_D0.04,6,6,0.0234735761624035,0.0234735761624035,0.0,0.0,1,4,"[[-1, 0], [-1, 1], [2]]","[73, 87, 83]","[0.0028858307609872336, 0.0028858307609875697, 0.050287735990856425]",0.0005,188,20.9
focus_dev_contention_COMPAT_O1001_N1_P0.2_B4_T0.4_S0_R5_D0.04,6,6,0.023664137351909552,0.023664137351909552,0.0,0.0,1,4,"[[-1, 0], [-1, 1], [2]]","[73, 87, 83]","[0.0028858307609872336, 0.002885830760987234, 0.05322707756691539]",0.0005,190,21.1
focus_dev_contention_COMPAT_O1001_N1_P0.2_B4_T0.4_S0_R5_D0.04,6,6,0.02376850859248189,0.02376850859248189,0.0,0.0,1,4,"[[-1, 0], [-1, 1], [2]]","[73, 87, 83]","[0.0028858307609872336, 0.0028858307609872336, 0.054937469909363115]",0.0005,192,21.3
focus_dev_contention_COMPAT_O1001_N1_P0.2_B4_T0.4_S0_R5_D0.04,6,6,0.020923854811168253,0.020923854811168253,0.0,0.0,1,4,"[[-1, 0], [-1, 1], [2]]","[73, 87, 93]","[0.0028858307609872336, 0.0028858307609872336, 0.02525947977807105]",0.0005,194,21.5
focus_dev_contention_COMPAT_O1001_N1_P0.2_B4_T0.4_S0_R5_D0.04,19,19,0.019362361274002614,0.019362361274002614,0.000405887444018288,0.000405887444018288,1,4,"[[-1, 0], [-1, 1], [2]]","[73, 87, 93]","[0.0028858307609872336, 0.015359873991889372, 0.0032602561462692086]",0.0005,196,21.7
focus_dev_contention_COMPAT_O1001_N1_P0.2_B4_T0.4_S0_R5_D0.04,19,19,0.019340812491877163,0.019340812491877163,0.0,0.0,1,4,"[[-1, 0], [1], [-1, 2]]","[73, 97, 97]","[0.0028858307609872336, 0.016877461866973913, 0.0028770900203918272]",0.0005,198,21.9
focus_dev_contention_COMPAT_O1001_N2_P0.2_B4_T0.4_S0_R5_D0.04,63,63,0.028139607625449474,0.028139607625449474,0.0,0.0,1,1,"[[0], [1], [2]]","[0, 0, 0]","[0.2139330616152421, 0.0034879554772884822, 0.0034879554772884822]",0.0005,0,2.1
focus_dev_contention_COMPAT_O1001_N2_P0.2_B4_T0.4_S0_R5_D0.04,63,63,0.025369696765410666,0.025369696765410666,0.0,0.0,1,4,"[[0], [-1, 1], [-1, 2]]","[0, 0, 0]","[0.09543297286410071, 0.002886384440197671, 0.0028852521385171978]",0.0005,2,2.3
focus_dev_contention_COMPAT_O1001_N2_P0.2_B4_T0.4_S0_R5_D0.04,63,63,0.024036303605097745,0.024036303605097745,0.0,0.0,1,4,"[[0], [-1, 1], [-1, 2]]","[0, 0, 0]","[0.05969203925385182, 0.0028858312859468016, 0.0028858302123461223]",0.0005,4,2.5
focus_dev_contention_COMPAT_O1001_N2_P0.2_B4_T0.4_S0_R5_D0.04,63,63,0.02377055025229389,0.02377055025229389,0.0,0.0,1,4,"[[0], [-1, 1], [-1, 2]]","[0, 0, 0]","[0.054971681272693494, 0.0028858307614849786, 0.0028858307604670373]",0.0005,6,2.7
focus_dev_contention_COMPAT_O1001_N2_P0.2_B4_T0.4_S0_R5_D0.04,63,63,0.023730816258601798,0.023730816258601798,0.0,0.0,1,4,"[[0], [-1, 1], [-1, 2]]","[0, 0, 0]","[0.05431113916602196, 0.0028858307609877067, 0.00288583076098674]",0.0005,8,2.9
focus_dev_contention_COMPAT_O1001_N2_P0.2_B4_T0.4_S0_R5_D0.04,19,19,0.020942649058555696,0.020942649058555696,0.0,0.0,1,4,"[[0], [-1, 1], [-1, 2]]","[0, 0, 0]","[0.002899161469452073, 0.02529485318979126, 0.0028858307609872327]",0.0005,10,3.1
focus_dev_contention_COMPAT_O1001_N2_P0.2_B4_T0.4_S0_R5_D0.04,19,19,0.022751313244000662,0.022751313244000662,0.0,0.0,1,4,"[[-1, 0], [1], [-1, 2]]","[0, 0, 0]","[0.0028858433918844233, 0.04092139788148025, 0.0028858307609872336]",0.0005,12,3.3
focus_dev_contention_COMPAT_O1001_N2_P0.2_B4_T0.4_S0_R5_D0.04,19,19,0.023241482600632073,0.023241482600632073,0.0,0.0,1,4,"[[-1, 0], [1], [-1, 2]]","[0, 0, 0]","[0.0028858307729632948, 0.046996194378457555, 0.0028858307609872336]",0.0005,14,3.5
focus_dev_contention_COMPAT_O1001_N2_P0.2_B4_T0.4_S0_R5_D0.04,19,19,0.023568865997577647,0.023568865997577647,0.0,0.0,1,4,"[[-1, 0], [1], [-1, 2]]","[0, 0, 1]","[0.00288583076099859, 0.0517423951721432, 0.0028849686246243582]",0.0005,16,3.7
focus_dev_contention_COMPAT_O1001_N2_P0.2_B4_T0.4_S0_R5_D0.04,19,19,0.02120570456471692,0.02120570456471692,0.0,0.0,1,4,"[[-1, 0], [1], [-1, 2]]","[1, 1, 1]","[0.0028768470855646345, 0.027418125484384066, 0.0028574020839012594]",0.0005,18,3.9
focus_dev_contention_COMPAT_O1001_N2_P0.2_B4_T0.4_S0_R5_D0.04,19,19,0.02110216164689746,0.02110216164689746,0.0,0.0,1,4,"[[-1, 0], [1], [-1, 2]]","[1, 1, 1]","[0.002857723393535268, 0.026694963340634485, 0.002876828066591643]",0.0005,20,4.1
focus_dev_contention_COMPAT_O1001_N2_P0.2_B4_T0.4_S0_R5_D0.04,19,19,0.021210330903591375,0.021210330903591375,0.0,0.0,1,4,"[[-1, 0], [1], [-1, 2]]","[1, 1, 1]","[0.002884954295739511, 0.027193730630039825, 0.0028858222210499675]",0.0005,22,4.3
focus_dev_contention_COMPAT_O1001_N2_P0.2_B4_T0.4_S0_R5_D0.04,19,19,0.022711265194406305,0.022711265194406305,0.0,0.0,1,4,"[[-1, 0], [1], [-1, 2]]","[1, 1, 1]","[0.0028858299299232945, 0.04047096203560342, 0.0028858307528900323]",0.0005,24,4.5
focus_dev_contention_COMPAT_O1001_N2_P0.2_B4_T0.4_S0_R5_D0.04,19,19,0.02335754651362992,0.02335754651362992,0.0,0.0,1,4,"[[-1, 0], [1], [-1, 2]]","[1, 1, 1]","[0.0028858307601992554, 0.04860495395568453, 0.002885830760979557]",0.0005,26,4.7
focus_dev_contention_COMPAT_O1001_N2_P0.2_B4_T0.4_S0_R5_D0.04,19,19,0.023411388474986597,0.023411388474986597,0.0,0.0,1,4,"[[-1, 0], [1], [-1, 2]]","[1, 1, 1]","[0.002885830760986487, 0.04937625647090125, 0.0028858307609872266]",0.0005,28,4.9
focus_dev_contention_COMPAT_O1001_N2_P0.2_B4_T0.4_S0_R5_D0.04,19,19,0.02366265113879899,0.02366265113879899,0.0,0.0,1,4,"[[-1, 0], [1], [-1, 2]]","[1, 1, 1]","[0.0028858307609872336, 0.05320325569259925, 0.0028858307609872336]",0.0005,30,5.1
focus_dev_contention_COMPAT_O1001_N2_P0.2_B4_T0.4_S0_R5_D0.04,19,19,0.019407474194209504,0.019407474194209504,0.0,0.0,1,4,"[[-1, 0], [1], [-1, 2]]","[1, 14, 1]","[0.0028858307609872336, 0.01713239138374721, 0.0028858307609872336]",0.0005,32,5.3
focus_dev_contention_COMPAT_O1001_N2_P0.2_B4_T0.4_S0_R5_D0.04,19,19,0.019463817729477945,0.019463817729477945,0.0,0.0,1,4,"[[-1, 0], [1], [-1, 2]]","[15, 14, 1]","[0.0028849686246243582, 0.017387549667814296, 0.0028858307609872336]",0.0005,34,5.5
focus_dev_contention_COMPAT_O1001_N2_P0.2_B4_T0.4_S0_R5_D0.04,19,19,0.01944282879821887,0.01944282879821887,0.0,0.0,1,4,"[[-1, 0], [1], [-1, 2]]","[15, 14, 1]","[0.0028858299435105413, 0.01728968945626736, 0.0028858307609872336]",0.0005,36,5.7
focus_dev_contention_COMPAT_O1001_N2_P0.2_B4_T0.4_S0_R5_D0.04,19,19,0.02121600936632745,0.02121600936632745,0.0,0.0,1,4,"[[-1, 0], [1], [-1, 2]]","[15, 14, 17]","[0.002885830760212138, 0.02742740693662985, 0.0028574098589168664]",0.0005,38,5.9
focus_dev_contention_COMPAT_O1001_N2_P0.2_B4_T0.4_S0_R5_D0.04,6,6,0.01914225655764904,0.01914225655764904,0.000874813517860451,0.000874813517860451,1,4,"[[-1, 0], [1], [-1, 2]]","[15, 14, 17]","[0.002857409858916654, 0.00327106766363401, 0.014562340643341104]",0.0005,40,6.1
focus_dev_contention_COMPAT_O1001_N2_P0.2_B4_T0.4_S0_R5_D0.04,6,6,0.021978121810372675,0.021978121810372675,0.0,0.0,1,8,"[[-1, 0], [-1, 1], [-1, 2]]","[15, 14, 17]","[0.0028849541353063043, 0.002885746487550917, 0.03321683558630006]",0.0005,42,6.3
focus_dev_contention_COMPAT_O1001_N2_P0.2_B4_T0.4_S0_R5_D0.04,63,63,0.02103418363135758,0.02103418363135758,0.0,0.0,1,4,"[[-1, 0], [-1, 1], [2]]","[15, 14, 17]","[0.02590952183310732, 0.002885830681082473, 0.0028970317144509238]",0.0005,44,6.5
focus_dev_contention_COMPAT_O1001_N2_P0.2_B4_T0.4_S0_R5_D0.04,63,63,0.022756499409506865,0.022756499409506865,0.0,0.0,1,4,"[[0], [-1, 1], [-1, 2]]","[15, 14, 17]","[0.04130085174371548, 0.0028577234899554416, 0.002885841375100873]",0.0005,46,6.7
focus_dev_contention_COMPAT_O1001_N2_P0.2_B4_T0.4_S0_R5_D0.04,63,63,0.02302808180168845,0.02302808180168845,0.0,0.0,1,4,"[[0], [-1, 1], [-1, 2]]","[15, 14, 17]","[0.044228010093497194, 0.002884954295788846, 0.0028858307710510713]",0.0005,48,6.9
focus_dev_contention_COMPAT_O1001_N2_P0.2_B4_T0.4_S0_R5_D0.04,63,63,0.02329456996834062,0.02329456996834062,0.0,0.0,1,4,"[[0], [-1, 1], [-1, 2]]","[15, 14, 17]","[0.04773503806682454, 0.002884968179400955, 0.002885830760996777]",0.0005,50,7.1
focus_dev_contention_COMPAT_O1001_N2_P0.2_B4_T0.4_S0_R5_D0.04,63,63,0.02230056611769765,0.02230056611769765,0.0,0.0,1,4,"[[0], [-1, 1], [-1, 2]]","[15, 24, 17]","[0.03619144774479075, 0.0028855534328796825, 0.002885830760987243]",0.0005,52,7.3
focus_dev_contention_COMPAT_O1001_N2_P0.2_B4_T0.4_S0_R5_D0.04,19,19,0.021014163220914032,0.021014163220914032,0.0,0.0,1,4,"[[0], [-1, 1], [-1, 2]]","[15, 25, 17]","[0.002897435389817841, 0.025774147360994815, 0.002885830760987234]",0.0005,54,7.5
focus_dev_contention_COMPAT_O1001_N2_P0.2_B4_T0.4_S0_R5_D0.04,19,19,0.02267782356662683,0.02267782356662683,0.0,0.0,1,4,"[[-1, 0], [1], [-1, 2]]","[15, 25, 17]","[0.002885841757397625, 0.0400993573797118, 0.0028858307609872336]",0.0005,56,7.7
focus_dev_contention_COMPAT_O1001_N2_P0.2_B4_T0.4_S0_R5_D0.04,19,19,0.023252976772124453,0.023252976772124453,0.0,0.0,1,4,"[[-1, 0], [1], [-1, 2]]","[15, 25, 17]","[0.0028858307714135474, 0.04715232848263734, 0.0028858307609872336]",0.0005,58,7.9
focus_dev_contention_COMPAT_O1001_N2_P0.2_B4_T0.4_S0_R5_D0.04,19,19,0.0236819248572581,0.0236819248572581,0.0,0.0,1,4,"[[-1, 0], [1], [-1, 2]]","[15, 25, 17]","[0.0028858307609971193, 0.05351332785532725, 0.0028858307609872336]",0.0005,60,8.1
focus_dev_contention_COMPAT_O1001_N2_P0.2_B4_T0.4_S0_R5_D0.04,19,19,0.023627372012065304,0.023627372012065304,0.0,0.0,1,4,"[[-1, 0], [1], [-1, 2]]","[15, 25, 17]","[0.002885830760987243, 0.05264205415883195, 0.0028858307609872336]",0.0005,62,8.3
focus_dev_contention_COMPAT_O1001_N2_P0.2_B4_T0.4_S0_R5_D0.04,19,19,0.02337536638162922,0.02337536638162922,0.0,0.0,1,4,"[[-1, 0], [1], [-1, 2]]","[28, 25, 17]","[0.002857402210640678, 0.04926648659467096, 0.0028858307609872336]",0.0005,64,8.5
focus_dev_contention_COMPAT_O1001_N2_P0.2_B4_T0.4_S0_R5_D0.04,19,19,0.022231876402990878,0.022231876402990878,0.0,0.0,1,4,"[[-1, 0], [1], [-1, 2]]","[28, 29, 17]","[0.0028849541313925764, 0.035536183091200636, 0.0028858307609872336]",0.0005,66,8.7
focus_dev_contention_COMPAT_O1001_N2_P0.2_B4_T0.4_S0_R5_D0.04,19,19,0.02117769227533872,0.02117769227533872,0.0,0.0,1,4,"[[-1, 0], [1], [-1, 2]]","[28, 29, 29]","[0.002885829929767454, 0.02702252172022453, 0.0028768412356853556]",0.0005,68,8.9
focus_dev_contention_COMPAT_O1001_N2_P0.2_B4_T0.4_S0_R5_D0.04,19,19,0.022547916883723637,0.022547916883723637,0.0,0.0,1,4,"[[-1, 0], [1], [-1, 2]]","[28, 29, 29]","[0.002885830760199107, 0.03879147503079913, 0.0028768410805279534]",0.0005,70,9.1
focus_dev_contention_COMPAT_O1001_N2_P0.2_B4_T0.4_S0_R5_D0.04,6,6,0.019341199476396828,0.019341199476396828,0.0005347776199542409,0.0005347776199542409,1,4,"[[-1, 0], [1], [-1, 2]]","[28, 29, 29]","[0.0028849686246239575, 0.003294185483553344, 0.015142766716929398]",0.0005,72,9.3
focus_dev_contention_COMPAT_O1001_N2_P0.2_B4_T0.4_S0_R5_D0.04,6,6,0.020562034214144126,0.020562034214144126,0.0,0.0,1,4,"[[-1, 0], [-1, 1], [2]]","[28, 29, 29]","[0.002885803773883274, 0.002877111362835961, 0.023079599312590123]",0.0005,74,9.5
focus_dev_contention_COMPAT_O1001_N2_P0.2_B4_T0.4_S0_R5_D0.04,6,6,0.020736247212706442,0.020736247212706442,0.0,0.0,1,4,"[[-1, 0], [-1, 1], [2]]","[28, 36, 37]","[0.0028858307353991984, 0.002885554039932517, 0.024077515630432502]",0.0005,76,9.7
focus_dev_contention_COMPAT_O1001_N2_P0.2_B4_T0.4_S0_R5_D0.04,6,6,0.020654627325534428,0.020654627325534428,0.0,0.0,1,4,"[[-1, 0], [-1, 1], [2]]","[28, 36, 38]","[0.0028858224538095244, 0.002885830498608592, 0.02357905520280282]",0.0005,78,9.9
focus_dev_contention_COMPAT_O1001_N2_P0.2_B4_T0.4_S0_R5_D0.04,6,6,0.021165285583750595,0.021165285583750595,0.0,0.0,1,4,"[[-1, 0], [-1, 1], [2]]","[28, 36, 38]","[0.0028858307531107255, 0.0028858307607384586, 0.026874155168135377]",0.0005,80,10.1
focus_dev_contention_COMPAT_O1001_N2_P0.2_B4_T0.4_S0_R5_D0.04,6,6,0.021224546905338235,0.021224546905338235,0.0,0.0,1,4,"[[-1, 0], [-1, 1], [2]]","[28, 38, 38]","[0.002885830760979767, 0.0028855540096426953, 0.027289202985201134]",0.0005,82,10.3
focus_dev_contention_COMPAT_O1001_N2_P0.2_B4_T0.4_S0_R5_D0.04,6,6,0.019424993930131584,0.019424993930131584,0.0,0.0,1,4,"[[-1, 0], [-1, 1], [2]]","[28, 38, 38]","[0.002885830760987226, 0.0028858304985798717, 0.017210177609248]",0.0005,84,10.5
focus_dev_contention_COMPAT_O1001_N2_P0.2_B4_T0.4_S0_R5_D0.04,6,6,0.019411667672339265,0.019411667672339265,0.0,0.0,1,4,"[[-1, 0], [-1, 1], [2]]","[28, 38, 38]","[0.0028858307609872336, 0.0028858307607384313, 0.01715098109027703]",0.0005,86,10.7
focus_dev_contention_COMPAT_O1001_N2_P0.2_B4_T0.4_S0_R5_D0.04,6,6,0.019445772609142323,0.019445772609142323,0.0,0.0,1,4,"[[-1, 0], [-1, 1], [2]]","[28, 38, 38]","[0.0028858307609872336, 0.0028858307609869976, 0.017302841237704043]",0.0005,88,10.9
focus_dev_contention_COMPAT_O1001_N2_P0.2_B4_T0.4_S0_R5_D0.04,6,6,0.020529650807569987,0.020529650807569987,0.0,0.0,1,4,"[[-1, 0], [-1, 1], [2]]","[28, 38, 44]","[0.0028858307609872336, 0.002885830760987234, 0.022838580918464874]",0.0005,90,11.1
focus_dev_contention_COMPAT_O1001_N2_P0.2_B4_T0.4_S0_R5_D0.04,6,6,0.022439496429554003,0.022439496429554003,0.0,0.0,1,4,"[[-1, 0], [-1, 1], [2]]","[28, 44, 44]","[0.0028858307609872336, 0.002857407469407184, 0.037862649373169195]",0.0005,92,11.3
focus_dev_contention_COMPAT_O1001_N2_P0.2_B4_T0.4_S0_R5_D0.04,63,63,0.019374475817931825,0.019374475817931825,0.0004723938712392489,0.0004723938712392489,1,4,"[[-1, 0], [-1, 1], [2]]","[28, 44, 44]","[0.015248039732845843, 0.0028858037716109745, 0.003300249745374226]",0.0005,94,11.5
focus_dev_contention_COMPAT_O1001_N2_P0.2_B4_T0.4_S0_R5_D0.04,63,63,0.02059052371705074,0.02059052371705074,0.0,0.0,1,8,"[[-1, 0], [-1, 1], [-1, 2]]","[46, 46, 44]","[0.023362839214195134, 0.002857409851561149, 0.0028862154559861596]",0.0005,96,11.7
focus_dev_contention_COMPAT_O1001_N2_P0.2_B4_T0.4_S0_R5_D0.04,63,63,0.02239400252672488,0.02239400252672488,0.0,0.0,1,4,"[[0], [-1, 1], [-1, 2]]","[46, 46, 44]","[0.037398447706153706, 0.0028574020838992393, 0.002885831125731079]",0.0005,98,11.9
focus_dev_contention_COMPAT_O1001_N2_P0.2_B4_T0.4_S0_R5_D0.04,63,63,0.023081403752654158,0.023081403752654158,0.0,0.0,1,4,"[[0], [-1, 1], [-1, 2]]","[46, 46, 46]","[0.04561805891186739, 0.002857402081766259, 0.002857871433790977]",0.0005,100,12.1
focus_dev_contention_COMPAT_O1001_N2_P0.2_B4_T0.4_S0_R5_D0.04,63,63,0.02270125619143513,0.02270125619143513,0.0,0.0,1,4,"[[0], [-1, 1], [-1, 2]]","[46, 46, 46]","[0.04046950030250759, 0.0028849541313266296, 0.0028768283812678082]",0.0005,102,12.3
focus_dev_contention_COMPAT_O1001_N2_P0.2_B4_T0.4_S0_R5_D0.04,63,63,0.0230532851201799,0.0230532851201799,0.0,0.0,1,4,"[[0], [-1, 1], [-1, 2]]","[46, 46, 46]","[0.04489475227336526, 0.002885829929767391, 0.002857407402486743]",0.0005,104,12.5
focus_dev_contention_COMPAT_O1001_N2_P0.2_B4_T0.4_S0_R5_D0.04,63,63,0.023150741215952113,0.023150741215952113,0.0,0.0,1,4,"[[0], [-1, 1], [-1, 2]]","[46, 46, 46]","[0.0461615406220365, 0.0028858307601991083, 0.002857402083226731]",0.0005,106,12.7
focus_dev_contention_COMPAT_O1001_N2_P0.2_B4_T0.4_S0_R5_D0.04,63,63,0.023621135448770425,0.023621135448770425,0.0,0.0,1,4,"[[0], [-1, 1], [-1, 2]]","[46, 46, 46]","[0.05269351475735189, 0.0028858307609864868, 0.002876337754970544]",0.0005,108,12.9
focus_dev_contention_COMPAT_O1001_N2_P0.2_B4_T0.4_S0_R5_D0.04,63,63,0.02356561587812555,0.02356561587812555,0.0,0.0,1,4,"[[0], [-1, 1], [-1, 2]]","[46, 46, 46]","[0.05195680340549179, 0.0028768470855646266, 0.00287684074395473]",0.0005,110,13.1
focus_dev_contention_COMPAT_O1001_N2_P0.2_B4_T0.4_S0_R5_D0.04,63,63,0.023605139634938762,0.023605139634938762,0.0,0.0,1,4,"[[0], [-1, 1], [-1, 2]]","[46, 54, 46]","[0.052297022148572826, 0.0028855538293500655, 0.002885822233081278]",0.0005,112,13.3
focus_dev_contention_COMPAT_O1001_N2_P0.2_B4_T0.4_S0_R5_D0.04,63,63,0.023317910810070112,0.023317910810070112,0.0,0.0,1,4,"[[0], [-1, 1], [-1, 2]]","[46, 54, 46]","[0.04804743759746452, 0.002885830498408921, 0.00288583075290144]",0.0005,114,13.5
focus_dev_contention_COMPAT_O1001_N2_P0.2_B4_T0.4_S0_R5_D0.04,63,63,0.023472041093904328,0.023472041093904328,0.0,0.0,1,4,"[[0], [-1, 1], [-1, 2]]","[46, 56, 46]","[0.050688837594536636, 0.002857409858845302, 0.0028858307609795674]",0.0005,116,13.7
focus_dev_contention_COMPAT_O1001_N2_P0.2_B4_T0.4_S0_R5_D0.04,63,63,0.023413130537771082,0.023413130537771082,0.0,0.0,1,4,"[[0], [-1, 1], [-1, 2]]","[46, 56, 46]","[0.04953927099785414, 0.002876337758311672, 0.0028858307609872275]",0.0005,118,13.9
focus_dev_contention_COMPAT_O1001_N2_P0.2_B4_T0.4_S0_R5_D0.04,63,63,0.023624625160884226,0.023624625160884226,0.0,0.0,1,4,"[[0], [-1, 1], [-1, 2]]","[46, 56, 46]","[0.05259884206727387, 0.0028858217557162554, 0.002885830760987234]",0.0005,120,14.1
focus_dev_contention_COMPAT_O1001_N2_P0.2_B4_T0.4_S0_R5_D0.04,63,63,0.02333595708853045,0.02333595708853045,0.0,0.0,1,4,"[[0], [-1, 1], [-1, 2]]","[46, 56, 46]","[0.048300210194299316, 0.002885830752448823, 0.0028858307609872336]",0.0005,122,14.3
focus_dev_contention_COMPAT_O1001_N2_P0.2_B4_T0.4_S0_R5_D0.04,63,63,0.023620697898824164,0.023620697898824164,0.0,0.0,1,4,"[[0], [-1, 1], [-1, 2]]","[46, 56, 46]","[0.05253680010740919, 0.0028858307609791393, 0.0028858307609872336]",0.0005,124,14.5
focus_dev_contention_COMPAT_O1001_N2_P0.2_B4_T0.4_S0_R5_D0.04,63,63,0.02346788958233996,0.02346788958233996,0.0,0.0,1,4,"[[0], [-1, 1], [-1, 2]]","[46, 56, 46]","[0.05020345005954837, 0.0028858307609872266, 0.0028858307609872336]",0.0005,126,14.7
focus_dev_contention_COMPAT_O1001_N2_P0.2_B4_T0.4_S0_R5_D0.04,63,63,0.023230498507435266,0.023230498507435266,0.0,0.0,1,4,"[[0], [-1, 1], [-1, 2]]","[46, 56, 46]","[0.04684762813715705, 0.0028858307609872336, 0.0028858307609872336]",0.0005,128,14.9
focus_dev_contention_COMPAT_O1001_N2_P0.2_B4_T0.4_S0_R5_D0.04,63,63,0.023475811730756628,0.023475811730756628,0.0,0.0,1,4,"[[0], [-1, 1], [-1, 2]]","[46, 56, 63]","[0.050745436570670786, 0.0028858307609872336, 0.0028574098589168664]",0.0005,130,15.1
focus_dev_contention_COMPAT_O1001_N2_P0.2_B4_T0.4_S0_R5_D0.04,63,63,0.023764488527427623,0.023764488527427623,0.0,0.0,1,4,"[[0], [-1, 1], [-1, 2]]","[46, 56, 63]","[0.05488485414722185, 0.0028858307609872336, 0.0028849541353063047]",0.0005,132,15.3
focus_dev_contention_COMPAT_O1001_N2_P0.2_B4_T0.4_S0_R5_D0.04,63,63,0.02384898898663758,0.02384898898663758,0.0,0.0,1,4,"[[0], [-1, 1], [-1, 2]]","[46, 56, 63]","[0.05630882226030924, 0.0028858307609872336, 0.002885829929771164]",0.0005,134,15.5
focus_dev_contention_COMPAT_O1001_N2_P0.2_B4_T0.4_S0_R5_D0.04,6,6,0.019446060855990113,0.019446060855990113,0.0003835741284088645,0.0003835741284088645,1,4,"[[0], [-1, 1], [-1, 2]]","[46, 56, 66]","[0.0033346722072086546, 0.0028858307609872336, 0.015397304862866255]",0.0005,136,15.7
focus_dev_contention_COMPAT_O1001_N2_P0.2_B4_T0.4_S0_R5_D0.04,6,6,0.021895482113541365,0.021895482113541365,0.0,0.0,1,4,"[[-1, 0], [-1, 1], [2]]","[46, 56, 66]","[0.0028862466851190265, 0.0028858307609872336, 0.03248843452433687]",0.0005,138,15.9
focus_dev_contention_COMPAT_O1001_N2_P0.2_B4_T0.4_S0_R5_D0.04,6,6,0.022849089439605744,0.022849089439605744,0.0,0.0,1,4,"[[-1, 0], [-1, 1], [2]]","[46, 56, 66]","[0.002885831155339963, 0.0028858307609872336, 0.04204865719289455]",0.0005,140,16.1
focus_dev_contention_COMPAT_O1001_N2_P0.2_B4_T0.4_S0_R5_D0.04,6,6,0.023188379494086885,0.023188379494086885,0.0,0.0,1,4,"[[-1, 0], [-1, 1], [2]]","[46, 56, 66]","[0.0028858307613611424, 0.0028858307609872336, 0.04628366125118055]",0.0005,142,16.3
focus_dev_contention_COMPAT_O1001_N2_P0.2_B4_T0.4_S0_R5_D0.04,6,6,0.023413019507894865,0.023413019507894865,0.0,0.0,1,4,"[[-1, 0], [-1, 1], [2]]","[46, 56, 66]","[0.002885830760987589, 0.0028858307609872336, 0.049399877045497545]",0.0005,144,16.5
focus_dev_contention_COMPAT_O1001_N2_P0.2_B4_T0.4_S0_R5_D0.04,6,6,0.020601961447051252,0.020601961447051252,0.0,0.0,1,4,"[[-1, 0], [-1, 1], [2]]","[46, 56, 70]","[0.002885830760987234, 0.0028858307609872336, 0.02326404179917234]",0.0005,146,16.7
focus_dev_contention_COMPAT_O1001_N2_P0.2_B4_T0.4_S0_R5_D0.04,6,6,0.02062209896911716,0.02062209896911716,0.0,0.0,1,4,"[[-1, 0], [-1, 1], [2]]","[46, 70, 70]","[0.0028858307609872336, 0.002857402210640678, 0.023554329012664736]",0.0005,148,16.9
focus_dev_contention_COMPAT_O1001_N2_P0.2_B4_T0.4_S0_R5_D0.04,6,6,0.021806262552340902,0.021806262552340902,0.0,0.0,1,4,"[[-1, 0], [-1, 1], [2]]","[46, 70, 70]","[0.0028858307609872336, 0.002885803766610158, 0.03173891510003905]",0.0005,150,17.1
focus_dev_contention_COMPAT_O1001_N2_P0.2_B4_T0.4_S0_R5_D0.04,6,6,0.022871219852302317,0.022871219852302317,0.0,0.0,1,4,"[[-1, 0], [-1, 1], [2]]","[46, 70, 70]","[0.0028858307609872336, 0.0028858307353923024, 0.04230924254230932]",0.0005,152,17.3
focus_dev_contention_COMPAT_O1001_N2_P0.2_B4_T0.4_S0_R5_D0.04,6,6,0.02312476031728622,0.02312476031728622,0.0,0.0,1,4,"[[-1, 0], [-1, 1], [2]]","[46, 70, 70]","[0.0028858307609872336, 0.0028858307609629665, 0.045448637437625256]",0.0005,154,17.5
focus_dev_contention_COMPAT_O1001_N2_P0.2_B4_T0.4_S0_R5_D0.04,6,6,0.019408912767886387,0.019408912767886387,0.0,0.0,1,4,"[[-1, 0], [-1, 1], [2]]","[46, 70, 70]","[0.0028858307609872336, 0.00288583076098721, 0.017138766553204742]",0.0005,156,17.7
focus_dev_contention_COMPAT_O1001_N2_P0.2_B4_T0.4_S0_R5_D0.04,6,6,0.020582216628883567,0.020582216628883567,0.0,0.0,1,4,"[[-1, 0], [-1, 1], [2]]","[46, 70, 70]","[0.0028858307609872336, 0.0028858307609872336, 0.023147072461376934]",0.0005,158,17.9
focus_dev_contention_COMPAT_O1001_N2_P0.2_B4_T0.4_S0_R5_D0.04,6,6,0.020734196257253153,0.020734196257253153,0.0,0.0,1,4,"[[-1, 0], [-1, 1], [2]]","[46, 70, 70]","[0.0028858307609872336, 0.0028858307609872336, 0.024063197368188027]",0.0005,160,18.1
focus_dev_contention_COMPAT_O1001_N2_P0.2_B4_T0.4_S0_R5_D0.04,6,6,0.020698742343333562,0.020698742343333562,0.0,0.0,1,4,"[[-1, 0], [-1, 1], [2]]","[46, 70, 70]","[0.0028858307609872336, 0.0028858307609872336, 0.023846197736692346]",0.0005,162,18.3
focus_dev_contention_COMPAT_O1001_N2_P0.2_B4_T0.4_S0_R5_D0.04,6,6,0.020579419225611285,0.020579419225611285,0.0,0.0,1,4,"[[-1, 0], [-1, 1], [2]]","[46, 70, 70]","[0.0028858307609872336, 0.0028858307609872336, 0.02313054909131793]",0.0005,164,18.5
focus_dev_contention_COMPAT_O1001_N2_P0.2_B4_T0.4_S0_R5_D0.04,63,63,0.019395915849600185,0.019395915849600185,0.0,0.0,1,4,"[[-1, 0], [-1, 1], [2]]","[70, 70, 70]","[0.01709762520709983, 0.0028858307609872336, 0.0028821259334110933]",0.0005,166,18.7
focus_dev_contention_COMPAT_O1001_N2_P0.2_B4_T0.4_S0_R5_D0.04,63,63,0.021822093846889115,0.021822093846889115,0.0,0.0,1,4,"[[0], [-1, 1], [-1, 2]]","[70, 70, 70]","[0.031870896596685336, 0.0028858307609872336, 0.0028858272475578697]",0.0005,168,18.9
focus_dev_contention_COMPAT_O1001_N2_P0.2_B4_T0.4_S0_R5_D0.04,19,19,0.021053544345510756,0.021053544345510756,0.0,0.0,1,4,"[[0], [-1, 1], [-1, 2]]","[85, 70, 70]","[0.002882830740761182, 0.026133625818181763, 0.002885830757655953]",0.0005,170,19.1
focus_dev_contention_COMPAT_O1001_N2_P0.2_B4_T0.4_S0_R5_D0.04,19,19,0.02255473149346196,0.02255473149346196,0.0,0.0,1,4,"[[-1, 0], [1], [-1, 2]]","[85, 70, 70]","[0.002885827916057219, 0.03876846776434475, 0.0028858307609840755]",0.0005,172,19.3
focus_dev_contention_COMPAT_O1001_N2_P0.2_B4_T0.4_S0_R5_D0.04,19,19,0.02299500675688383,0.02299500675688383,0.0,0.0,1,4,"[[-1, 0], [1], [-1, 2]]","[85, 70, 70]","[0.002885830758289795, 0.04380567653661893, 0.002885830760987232]",0.0005,174,19.5
focus_dev_contention_COMPAT_O1001_N2_P0.2_B4_T0.4_S0_R5_D0.04,19,19,0.023324694261675577,0.023324694261675577,0.0,0.0,1,4,"[[-1, 0], [1], [-1, 2]]","[85, 70, 70]","[0.002885830760984676, 0.0481422429275665, 0.0028858307609872336]",0.0005,176,19.7
focus_dev_contention_COMPAT_O1001_N2_P0.2_B4_T0.4_S0_R5_D0.04,19,19,0.023382849375654706,0.023382849375654706,0.0,0.0,1,4,"[[-1, 0], [1], [-1, 2]]","[85, 70, 87]","[0.002885830760987231, 0.04896925995953402, 0.0028855609829879594]",0.0005,178,19.9
focus_dev_contention_COMPAT_O1001_N2_P0.2_B4_T0.4_S0_R5_D0.04,6,6,0.019172800462166184,0.019172800462166184,0.0005796334528359315,0.0005796334528359315,1,4,"[[-1, 0], [1], [-1, 2]]","[85, 87, 88]","[0.0028858307609872336, 0.003144043253512469, 0.015066846363003848]",0.0005,180,20.1
focus_dev_contention_COMPAT_O1001_N2_P0.2_B4_T0.4_S0_R5_D0.04,6,6,0.022116066010248833,0.022116066010248833,0.0,0.0,1,4,"[[-1, 0], [-1, 1], [2]]","[85, 89, 88]","[0.0028858307609872336, 0.002884996206742547, 0.03445377213615979]",0.0005,182,20.3
focus_dev_contention_COMPAT_O1001_N2_P0.2_B4_T0.4_S0_R5_D0.04,6,6,0.023242041520973818,0.023242041520973818,0.0,0.0,1,4,"[[-1, 0], [-1, 1], [2]]","[90, 89, 88]","[0.0028849686246243582, 0.0028858299696650005, 0.04701547144002966]",0.0005,184,20.5
focus_dev_contention_COMPAT_O1001_N2_P0.2_B4_T0.4_S0_R5_D0.04,6,6,0.02343158596682187,0.02343158596682187,0.0,0.0,1,4,"[[-1, 0], [-1, 1], [2]]","[90, 89, 88]","[0.0028858299435105413, 0.0028858307602369375, 0.049669842355483676]",0.0005,186,20.7
focus_dev_contention_COMPAT_O1001_N2_P0.2_B4_T0.4_S0_R5_D0.04,6,6,0.023473549166332288,0.023473549166332288,0.0,0.0,1,4,"[[-1, 0], [-1, 1], [2]]","[90, 89, 88]","[0.002885830760212138, 0.0028858307609865227, 0.05028733541763322]",0.0005,188,20.9
focus_dev_contention_COMPAT_O1001_N2_P0.2_B4_T0.4_S0_R5_D0.04,6,6,0.020853248253664698,0.020853248253664698,0.0,0.0,1,4,"[[-1, 0], [-1, 1], [2]]","[90, 89, 94]","[0.0028858307609864998, 0.0028858307609872336, 0.024807005428663643]",0.0005,190,21.1
focus_dev_contention_COMPAT_O1001_N2_P0.2_B4_T0.4_S0_R5_D0.04,6,6,0.020444673978681164,0.020444673978681164,0.0,0.0,1,4,"[[-1, 0], [-1, 1], [2]]","[90, 89, 94]","[0.0028858307609872336, 0.0028858307609872336, 0.022348659774134444]",0.0005,192,21.3
focus_dev_contention_COMPAT_O1001_N2_P0.2_B4_T0.4_S0_R5_D0.04,6,6,0.02075581584954407,0.02075581584954407,0.0,0.0,1,4,"[[-1, 0], [-1, 1], [2]]","[90, 89, 94]","[0.0028858307609872336, 0.0028858307609872336, 0.024196525347736864]",0.0005,194,21.5
focus_dev_contention_COMPAT_O1001_N2_P0.2_B4_T0.4_S0_R5_D0.04,19,19,0.019189970554812426,0.019189970554812426,0.000405887444018288,0.000405887444018288,1,4,"[[-1, 0], [-1, 1], [2]]","[90, 89, 94]","[0.0028858307609872336, 0.015359873991889372, 0.003087865427079022]",0.0005,196,21.7
focus_dev_contention_COMPAT_O1001_N2_P0.2_B4_T0.4_S0_R5_D0.04,19,19,0.022007243781021986,0.022007243781021986,0.0,0.0,1,4,"[[-1, 0], [1], [-1, 2]]","[90, 89, 98]","[0.0028858307609872336, 0.03354379190147467, 0.0028769798844649926]",0.0005,198,21.9
focus_dev_contention_COMPAT_O1300_N1_P0.2_B4_T0.4_S0_R5_D0.04,30,30,0.035650028746078255,0.035650028746078255,0.0,0.0,2,1,"[[0], [1], [2]]","[0, 0, 0]","[0.0034878932001398714, 0.0034878932001398714, 0.20872214396382366]",0.0005,0,2.1
focus_dev_contention_COMPAT_O1300_N1_P0.2_B4_T0.4_S0_R5_D0.04,6,6,0.02241563269353598,0.02241563269353598,0.0,0.0,1,4,"[[-1, 0], [1, 2], [2]]","[0, 0, 0]","[0.002656815543248466, 0.002656815543248466, 0.02287361322600307]",0.0005,2,2.3
focus_dev_contention_COMPAT_O1300_N1_P0.2_B4_T0.4_S0_R5_D0.04,6,6,0.02435403529135976,0.02435403529135976,0.0,0.0,1,4,"[[-1, 0], [-1, 1], [2]]","[0, 0, 0]","[0.0026541437609557492, 0.0026541437609557492, 0.031372787894698904]",0.0005,4,2.5
focus_dev_contention_COMPAT_O1300_N1_P0.2_B4_T0.4_S0_R5_D0.04,6,6,0.02509595284353096,0.02509595284353096,0.0,0.0,1,4,"[[-1, 0], [-1, 1], [2]]","[0, 0, 0]","[0.0026541346482253144, 0.0026541346482253144, 0.03532441577293061]",0.0005,6,2.7
focus_dev_contention_COMPAT_O1300_N1_P0.2_B4_T0.4_S0_R5_D0.04,6,6,0.025554455157814564,0.025554455157814564,0.0,0.0,1,4,"[[-1, 0], [-1, 1], [2]]","[1, 0, 0]","[0.0026535719086157846, 0.0026541346171381533, 0.03801325833088315]",0.0005,8,2.9
focus_dev_contention_COMPAT_O1300_N1_P0.2_B4_T0.4_S0_R5_D0.04,6,6,0.025609499634393164,0.025609499634393164,0.0,0.0,1,4,"[[-1, 0], [-1, 1], [2]]","[1, 0, 0]","[0.0026541326973284853, 0.0026541346170321023, 0.038345979809364175]",0.0005,10,3.1
focus_dev_contention_COMPAT_O1300_N1_P0.2_B4_T0.4_S0_R5_D0.04,0,0,0.01893440602462789,0.01893440602462789,0.0016302137882572253,0.0016302137882572253,1,4,"[[-1, 0], [-1, 1], [2]]","[1, 0, 6]","[0.0026541346104828603, 0.0026541346170317406, 0.013626136797113289]",0.0005,12,3.3
focus_dev_contention_COMPAT_O1300_N1_P0.2_B4_T0.4_S0_R5_D0.04,6,6,0.021525973515666492,0.021525973515666492,0.0,0.0,1,8,"[[-1, 0], [-1, 1], [-1, 2]]","[1, 0, 6]","[0.0026541346170093983, 0.002654134617031739, 0.019708023574403256]",0.0005,14,3.5
focus_dev_contention_COMPAT_O1300_N1_P0.2_B4_T0.4_S0_R5_D0.04,6,6,0.023809603396322186,0.023809603396322186,0.0,0.0,1,4,"[[-1, 0], [-1, 1], [2]]","[1, 0, 6]","[0.0026541346170316626, 0.002654134617031739, 0.028745642463160765]",0.0005,16,3.7
focus_dev_contention_COMPAT_O1300_N1_P0.2_B4_T0.4_S0_R5_D0.04,6,6,0.022106425171286845,0.022106425171286845,0.0,0.0,1,4,"[[-1, 0], [-1, 1], [2]]","[1, 0, 8]","[0.0026541346170317393, 0.002654134617031739, 0.02174319941259112]",0.0005,18,3.9
focus_dev_contention_COMPAT_O1300_N1_P0.2_B4_T0.4_S0_R5_D0.04,6,6,0.023085675390760514,0.023085675390760514,0.0,0.0,1,4,"[[-1, 0], [-1, 1], [2]]","[1, 0, 9]","[0.002654134617031739, 0.002654134617031739, 0.02556254725255312]",0.0005,20,4.1
focus_dev_contention_COMPAT_O1300_N1_P0.2_B4_T0.4_S0_R5_D0.04,6,6,0.0247783406591627,0.0247783406591627,0.0,0.0,1,4,"[[-1, 0], [-1, 1], [2]]","[1, 9, 9]","[0.002654134617031739, 0.0026522640199479874, 0.03358664380119665]",0.0005,22,4.3
focus_dev_contention_COMPAT_O1300_N1_P0.2_B4_T0.4_S0_R5_D0.04,6,6,0.025428113488634496,0.025428113488634496,0.0,0.0,1,4,"[[-1, 0], [-1, 1], [2]]","[1, 9, 9]","[0.002654134617031739, 0.002654128234801622, 0.03724979268723551]",0.0005,24,4.5
focus_dev_contention_COMPAT_O1300_N1_P0.2_B4_T0.4_S0_R5_D0.04,6,6,0.025842962480445757,0.025842962480445757,0.0,0.0,1,4,"[[-1, 0], [-1, 1], [2]]","[1, 9, 9]","[0.002654134617031739, 0.0026541345952593802, 0.03980631948578825]",0.0005,26,4.7
focus_dev_contention_COMPAT_O1300_N1_P0.2_B4_T0.4_S0_R5_D0.04,6,6,0.02620163792915573,0.02620163792915573,0.0,0.0,1,4,"[[-1, 0], [-1, 1], [2]]","[1, 9, 9]","[0.002654134617031739, 0.002654134616957465, 0.04216521284258194]",0.0005,28,4.9
focus_dev_contention_COMPAT_O1300_N1_P0.2_B4_T0.4_S0_R5_D0.04,6,6,0.026161912585686033,0.026161912585686033,0.0,0.0,1,4,"[[-1, 0], [-1, 1], [2]]","[1, 9, 9]","[0.002654134617031739, 0.002654134617031485, 0.04189675755344081]",0.0005,30,5.1
focus_dev_contention_COMPAT_O1300_N1_P0.2_B4_T0.4_S0_R5_D0.04,6,6,0.0263087070757691,0.0263087070757691,0.0,0.0,1,4,"[[-1, 0], [-1, 1], [2]]","[1, 13, 9]","[0.002654134617031739, 0.0026536002265402136, 0.0429017284557494]",0.0005,32,5.3
focus_dev_contention_COMPAT_O1300_N1_P0.2_B4_T0.4_S0_R5_D0.04,6,6,0.026015961357295267,0.026015961357295267,0.0,0.0,1,4,"[[-1, 0], [-1, 1], [2]]","[1, 13, 9]","[0.002654134617031739, 0.0026541017495244406, 0.04092627230205405]",0.0005,34,5.5
focus_dev_contention_COMPAT_O1300_N1_P0.2_B4_T0.4_S0_R5_D0.04,6,6,0.025804368198841222,0.025804368198841222,0.0,0.0,1,4,"[[-1, 0], [-1, 1], [2]]","[1, 13, 9]","[0.002654134617031739, 0.0026541345049072075, 0.039560953101957716]",0.0005,36,5.7
focus_dev_contention_COMPAT_O1300_N1_P0.2_B4_T0.4_S0_R5_D0.04,6,6,0.021826321998505517,0.021826321998505517,0.0,0.0,1,4,"[[-1, 0], [-1, 1], [2]]","[1, 13, 18]","[0.002654134617031739, 0.002654134616649237, 0.020741431732557852]",0.0005,38,5.9
focus_dev_contention_COMPAT_O1300_N1_P0.2_B4_T0.4_S0_R5_D0.04,6,6,0.021830583412732793,0.021830583412732793,0.0,0.0,1,4,"[[-1, 0], [-1, 1], [2]]","[18, 13, 19]","[0.0026522640199479874, 0.002654134617030434, 0.020762962470559178]",0.0005,40,6.1
focus_dev_contention_COMPAT_O1300_N1_P0.2_B4_T0.4_S0_R5_D0.04,6,6,0.021631499676899507,0.021631499676899507,0.0,0.0,1,4,"[[-1, 0], [-1, 1], [2]]","[18, 13, 20]","[0.002654128234801622, 0.002654134617031735, 0.020066454665894653]",0.0005,42,6.3
focus_dev_contention_COMPAT_O1300_N1_P0.2_B4_T0.4_S0_R5_D0.04,6,6,0.02404280778609159,0.02404280778609159,0.0,0.0,1,4,"[[-1, 0], [-1, 1], [2]]","[18, 19, 20]","[0.0026541345952593802, 0.0026536002265402144, 0.02984740625999829]",0.0005,44,6.5
focus_dev_contention_COMPAT_O1300_N1_P0.2_B4_T0.4_S0_R5_D0.04,6,6,0.02532746616587714,0.02532746616587714,0.0,0.0,1,4,"[[-1, 0], [-1, 1], [2]]","[18, 19, 20]","[0.002654134616957465, 0.0026541017495244406, 0.036655585756161166]",0.0005,46,6.7
focus_dev_contention_COMPAT_O1300_N1_P0.2_B4_T0.4_S0_R5_D0.04,6,6,0.025991650198298247,0.025991650198298247,0.0,0.0,1,4,"[[-1, 0], [-1, 1], [2]]","[18, 19, 20]","[0.002654134617031485, 0.0026541345049072075, 0.04076670976910513]",0.0005,48,6.9
focus_dev_contention_COMPAT_O1300_N1_P0.2_B4_T0.4_S0_R5_D0.04,19,19,0.02089847758256729,0.02089847758256729,0.0008893027276751786,0.0008893027276751786,1,4,"[[-1, 0], [-1, 1], [2]]","[18, 19, 20]","[0.002654134617031739, 0.01756944162480031, 0.002688481736644698]",0.0005,50,7.1
focus_dev_contention_COMPAT_O1300_N1_P0.2_B4_T0.4_S0_R5_D0.04,19,19,0.022947890314377047,0.022947890314377047,0.0,0.0,1,8,"[[-1, 0], [-1, 1], [-1, 2]]","[18, 24, 20]","[0.002654134617031739, 0.024992723494377856, 0.002654251495457253]",0.0005,52,7.3
focus_dev_contention_COMPAT_O1300_N1_P0.2_B4_T0.4_S0_R5_D0.04,19,19,0.023357859109774358,0.023357859109774358,0.0,0.0,1,4,"[[-1, 0], [1], [-1, 2]]","[25, 25, 20]","[0.0026536002265402144, 0.026722835265363058, 0.002654135015747564]",0.0005,54,7.5
focus_dev_contention_COMPAT_O1300_N1_P0.2_B4_T0.4_S0_R5_D0.04,19,19,0.0250895613482784,0.0250895613482784,0.0,0.0,1,4,"[[-1, 0], [1], [-1, 2]]","[26, 25, 20]","[0.002653598572766617, 0.035291390449285226, 0.0026541346183919195]",0.0005,56,7.7
focus_dev_contention_COMPAT_O1300_N1_P0.2_B4_T0.4_S0_R5_D0.04,19,19,0.025686697590236274,0.025686697590236274,0.0,0.0,1,4,"[[-1, 0], [1], [-1, 2]]","[26, 25, 20]","[0.0026541327882979126, 0.038822585223636956, 0.0026541346170363797]",0.0005,58,7.9
focus_dev_contention_COMPAT_O1300_N1_P0.2_B4_T0.4_S0_R5_D0.04,19,19,0.02593068970528298,0.02593068970528298,0.0,0.0,1,4,"[[-1, 0], [1], [-1, 2]]","[26, 25, 20]","[0.002654134610793193, 0.04037003047425575, 0.002654134617031755]",0.0005,60,8.1
focus_dev_contention_COMPAT_O1300_N1_P0.2_B4_T0.4_S0_R5_D0.04,19,19,0.025843905411754936,0.025843905411754936,0.0,0.0,1,4,"[[-1, 0], [1], [-1, 2]]","[26, 25, 20]","[0.0026541346170104578, 0.0398123340912148, 0.0026541346170317393]",0.0005,62,8.3
focus_dev_contention_COMPAT_O1300_N1_P0.2_B4_T0.4_S0_R5_D0.04,19,19,0.02625663158533073,0.02625663158533073,0.0,0.0,1,4,"[[-1, 0], [1], [-1, 2]]","[26, 25, 20]","[0.0026541346170316665, 0.04253990810813938, 0.002654134617031739]",0.0005,64,8.5
focus_dev_contention_COMPAT_O1300_N1_P0.2_B4_T0.4_S0_R5_D0.04,19,19,0.026142770587059657,0.026142770587059657,0.0,0.0,1,4,"[[-1, 0], [1], [-1, 2]]","[26, 25, 20]","[0.002654134617031739, 0.04176805578364915, 0.002654134617031739]",0.0005,66,8.7
focus_dev_contention_COMPAT_O1300_N1_P0.2_B4_T0.4_S0_R5_D0.04,19,19,0.026398492430302015,0.026398492430302015,0.0,0.0,1,4,"[[-1, 0], [1], [-1, 2]]","[26, 25, 20]","[0.002654134617031739, 0.043523200515503215, 0.002654134617031739]",0.0005,68,8.9
focus_dev_contention_COMPAT_O1300_N1_P0.2_B4_T0.4_S0_R5_D0.04,19,19,0.026144524271360686,0.026144524271360686,0.0,0.0,1,4,"[[-1, 0], [1], [-1, 2]]","[26, 25, 20]","[0.002654134617031739, 0.04177982906906702, 0.002654134617031739]",0.0005,70,9.1
focus_dev_contention_COMPAT_O1300_N1_P0.2_B4_T0.4_S0_R5_D0.04,19,19,0.02644478449169297,0.02644478449169297,0.0,0.0,1,4,"[[-1, 0], [1], [-1, 2]]","[26, 25, 34]","[0.002654134617031739, 0.04386263294434589, 0.0026522640199479874]",0.0005,72,9.3
focus_dev_contention_COMPAT_O1300_N1_P0.2_B4_T0.4_S0_R5_D0.04,19,19,0.02206939698830816,0.02206939698830816,0.0,0.0,1,4,"[[-1, 0], [1], [-1, 2]]","[26, 34, 35]","[0.002654134617031739, 0.021647944337417204, 0.0026432914623752196]",0.0005,74,9.5
focus_dev_contention_COMPAT_O1300_N1_P0.2_B4_T0.4_S0_R5_D0.04,19,19,0.02179891704724224,0.02179891704724224,0.0,0.0,1,4,"[[-1, 0], [1], [-1, 2]]","[26, 34, 35]","[0.002654134617031739, 0.020645551657242096, 0.0026540975973418346]",0.0005,76,9.7
focus_dev_contention_COMPAT_O1300_N1_P0.2_B4_T0.4_S0_R5_D0.04,19,19,0.021847921371339823,0.021847921371339823,0.0,0.0,1,4,"[[-1, 0], [1], [-1, 2]]","[26, 34, 35]","[0.002654134617031739, 0.020817350284531803, 0.0026541344907423732]",0.0005,78,9.9
focus_dev_contention_COMPAT_O1300_N1_P0.2_B4_T0.4_S0_R5_D0.04,19,19,0.02406265521784808,0.02406265521784808,0.0,0.0,1,4,"[[-1, 0], [1], [-1, 2]]","[26, 34, 35]","[0.002654134617031739, 0.029940167032199257, 0.0026541346166009156]",0.0005,80,10.1
focus_dev_contention_COMPAT_O1300_N1_P0.2_B4_T0.4_S0_R5_D0.04,19,19,0.02212961430807204,0.02212961430807204,0.0,0.0,1,4,"[[-1, 0], [1], [-1, 2]]","[26, 34, 35]","[0.002654134617031739, 0.0219449106640908, 0.0026221784653618274]",0.0005,82,10.3
focus_dev_contention_COMPAT_O1300_N1_P0.2_B4_T0.4_S0_R5_D0.04,19,19,0.024437407187228973,0.024437407187228973,0.0,0.0,1,4,"[[-1, 0], [1], [-1, 2]]","[26, 34, 35]","[0.002654134617031739, 0.03179515993684646, 0.0026540253465727687]",0.0005,84,10.5
focus_dev_contention_COMPAT_O1300_N1_P0.2_B4_T0.4_S0_R5_D0.04,19,19,0.02541090024362821,0.02541090024362821,0.0,0.0,1,4,"[[-1, 0], [1], [-1, 2]]","[26, 34, 35]","[0.002654134617031739, 0.037337641251864465, 0.002622178207548102]",0.0005,86,10.7
focus_dev_contention_COMPAT_O1300_N1_P0.2_B4_T0.4_S0_R5_D0.04,19,19,0.025628779285721277,0.025628779285721277,0.0,0.0,1,4,"[[-1, 0], [1], [-1, 2]]","[26, 34, 35]","[0.002654134617031739, 0.038465097945065196, 0.002654025345689139]",0.0005,88,10.9
focus_dev_contention_COMPAT_O1300_N1_P0.2_B4_T0.4_S0_R5_D0.04,19,19,0.02556777545271798,0.02556777545271798,0.0,0.0,1,4,"[[-1, 0], [1], [-1, 2]]","[26, 34, 43]","[0.002654134617031739, 0.03810229750179609, 0.0026522637609882513]",0.0005,90,11.1
focus_dev_contention_COMPAT_O1300_N1_P0.2_B4_T0.4_S0_R5_D0.04,19,19,0.02560987442261805,0.02560987442261805,0.0,0.0,1,4,"[[-1, 0], [1], [-1, 2]]","[43, 34, 43]","[0.0026522640199479874, 0.03835978377203897, 0.0026541282339179644]",0.0005,92,11.3
focus_dev_contention_COMPAT_O1300_N1_P0.2_B4_T0.4_S0_R5_D0.04,0,19,0.019224701749309004,0.019585802873090793,0.0018649681781280972,0.0,2,4,"[[-1, 0], [1], [-1, 2]]","[43, 43, 43]","[0.002654128234801622, 0.013916438919251019, 0.0026541345952563653]",0.0005,94,11.5
focus_dev_contention_COMPAT_O1300_N1_P0.2_B4_T0.4_S0_R5_D0.04,19,19,0.020826732051303684,0.020826732051303684,0.0,0.0,1,4,"[[-1, 0], [1], [-1, 2]]","[43, 43, 43]","[0.0026541345952593802, 0.01745592737872889, 0.0026535010593113405]",0.0005,96,11.7
focus_dev_contention_COMPAT_O1300_N1_P0.2_B4_T0.4_S0_R5_D0.04,19,19,0.02149829474607349,0.02149829474607349,0.0,0.0,1,4,"[[-1, 0], [1], [-1, 2]]","[43, 43, 43]","[0.002654134616957465, 0.019647304943925685, 0.002644479515607912]",0.0005,98,11.9
focus_dev_contention_COMPAT_O1300_N1_P0.2_B4_T0.4_S0_R5_D0.04,19,19,0.021703424017927634,0.021703424017927634,0.0,0.0,1,4,"[[-1, 0], [1], [-1, 2]]","[43, 43, 43]","[0.002654134617031485, 0.020428721375398768, 0.0026208666728044353]",0.0005,100,12.1
focus_dev_contention_COMPAT_O1300_N1_P0.2_B4_T0.4_S0_R5_D0.04,19,19,0.02317312970300678,0.02317312970300678,0.0,0.0,1,4,"[[-1, 0], [1], [-1, 2]]","[43, 43, 43]","[0.002654134617031739, 0.02597585309153725, 0.0026432236918150216]",0.0005,102,12.3
focus_dev_contention_COMPAT_O1300_N1_P0.2_B4_T0.4_S0_R5_D0.04,19,19,0.0216963259226444,0.0216963259226444,0.0,0.0,1,4,"[[-1, 0], [1], [-1, 2]]","[43, 43, 43]","[0.002654134617031739, 0.020289229099467673, 0.0026540973657812454]",0.0005,104,12.5
focus_dev_contention_COMPAT_O1300_N1_P0.2_B4_T0.4_S0_R5_D0.04,19,19,0.021543240420243095,0.021543240420243095,0.0,0.0,1,4,"[[-1, 0], [1], [-1, 2]]","[43, 43, 43]","[0.002654134617031739, 0.01976632853449262, 0.002654134489952423]",0.0005,106,12.7
focus_dev_contention_COMPAT_O1300_N1_P0.2_B4_T0.4_S0_R5_D0.04,19,19,0.023712114195000134,0.023712114195000134,0.0,0.0,1,4,"[[-1, 0], [1], [-1, 2]]","[43, 43, 43]","[0.002654134617031739, 0.02829724376087585, 0.0026541346165982207]",0.0005,108,12.9
focus_dev_contention_COMPAT_O1300_N1_P0.2_B4_T0.4_S0_R5_D0.04,19,19,0.0249538054313649,0.0249538054313649,0.0,0.0,1,4,"[[-1, 0], [1], [-1, 2]]","[43, 43, 43]","[0.002652187988355033, 0.0345420598214397, 0.00265413461703026]",0.0005,110,13.1
focus_dev_contention_COMPAT_O1300_N1_P0.2_B4_T0.4_S0_R5_D0.04,19,19,0.02537502025106166,0.02537502025106166,0.0,0.0,1,4,"[[-1, 0], [1], [-1, 2]]","[43, 43, 43]","[0.0026208793678238764, 0.037131830737907004, 0.002654134617031734]",0.0005,112,13.3
focus_dev_contention_COMPAT_O1300_N1_P0.2_B4_T0.4_S0_R5_D0.04,19,19,0.026024398708642836,0.026024398708642836,0.0,0.0,1,4,"[[-1, 0], [1], [-1, 2]]","[55, 43, 43]","[0.002620827652242154, 0.04120121663202558, 0.002654134617031739]",0.0005,114,13.5
focus_dev_contention_COMPAT_O1300_N1_P0.2_B4_T0.4_S0_R5_D0.04,19,19,0.02611741431297569,0.02611741431297569,0.0,0.0,1,4,"[[-1, 0], [1], [-1, 2]]","[55, 43, 43]","[0.0026540207163487433, 0.041598985393341205, 0.002654134617031739]",0.0005,116,13.7
focus_dev_contention_COMPAT_O1300_N1_P0.2_B4_T0.4_S0_R5_D0.04,19,19,0.02389436987567829,0.02389436987567829,0.0,0.0,1,4,"[[-1, 0], [1], [-1, 2]]","[55, 58, 43]","[0.0026540250765471275, 0.029141308389003244, 0.002654134617031739]",0.0005,118,13.9
focus_dev_contention_COMPAT_O1300_N1_P0.2_B4_T0.4_S0_R5_D0.04,19,19,0.025316756920780663,0.025316756920780663,0.0,0.0,1,4,"[[-1, 0], [1], [-1, 2]]","[55, 58, 58]","[0.0026432263697886748, 0.03666751726131403, 0.0026522640199479874]",0.0005,120,14.1
focus_dev_contention_COMPAT_O1300_N1_P0.2_B4_T0.4_S0_R5_D0.04,19,19,0.02478085468340601,0.02478085468340601,0.0,0.0,1,4,"[[-1, 0], [1], [-1, 2]]","[55, 58, 58]","[0.0026540973749314745, 0.033600766686557614, 0.0026521848923689024]",0.0005,122,14.3
focus_dev_contention_COMPAT_O1300_N1_P0.2_B4_T0.4_S0_R5_D0.04,0,0,0.018807075226650906,0.018807075226650906,0.0015277591096397522,0.0015277591096397522,1,4,"[[-1, 0], [1], [-1, 2]]","[55, 58, 58]","[0.002654134489983638, 0.013498920020300322, 0.0026540207163669467]",0.0005,124,14.5
focus_dev_contention_COMPAT_O1300_N1_P0.2_B4_T0.4_S0_R5_D0.04,0,0,0.01886150997198968,0.01886150997198968,0.0015982707327535164,0.0015982707327535164,1,8,"[[-1, 0], [-1, 1], [-1, 2]]","[55, 61, 58]","[0.0026541346165983274, 0.013586508009558578, 0.002620867345832778]",0.0005,126,14.7
focus_dev_contention_COMPAT_O1300_N1_P0.2_B4_T0.4_S0_R5_D0.04,19,19,0.021753401890979684,0.021753401890979684,0.0,0.0,1,8,"[[-1, 0], [-1, 1], [-1, 2]]","[55, 61, 58]","[0.0026541346170302605, 0.020493516174362323, 0.0026521848559918036]",0.0005,128,14.9
focus_dev_contention_COMPAT_O1300_N1_P0.2_B4_T0.4_S0_R5_D0.04,19,19,0.02399994180030784,0.02399994180030784,0.0,0.0,1,4,"[[-1, 0], [1], [-1, 2]]","[55, 61, 58]","[0.0026541346170317337, 0.02963995896597327, 0.0026541279646661695]",0.0005,130,15.1
focus_dev_contention_COMPAT_O1300_N1_P0.2_B4_T0.4_S0_R5_D0.04,19,19,0.02530148582371895,0.02530148582371895,0.0,0.0,1,4,"[[-1, 0], [1], [-1, 2]]","[55, 61, 58]","[0.002654134617031739, 0.036503542536017265, 0.0026541345943378383]",0.0005,132,15.3
focus_dev_contention_COMPAT_O1300_N1_P0.2_B4_T0.4_S0_R5_D0.04,19,19,0.02233759827514753,0.02233759827514753,0.0,0.0,1,4,"[[-1, 0], [1], [-1, 2]]","[55, 63, 65]","[0.002654134617031739, 0.022606010400933744, 0.0026522640198942057]",0.0005,134,15.5
focus_dev_contention_COMPAT_O1300_N1_P0.2_B4_T0.4_S0_R5_D0.04,19,19,0.02175706549780758,0.02175706549780758,0.0,0.0,1,4,"[[-1, 0], [1], [-1, 2]]","[55, 63, 65]","[0.002654134617031739, 0.02049987091999046, 0.0026540209046091645]",0.0005,136,15.7
focus_dev_contention_COMPAT_O1300_N1_P0.2_B4_T0.4_S0_R5_D0.04,19,19,0.021800124066075417,0.021800124066075417,0.0,0.0,1,4,"[[-1, 0], [1], [-1, 2]]","[55, 63, 65]","[0.002654134617031739, 0.020649644806498026, 0.002654134229109792]",0.0005,138,15.9
focus_dev_contention_COMPAT_O1300_N1_P0.2_B4_T0.4_S0_R5_D0.04,19,19,0.021804671466016057,0.021804671466016057,0.0,0.0,1,4,"[[-1, 0], [1], [-1, 2]]","[65, 70, 65]","[0.0026541034036256434, 0.020665662193467008, 0.002654134615708382]",0.0005,140,16.1
focus_dev_contention_COMPAT_O1300_N1_P0.2_B4_T0.4_S0_R5_D0.04,19,19,0.021776147292073153,0.021776147292073153,0.0,0.0,1,4,"[[-1, 0], [1], [-1, 2]]","[65, 71, 65]","[0.002654103307026212, 0.02056602676937523, 0.0026541346170272243]",0.0005,142,16.3
focus_dev_contention_COMPAT_O1300_N1_P0.2_B4_T0.4_S0_R5_D0.04,19,19,0.02303440772254031,0.02303440772254031,0.0,0.0,1,4,"[[-1, 0], [1], [-1, 2]]","[70, 71, 65]","[0.0026445067029213973, 0.02538931688138128, 0.002654134617031724]",0.0005,144,16.5
focus_dev_contention_COMPAT_O1300_N1_P0.2_B4_T0.4_S0_R5_D0.04,0,0,0.016165537757002406,0.016165537757002406,0.0,0.0,1,4,"[[-1, 0], [1], [-1, 2]]","[70, 71, 65]","[0.010398808247688917, 0.003112594892281748, 0.002654134617031739]",0.0005,146,16.7
focus_dev_contention_COMPAT_O1300_N1_P0.2_B4_T0.4_S0_R5_D0.04,63,63,0.022650799759120707,0.022650799759120707,0.0,0.0,1,8,"[[-1, 0], [-1, 1], [-1, 2]]","[70, 71, 65]","[0.023796457642461497, 0.0026556479051884707, 0.002654134617031739]",0.0005,148,16.9
focus_dev_contention_COMPAT_O1300_N1_P0.2_B4_T0.4_S0_R5_D0.04,63,63,0.024704264072498497,0.024704264072498497,0.0,0.0,1,4,"[[0], [-1, 1], [-1, 2]]","[70, 71, 73]","[0.033191264611155576, 0.002654139778894272, 0.0026522640199479874]",0.0005,150,17.1
focus_dev_contention_COMPAT_O1300_N1_P0.2_B4_T0.4_S0_R5_D0.04,63,63,0.025021384505074892,0.025021384505074892,0.0,0.0,1,4,"[[0], [-1, 1], [-1, 2]]","[70, 71, 74]","[0.03491659168521679, 0.0026541346346409178, 0.0026522595858956364]",0.0005,152,17.3
focus_dev_contention_COMPAT_O1300_N1_P0.2_B4_T0.4_S0_R5_D0.04,63,63,0.025442658347356022,0.025442658347356022,0.0,0.0,1,4,"[[0], [-1, 1], [-1, 2]]","[70, 71, 75]","[0.03734764999738155, 0.0026541346170918115, 0.0026522595753827463]",0.0005,154,17.5
focus_dev_contention_COMPAT_O1300_N1_P0.2_B4_T0.4_S0_R5_D0.04,63,63,0.025508470042472794,0.025508470042472794,0.0,0.0,1,4,"[[0], [-1, 1], [-1, 2]]","[70, 76, 75]","[0.03792534647259497, 0.0026221784653629853, 0.0026540208940365353]",0.0005,156,17.7
focus_dev_contention_COMPAT_O1300_N1_P0.2_B4_T0.4_S0_R5_D0.04,0,0,0.01650577500423855,0.01650577500423855,0.0,0.0,1,4,"[[0], [-1, 1], [-1, 2]]","[70, 76, 75]","[0.003264941907166361, 0.0026432265339207625, 0.010597606563151427]",0.0005,158,17.9
focus_dev_contention_COMPAT_O1300_N1_P0.2_B4_T0.4_S0_R5_D0.04,6,6,0.022521176816428172,0.022521176816428172,0.0,0.0,1,8,"[[-1, 0], [-1, 1], [-1, 2]]","[70, 76, 75]","[0.002656129284372727, 0.002644476171269771, 0.02332761611553672]",0.0005,160,18.1
focus_dev_contention_COMPAT_O1300_N1_P0.2_B4_T0.4_S0_R5_D0.04,6,6,0.02196826699798776,0.02196826699798776,0.0,0.0,1,4,"[[-1, 0], [-1, 1], [2]]","[70, 76, 79]","[0.002654141420650991, 0.0026444796820499178, 0.021278915216805604]",0.0005,162,18.3
focus_dev_contention_COMPAT_O1300_N1_P0.2_B4_T0.4_S0_R5_D0.04,6,6,0.02400068916045797,0.02400068916045797,0.0,0.0,1,4,"[[-1, 0], [-1, 1], [2]]","[70, 76, 79]","[0.0026541346402416044, 0.0026541016569154026, 0.029643645689477575]",0.0005,164,18.5
focus_dev_contention_COMPAT_O1300_N1_P0.2_B4_T0.4_S0_R5_D0.04,6,6,0.02501994646640282,0.02501994646640282,0.0,0.0,1,4,"[[-1, 0], [-1, 1], [2]]","[73, 76, 79]","[0.0026540253466277902, 0.00265413450459128, 0.034898726835191574]",0.0005,166,18.7
focus_dev_contention_COMPAT_O1300_N1_P0.2_B4_T0.4_S0_R5_D0.04,19,19,0.02094674478804115,0.02094674478804115,0.0007602114079114375,0.0007602114079114375,1,4,"[[-1, 0], [-1, 1], [2]]","[73, 76, 79]","[0.0026208823901212592, 0.017827986218629296, 0.0026869062343957578]",0.0005,168,18.9
focus_dev_contention_COMPAT_O1300_N1_P0.2_B4_T0.4_S0_R5_D0.04,19,19,0.023789658732007644,0.023789658732007644,0.0,0.0,1,4,"[[-1, 0], [1], [-1, 2]]","[73, 76, 79]","[0.0026540209039932856, 0.02865339373507486, 0.0026542461470540385]",0.0005,170,19.1
focus_dev_contention_COMPAT_O1300_N1_P0.2_B4_T0.4_S0_R5_D0.04,19,19,0.02523647333912604,0.02523647333912604,0.0,0.0,1,4,"[[-1, 0], [1], [-1, 2]]","[73, 76, 79]","[0.0026541342291076906, 0.036126342328902834, 0.002654134997502318]",0.0005,172,19.3
focus_dev_contention_COMPAT_O1300_N1_P0.2_B4_T0.4_S0_R5_D0.04,19,19,0.025889367123295662,0.025889367123295662,0.0,0.0,1,4,"[[-1, 0], [1], [-1, 2]]","[73, 76, 79]","[0.0026541346157083743, 0.0401034615655922, 0.0026541346183296772]",0.0005,174,19.5
focus_dev_contention_COMPAT_O1300_N1_P0.2_B4_T0.4_S0_R5_D0.04,19,19,0.026214061110283914,0.026214061110283914,0.0,0.0,1,4,"[[-1, 0], [1], [-1, 2]]","[73, 76, 79]","[0.0026541346170272243, 0.042249545248483324, 0.002654134617036167]",0.0005,176,19.7
focus_dev_contention_COMPAT_O1300_N1_P0.2_B4_T0.4_S0_R5_D0.04,0,0,0.016362442029957985,0.016362442029957985,0.0,0.0,1,4,"[[-1, 0], [1], [-1, 2]]","[73, 76, 79]","[0.010445129314286138, 0.003263178098640094, 0.002654134617031754]",0.0005,178,19.9
focus_dev_contention_COMPAT_O1300_N1_P0.2_B4_T0.4_S0_R5_D0.04,63,63,0.02240225243087239,0.02240225243087239,0.0,0.0,1,8,"[[-1, 0], [-1, 1], [-1, 2]]","[73, 76, 79]","[0.02283563123288125, 0.0026561237698906224, 0.0026541346170317393]",0.0005,180,20.1
focus_dev_contention_COMPAT_O1300_N1_P0.2_B4_T0.4_S0_R5_D0.04,63,63,0.024368882367983548,0.024368882367983548,0.0,0.0,1,4,"[[0], [-1, 1], [-1, 2]]","[73, 76, 79]","[0.03144755512698891, 0.002654141401844355, 0.002654134617031739]",0.0005,182,20.3
focus_dev_contention_COMPAT_O1300_N1_P0.2_B4_T0.4_S0_R5_D0.04,63,63,0.025245775463212165,0.025245775463212165,0.0,0.0,1,4,"[[0], [-1, 1], [-1, 2]]","[73, 76, 79]","[0.03618007011093845, 0.0026541346401774473, 0.002654134617031739]",0.0005,184,20.5
focus_dev_contention_COMPAT_O1300_N1_P0.2_B4_T0.4_S0_R5_D0.04,63,63,0.02229928082470334,0.02229928082470334,0.0,0.0,1,4,"[[0], [-1, 1], [-1, 2]]","[93, 76, 79]","[0.022455263036166743, 0.002654134617110699, 0.002654134617031739]",0.0005,186,20.7
focus_dev_contention_COMPAT_O1300_N1_P0.2_B4_T0.4_S0_R5_D0.04,63,63,0.0209711385910948,0.0209711385910948,0.0,0.0,1,4,"[[0], [-1, 1], [-1, 2]]","[94, 90, 79]","[0.017903246895244477, 0.002654025346572959, 0.002654134617031739]",0.0005,188,20.9
focus_dev_contention_COMPAT_O1300_N1_P0.2_B4_T0.4_S0_R5_D0.04,63,63,0.023030230687547847,0.023030230687547847,0.0,0.0,1,4,"[[0], [-1, 1], [-1, 2]]","[94, 90, 79]","[0.025332111654105566, 0.002654134244263361, 0.002654134617031739]",0.0005,190,21.1
focus_dev_contention_COMPAT_O1300_N1_P0.2_B4_T0.4_S0_R5_D0.04,63,63,0.024622673170198582,0.024622673170198582,0.0,0.0,1,4,"[[0], [-1, 1], [-1, 2]]","[94, 90, 79]","[0.03275128109206342, 0.002654134615760076, 0.002654134617031739]",0.0005,192,21.3
focus_dev_contention_COMPAT_O1300_N1_P0.2_B4_T0.4_S0_R5_D0.04,63,63,0.025663248131489104,0.025663248131489104,0.0,0.0,1,4,"[[0], [-1, 1], [-1, 2]]","[94, 90, 79]","[0.038677154398201366, 0.002654134617027401, 0.002654134617031739]",0.0005,194,21.5
focus_dev_contention_COMPAT_O1300_N1_P0.2_B4_T0.4_S0_R5_D0.04,63,63,0.020251722573195307,0.020251722573195307,0.0,0.0,1,4,"[[0], [-1, 1], [-1, 2]]","[95, 90, 79]","[0.01574616664616252, 0.002654134617031724, 0.002654134617031739]",0.0005,196,21.7
focus_dev_contention_COMPAT_O1300_N1_P0.2_B4_T0.4_S0_R5_D0.04,63,63,0.02089698234350372,0.02089698234350372,0.0,0.0,1,4,"[[0], [-1, 1], [-1, 2]]","[95, 90, 97]","[0.017774894932908177, 0.002654134617031739, 0.0026208825698177366]",0.0005,198,21.9
focus_dev_contention_COMPAT_O1300_N2_P0.2_B4_T0.4_S0_R5_D0.04,30,30,0.035650028746078255,0.035650028746078255,0.0,0.0,2,1,"[[0], [1], [2]]","[0, 0, 0]","[0.0034878932001398714, 0.0034878932001398714, 0.20872214396382366]",0.0005,0,2.1
focus_dev_contention_COMPAT_O1300_N2_P0.2_B4_T0.4_S0_R5_D0.04,6,6,0.02241563269353598,0.02241563269353598,0.0,0.0,1,4,"[[-1, 0], [1, 2], [2]]","[0, 0, 0]","[0.002656815543248466, 0.002656815543248466, 0.02287361322600307]",0.0005,2,2.3
focus_dev_contention_COMPAT_O1300_N2_P0.2_B4_T0.4_S0_R5_D0.04,6,6,0.02435403529135976,0.02435403529135976,0.0,0.0,1,4,"[[-1, 0], [-1, 1], [2]]","[0, 0, 0]","[0.0026541437609557492, 0.0026541437609557492, 0.031372787894698904]",0.0005,4,2.5
focus_dev_contention_COMPAT_O1300_N2_P0.2_B4_T0.4_S0_R5_D0.04,6,6,0.02509595284353096,0.02509595284353096,0.0,0.0,1,4,"[[-1, 0], [-1, 1], [2]]","[0, 0, 0]","[0.0026541346482253144, 0.0026541346482253144, 0.03532441577293061]",0.0005,6,2.7
focus_dev_contention_COMPAT_O1300_N2_P0.2_B4_T0.4_S0_R5_D0.04,6,6,0.025555017866336936,0.025555017866336936,0.0,0.0,1,4,"[[-1, 0], [-1, 1], [2]]","[0, 0, 0]","[0.0026541346171381533, 0.0026541346171381533, 0.03801325833088315]",0.0005,8,2.9
focus_dev_contention_COMPAT_O1300_N2_P0.2_B4_T0.4_S0_R5_D0.04,6,6,0.02560950155409678,0.02560950155409678,0.0,0.0,1,4,"[[-1, 0], [-1, 1], [2]]","[0, 0, 0]","[0.0026541346170321023, 0.0026541346170321023, 0.038345979809364175]",0.0005,10,3.1
focus_dev_contention_COMPAT_O1300_N2_P0.2_B4_T0.4_S0_R5_D0.04,6,6,0.026033109087735828,0.026033109087735828,0.0,0.0,1,4,"[[-1, 0], [-1, 1], [2]]","[0, 0, 0]","[0.0026541346170317406, 0.0026541346170317406, 0.04103884926330988]",0.0005,12,3.3
focus_dev_contention_COMPAT_O1300_N2_P0.2_B4_T0.4_S0_R5_D0.04,6,6,0.025717508578418213,0.025717508578418213,0.0,0.0,1,4,"[[-1, 0], [-1, 1], [2]]","[0, 0, 0]","[0.002654134617031739, 0.002654134617031739, 0.03901451053636928]",0.0005,14,3.5
focus_dev_contention_COMPAT_O1300_N2_P0.2_B4_T0.4_S0_R5_D0.04,6,6,0.02569368963661077,0.02569368963661077,0.0,0.0,1,4,"[[-1, 0], [-1, 1], [2]]","[0, 0, 0]","[0.002654134617031739, 0.002654134617031739, 0.03886604430725403]",0.0005,16,3.7
focus_dev_contention_COMPAT_O1300_N2_P0.2_B4_T0.4_S0_R5_D0.04,6,6,0.021542112522248455,0.021542112522248455,0.0,0.0,1,4,"[[-1, 0], [-1, 1], [2]]","[1, 1, 1]","[0.0026432954833318827, 0.0026536002265402144, 0.01980098689521015]",0.0005,18,3.9
focus_dev_contention_COMPAT_O1300_N2_P0.2_B4_T0.4_S0_R5_D0.04,6,6,0.021557546252024804,0.021557546252024804,0.0,0.0,1,4,"[[-1, 0], [-1, 1], [2]]","[1, 1, 1]","[0.0026208647206478917, 0.002653570407654548, 0.019929583018529436]",0.0005,20,4.1
focus_dev_contention_COMPAT_O1300_N2_P0.2_B4_T0.4_S0_R5_D0.04,6,6,0.024096039224885214,0.024096039224885214,0.0,0.0,1,4,"[[-1, 0], [-1, 1], [2]]","[1, 1, 1]","[0.002652184849719016, 0.002652241112095467, 0.03011972869465589]",0.0005,22,4.3
focus_dev_contention_COMPAT_O1300_N2_P0.2_B4_T0.4_S0_R5_D0.04,6,6,0.02511055291752601,0.02511055291752601,0.0,0.0,1,4,"[[-1, 0], [-1, 1], [2]]","[1, 1, 1]","[0.0026541279646447647, 0.002654128156632239, 0.03540697173896722]",0.0005,24,4.5
focus_dev_contention_COMPAT_O1300_N2_P0.2_B4_T0.4_S0_R5_D0.04,6,6,0.025691817600258675,0.025691817600258675,0.0,0.0,1,4,"[[-1, 0], [-1, 1], [2]]","[1, 1, 1]","[0.0026541345943377655, 0.0026541345949927134, 0.03885440093253257]",0.0005,26,4.7
focus_dev_contention_COMPAT_O1300_N2_P0.2_B4_T0.4_S0_R5_D0.04,6,6,0.026125818944210163,0.026125818944210163,0.0,0.0,1,4,"[[-1, 0], [-1, 1], [2]]","[1, 1, 1]","[0.0026541346169543212, 0.002654134616956555, 0.04165443474179576]",0.0005,28,4.9
focus_dev_contention_COMPAT_O1300_N2_P0.2_B4_T0.4_S0_R5_D0.04,6,6,0.026125757504868723,0.026125757504868723,0.0,0.0,1,4,"[[-1, 0], [-1, 1], [2]]","[1, 1, 1]","[0.0026541346170314757, 0.0026541346170314826, 0.0416540235365971]",0.0005,30,5.1
focus_dev_contention_COMPAT_O1300_N2_P0.2_B4_T0.4_S0_R5_D0.04,6,6,0.026281696828590686,0.026281696828590686,0.0,0.0,1,4,"[[-1, 0], [-1, 1], [2]]","[1, 14, 1]","[0.002654134617031739, 0.002644506790725496, 0.04277813452586824]",0.0005,32,5.3
focus_dev_contention_COMPAT_O1300_N2_P0.2_B4_T0.4_S0_R5_D0.04,6,6,0.02021415371933606,0.02021415371933606,0.0,0.0,1,4,"[[-1, 0], [-1, 1], [2]]","[15, 14, 17]","[0.0026522640199479874, 0.0026444797680636825, 0.01567171569752313]",0.0005,34,5.5
focus_dev_contention_COMPAT_O1300_N2_P0.2_B4_T0.4_S0_R5_D0.04,6,6,0.021350276696829384,0.021350276696829384,0.0,0.0,1,4,"[[-1, 0], [-1, 1], [2]]","[15, 14, 17]","[0.002654128234801622, 0.0026444796921537717, 0.019154078278230065]",0.0005,36,5.7
focus_dev_contention_COMPAT_O1300_N2_P0.2_B4_T0.4_S0_R5_D0.04,6,6,0.02157816862113939,0.02157816862113939,0.0,0.0,1,4,"[[-1, 0], [-1, 1], [2]]","[15, 14, 17]","[0.0026541345952593802, 0.0026535703236550395, 0.01988659189655262]",0.0005,38,5.9
focus_dev_contention_COMPAT_O1300_N2_P0.2_B4_T0.4_S0_R5_D0.04,6,6,0.02178342779763653,0.02178342779763653,0.0,0.0,1,4,"[[-1, 0], [-1, 1], [2]]","[15, 14, 17]","[0.0026432954832850924, 0.0026541326919211025, 0.020629172641054124]",0.0005,40,6.1
focus_dev_contention_COMPAT_O1300_N2_P0.2_B4_T0.4_S0_R5_D0.04,6,6,0.02398087032128528,0.02398087032128528,0.0,0.0,1,4,"[[-1, 0], [-1, 1], [2]]","[15, 14, 17]","[0.0026535666524829995, 0.0026535719031223403, 0.02955455143736768]",0.0005,42,6.3
focus_dev_contention_COMPAT_O1300_N2_P0.2_B4_T0.4_S0_R5_D0.04,6,6,0.025115254249462867,0.025115254249462867,0.0,0.0,1,4,"[[-1, 0], [-1, 1], [2]]","[15, 14, 17]","[0.0026541326793962246, 0.002654132697309744, 0.035433520057052824]",0.0005,44,6.5
focus_dev_contention_COMPAT_O1300_N2_P0.2_B4_T0.4_S0_R5_D0.04,6,6,0.025844365503645737,0.025844365503645737,0.0,0.0,1,4,"[[-1, 0], [-1, 1], [2]]","[15, 14, 17]","[0.0026541346104216857, 0.002644481123319552, 0.03987690651791775]",0.0005,46,6.7
focus_dev_contention_COMPAT_O1300_N2_P0.2_B4_T0.4_S0_R5_D0.04,6,6,0.02625644230666831,0.02625644230666831,0.0,0.0,1,4,"[[-1, 0], [-1, 1], [2]]","[15, 14, 17]","[0.0026541346170091897, 0.0026535703280913437, 0.04254247550832295]",0.0005,48,6.9
focus_dev_contention_COMPAT_O1300_N2_P0.2_B4_T0.4_S0_R5_D0.04,19,19,0.020858780883869714,0.020858780883869714,0.000950723946181245,0.000950723946181245,1,4,"[[-1, 0], [-1, 1], [2]]","[15, 14, 17]","[0.002654134617031662, 0.01744563945950203, 0.0026888904859708324]",0.0005,50,7.1
focus_dev_contention_COMPAT_O1300_N2_P0.2_B4_T0.4_S0_R5_D0.04,19,19,0.02277452720866928,0.02277452720866928,0.0,0.0,1,8,"[[-1, 0], [-1, 1], [-1, 2]]","[15, 24, 17]","[0.002654103403625644, 0.024291985570670104, 0.002654252882849741]",0.0005,52,7.3
focus_dev_contention_COMPAT_O1300_N2_P0.2_B4_T0.4_S0_R5_D0.04,19,19,0.023315803358911907,0.023315803358911907,0.0,0.0,1,4,"[[-1, 0], [1], [-1, 2]]","[15, 25, 17]","[0.002654134510550038, 0.026538640922419948, 0.0026541350204804352]",0.0005,54,7.5
focus_dev_contention_COMPAT_O1300_N2_P0.2_B4_T0.4_S0_R5_D0.04,19,19,0.025069275426512494,0.025069275426512494,0.0,0.0,1,4,"[[-1, 0], [1], [-1, 2]]","[15, 25, 17]","[0.002654134616668487, 0.03517420107583722, 0.002654134618408065]",0.0005,56,7.7
focus_dev_contention_COMPAT_O1300_N2_P0.2_B4_T0.4_S0_R5_D0.04,19,19,0.025676768363920355,0.025676768363920355,0.0,0.0,1,4,"[[-1, 0], [1], [-1, 2]]","[15, 25, 17]","[0.0026541346170305, 0.03876092949352635, 0.0026541346170364344]",0.0005,58,7.9
focus_dev_contention_COMPAT_O1300_N2_P0.2_B4_T0.4_S0_R5_D0.04,19,19,0.025925954117835628,0.025925954117835628,0.0,0.0,1,4,"[[-1, 0], [1], [-1, 2]]","[15, 25, 17]","[0.0026541346170317346, 0.04033938679518452, 0.0026541346170317554]",0.0005,60,8.1
focus_dev_contention_COMPAT_O1300_N2_P0.2_B4_T0.4_S0_R5_D0.04,19,19,0.025841728408158772,0.025841728408158772,0.0,0.0,1,4,"[[-1, 0], [1], [-1, 2]]","[15, 25, 17]","[0.002654134617031739, 0.03979844892383841, 0.0026541346170317393]",0.0005,62,8.3
focus_dev_contention_COMPAT_O1300_N2_P0.2_B4_T0.4_S0_R5_D0.04,19,19,0.02622222674937757,0.02622222674937757,0.0,0.0,1,4,"[[-1, 0], [1], [-1, 2]]","[28, 25, 17]","[0.0026208298062226597, 0.04253237806742003, 0.002654134617031739]",0.0005,64,8.5
focus_dev_contention_COMPAT_O1300_N2_P0.2_B4_T0.4_S0_R5_D0.04,19,19,0.026140301868235575,0.026140301868235575,0.0,0.0,1,4,"[[-1, 0], [1], [-1, 2]]","[28, 25, 17]","[0.002652184766291832, 0.0417645730665066, 0.002654134617031739]",0.0005,66,8.7
focus_dev_contention_COMPAT_O1300_N2_P0.2_B4_T0.4_S0_R5_D0.04,19,19,0.02031543401847724,0.02031543401847724,0.0,0.0,1,4,"[[-1, 0], [1], [-1, 2]]","[28, 29, 29]","[0.0026541279643600797, 0.016025683914353845, 0.0026208298062226597]",0.0005,68,8.9
focus_dev_contention_COMPAT_O1300_N2_P0.2_B4_T0.4_S0_R5_D0.04,19,19,0.023366205291731508,0.023366205291731508,0.0,0.0,1,4,"[[-1, 0], [1], [-1, 2]]","[28, 29, 29]","[0.002654134594336795, 0.02690174182761669, 0.0026208275700520937]",0.0005,70,9.1
focus_dev_contention_COMPAT_O1300_N2_P0.2_B4_T0.4_S0_R5_D0.04,19,19,0.025049856494354292,0.025049856494354292,0.0,0.0,1,4,"[[-1, 0], [1], [-1, 2]]","[28, 29, 29]","[0.002652264019894204, 0.03526285781672119, 0.002620827566343734]",0.0005,72,9.3
focus_dev_contention_COMPAT_O1300_N2_P0.2_B4_T0.4_S0_R5_D0.04,19,19,0.022287872170669836,0.022287872170669836,0.0,0.0,1,4,"[[-1, 0], [1], [-1, 2]]","[28, 29, 29]","[0.0026540209046091645, 0.02245382686880077, 0.002643223607073399]",0.0005,74,9.5
focus_dev_contention_COMPAT_O1300_N2_P0.2_B4_T0.4_S0_R5_D0.04,19,19,0.021831031825694673,0.021831031825694673,0.0,0.0,1,4,"[[-1, 0], [1], [-1, 2]]","[28, 37, 36]","[0.002654134229109792, 0.020759964221166126, 0.002653566429634662]",0.0005,76,9.7
focus_dev_contention_COMPAT_O1300_N2_P0.2_B4_T0.4_S0_R5_D0.04,19,19,0.023335018804937456,0.023335018804937456,0.0,0.0,1,4,"[[-1, 0], [1], [-1, 2]]","[28, 38, 36]","[0.002654103402425113, 0.026621749499230525, 0.0026541326786359365]",0.0005,78,9.9
focus_dev_contention_COMPAT_O1300_N2_P0.2_B4_T0.4_S0_R5_D0.04,19,19,0.02471831685439644,0.02471831685439644,0.0,0.0,1,4,"[[-1, 0], [1], [-1, 2]]","[28, 38, 38]","[0.0026541345105459417, 0.03325883738115839, 0.0026536002205417583]",0.0005,80,10.1
focus_dev_contention_COMPAT_O1300_N2_P0.2_B4_T0.4_S0_R5_D0.04,19,19,0.021815355072178712,0.021815355072178712,0.0,0.0,1,4,"[[-1, 0], [1], [-1, 2]]","[28, 38, 38]","[0.002654134616668473, 0.02070960516222623, 0.0026522411762750654]",0.0005,82,10.3
focus_dev_contention_COMPAT_O1300_N2_P0.2_B4_T0.4_S0_R5_D0.04,19,19,0.024244614134521766,0.024244614134521766,0.0,0.0,1,4,"[[-1, 0], [1], [-1, 2]]","[28, 38, 38]","[0.0026541346170304994, 0.030992516829620814, 0.002620827631264123]",0.0005,84,10.5
focus_dev_contention_COMPAT_O1300_N2_P0.2_B4_T0.4_S0_R5_D0.04,19,19,0.025332340903826408,0.025332340903826408,0.0,0.0,1,4,"[[-1, 0], [1], [-1, 2]]","[28, 38, 38]","[0.002654134617031735, 0.03687972533843804, 0.002620827566445246]",0.0005,86,10.7
focus_dev_contention_COMPAT_O1300_N2_P0.2_B4_T0.4_S0_R5_D0.04,19,19,0.025560285122046587,0.025560285122046587,0.0,0.0,1,4,"[[-1, 0], [1], [-1, 2]]","[28, 38, 38]","[0.002654134617031739, 0.03824851427107741, 0.002620827566337753]",0.0005,88,10.9
focus_dev_contention_COMPAT_O1300_N2_P0.2_B4_T0.4_S0_R5_D0.04,19,19,0.025551811247143747,0.025551811247143747,0.0,0.0,1,4,"[[-1, 0], [1], [-1, 2]]","[28, 38, 43]","[0.002654134617031739, 0.038005618793348545, 0.0026521847609396556]",0.0005,90,11.1
focus_dev_contention_COMPAT_O1300_N2_P0.2_B4_T0.4_S0_R5_D0.04,19,19,0.02560444565486309,0.02560444565486309,0.0,0.0,1,4,"[[-1, 0], [1], [-1, 2]]","[28, 38, 43]","[0.002654134617031739, 0.03831501883712626, 0.002654127964341816]",0.0005,92,11.3
focus_dev_contention_COMPAT_O1300_N2_P0.2_B4_T0.4_S0_R5_D0.04,0,0,0.018939190359350256,0.018939190359350256,0.001634071940253435,0.001634071940253435,1,4,"[[-1, 0], [1], [-1, 2]]","[28, 44, 43]","[0.002654134617031739, 0.013630921147981789, 0.002654134594336732]",0.0005,94,11.5
focus_dev_contention_COMPAT_O1300_N2_P0.2_B4_T0.4_S0_R5_D0.04,19,19,0.020786104506243182,0.020786104506243182,0.0009578365665860872,0.0009578365665860872,1,8,"[[-1, 0], [-1, 1], [-1, 2]]","[46, 44, 43]","[0.0026208825698177366, 0.017431269618513767, 0.0026541346169543173]",0.0005,96,11.7
focus_dev_contention_COMPAT_O1300_N2_P0.2_B4_T0.4_S0_R5_D0.04,19,19,0.02146372971250733,0.02146372971250733,0.0,0.0,1,4,"[[-1, 0], [1], [-1, 2]]","[46, 44, 46]","[0.0026208276575521183, 0.019643066658786373, 0.0026444811282046008]",0.0005,98,11.9
focus_dev_contention_COMPAT_O1300_N2_P0.2_B4_T0.4_S0_R5_D0.04,19,19,0.02173449046030866,0.02173449046030866,0.0,0.0,1,4,"[[-1, 0], [1], [-1, 2]]","[46, 44, 46]","[0.0026540207163669467, 0.02042804821904456, 0.0026522411153265014]",0.0005,100,12.1
focus_dev_contention_COMPAT_O1300_N2_P0.2_B4_T0.4_S0_R5_D0.04,19,19,0.023172969994828006,0.023172969994828006,0.0,0.0,1,4,"[[-1, 0], [1], [-1, 2]]","[46, 44, 46]","[0.002654025076547171, 0.02597564082312044, 0.0026432236918207813]",0.0005,102,12.3
focus_dev_contention_COMPAT_O1300_N2_P0.2_B4_T0.4_S0_R5_D0.04,19,19,0.02468666048284438,0.02468666048284438,0.0,0.0,1,4,"[[-1, 0], [1], [-1, 2]]","[46, 44, 46]","[0.0026541342433421796, 0.03313924857982731, 0.00264447616328418]",0.0005,104,12.5
focus_dev_contention_COMPAT_O1300_N2_P0.2_B4_T0.4_S0_R5_D0.04,19,19,0.025152652206937656,0.025152652206937656,0.0,0.0,1,4,"[[-1, 0], [1], [-1, 2]]","[46, 44, 46]","[0.0026541346157569344, 0.03583575735781322, 0.0026208666672781606]",0.0005,106,12.7
focus_dev_contention_COMPAT_O1300_N2_P0.2_B4_T0.4_S0_R5_D0.04,19,19,0.025255748770997767,0.025255748770997767,0.0,0.0,1,4,"[[-1, 0], [1], [-1, 2]]","[46, 44, 46]","[0.0026541346170273904, 0.03643111656134921, 0.00262082763118041]",0.0005,108,12.9
focus_dev_contention_COMPAT_O1300_N2_P0.2_B4_T0.4_S0_R5_D0.04,19,19,0.022164777293652543,0.022164777293652543,0.0,0.0,1,4,"[[-1, 0], [1], [-1, 2]]","[46, 44, 46]","[0.002654134617031724, 0.022079302494969668, 0.002620827566445107]",0.0005,110,13.1
focus_dev_contention_COMPAT_O1300_N2_P0.2_B4_T0.4_S0_R5_D0.04,19,19,0.021664407325731473,0.021664407325731473,0.0,0.0,1,4,"[[-1, 0], [1], [-1, 2]]","[46, 55, 46]","[0.0026522640199479874, 0.020186044170763372, 0.002654020716054626]",0.0005,112,13.3
focus_dev_contention_COMPAT_O1300_N2_P0.2_B4_T0.4_S0_R5_D0.04,19,19,0.02180492390444227,0.02180492390444227,0.0,0.0,1,4,"[[-1, 0], [1], [-1, 2]]","[46, 56, 46]","[0.002654128234801622, 0.020666460110551656, 0.0026541342284665463]",0.0005,114,13.5
focus_dev_contention_COMPAT_O1300_N2_P0.2_B4_T0.4_S0_R5_D0.04,19,19,0.02175333545845412,0.02175333545845412,0.0,0.0,1,4,"[[-1, 0], [1], [-1, 2]]","[46, 57, 46]","[0.0026541345952593802, 0.020486507381395225, 0.0026541346157061877]",0.0005,116,13.7
focus_dev_contention_COMPAT_O1300_N2_P0.2_B4_T0.4_S0_R5_D0.04,19,19,0.021549691814792042,0.021549691814792042,0.0,0.0,1,4,"[[-1, 0], [1], [-1, 2]]","[46, 58, 46]","[0.002654134616957465, 0.019788146353828504, 0.002654134617027217]",0.0005,118,13.9
focus_dev_contention_COMPAT_O1300_N2_P0.2_B4_T0.4_S0_R5_D0.04,19,19,0.021804914965219063,0.021804914965219063,0.0,0.0,1,4,"[[-1, 0], [1], [-1, 2]]","[58, 59, 46]","[0.0026522640199478117, 0.02067295259842303, 0.002654134617031724]",0.0005,120,14.1
focus_dev_contention_COMPAT_O1300_N2_P0.2_B4_T0.4_S0_R5_D0.04,19,19,0.023257267143752067,0.023257267143752067,0.0,0.0,1,4,"[[-1, 0], [1], [-1, 2]]","[58, 59, 59]","[0.002654128234801622, 0.02629533805314133, 0.0026522640199479874]",0.0005,122,14.3
focus_dev_contention_COMPAT_O1300_N2_P0.2_B4_T0.4_S0_R5_D0.04,19,19,0.02456605006615578,0.02456605006615578,0.0,0.0,1,4,"[[-1, 0], [1], [-1, 2]]","[58, 59, 60]","[0.0026541345952593802, 0.03246611208279198, 0.0026521848923689024]",0.0005,124,14.5
focus_dev_contention_COMPAT_O1300_N2_P0.2_B4_T0.4_S0_R5_D0.04,19,19,0.025547427410777222,0.025547427410777222,0.0,0.0,1,4,"[[-1, 0], [1], [-1, 2]]","[58, 59, 61]","[0.002654134616957465, 0.0379785296514616, 0.002652259398286856]",0.0005,126,14.7
focus_dev_contention_COMPAT_O1300_N2_P0.2_B4_T0.4_S0_R5_D0.04,19,19,0.02613207736516359,0.02613207736516359,0.0,0.0,1,4,"[[-1, 0], [1], [-1, 2]]","[58, 59, 61]","[0.002654134617031485, 0.041696387051969666, 0.0026541282190309635]",0.0005,128,14.9
focus_dev_contention_COMPAT_O1300_N2_P0.2_B4_T0.4_S0_R5_D0.04,19,19,0.02600650157248585,0.02600650157248585,0.0,0.0,1,4,"[[-1, 0], [1], [-1, 2]]","[58, 59, 61]","[0.002654134617031739, 0.040863973946036344, 0.0026541345952055804]",0.0005,130,15.1
focus_dev_contention_COMPAT_O1300_N2_P0.2_B4_T0.4_S0_R5_D0.04,19,19,0.026292943739572985,0.026292943739572985,0.0,0.0,1,4,"[[-1, 0], [1], [-1, 2]]","[60, 59, 61]","[0.0026536002265402144, 0.04279296924714742, 0.002654134616957281]",0.0005,132,15.3
focus_dev_contention_COMPAT_O1300_N2_P0.2_B4_T0.4_S0_R5_D0.04,19,19,0.026562220766602865,0.026562220766602865,0.0,0.0,1,4,"[[-1, 0], [1], [-1, 2]]","[60, 59, 61]","[0.00265413279394004, 0.04468898823951399, 0.002654134617031485]",0.0005,134,15.5
focus_dev_contention_COMPAT_O1300_N2_P0.2_B4_T0.4_S0_R5_D0.04,19,19,0.02613345703730656,0.02613345703730656,0.0,0.0,1,4,"[[-1, 0], [1], [-1, 2]]","[60, 59, 66]","[0.0026541346108124413, 0.04171812743347473, 0.002652264019947986]",0.0005,136,15.7
focus_dev_contention_COMPAT_O1300_N2_P0.2_B4_T0.4_S0_R5_D0.04,19,19,0.026301543327100323,0.026301543327100323,0.0,0.0,1,4,"[[-1, 0], [1], [-1, 2]]","[60, 59, 67]","[0.002654134617010523, 0.04291509915793573, 0.0026445015440711666]",0.0005,138,15.9
focus_dev_contention_COMPAT_O1300_N2_P0.2_B4_T0.4_S0_R5_D0.04,19,19,0.026446200358081765,0.026446200358081765,0.0,0.0,1,4,"[[-1, 0], [1], [-1, 2]]","[68, 59, 67]","[0.002644481128204744, 0.04392802373085801, 0.002654101731600776]",0.0005,140,16.1
focus_dev_contention_COMPAT_O1300_N2_P0.2_B4_T0.4_S0_R5_D0.04,19,19,0.026415865514427,0.026415865514427,0.0,0.0,1,4,"[[-1, 0], [1], [-1, 2]]","[68, 59, 67]","[0.0026541016618557866, 0.04364554066309751, 0.0026541345048460624]",0.0005,142,16.3
focus_dev_contention_COMPAT_O1300_N2_P0.2_B4_T0.4_S0_R5_D0.04,19,19,0.026129264252260424,0.026129264252260424,0.0,0.0,1,4,"[[-1, 0], [1], [-1, 2]]","[68, 59, 67]","[0.002654103301635715, 0.041677710339773244, 0.002654134616649029]",0.0005,144,16.5
focus_dev_contention_COMPAT_O1300_N2_P0.2_B4_T0.4_S0_R5_D0.04,0,0,0.016316533935471944,0.016316533935471944,0.0,0.0,1,4,"[[-1, 0], [1], [-1, 2]]","[68, 59, 67]","[0.010399311174165352, 0.0032630881442761582, 0.0026541346170304335]",0.0005,146,16.7
focus_dev_contention_COMPAT_O1300_N2_P0.2_B4_T0.4_S0_R5_D0.04,63,63,0.02262511719473683,0.02262511719473683,0.0,0.0,1,8,"[[-1, 0], [-1, 1], [-1, 2]]","[68, 59, 67]","[0.023693971216755323, 0.0026561234886151525, 0.0026541346170317354]",0.0005,148,16.9
focus_dev_contention_COMPAT_O1300_N2_P0.2_B4_T0.4_S0_R5_D0.04,63,63,0.02469362460978409,0.02469362460978409,0.0,0.0,1,4,"[[0], [-1, 1], [-1, 2]]","[68, 59, 67]","[0.033124938600604274, 0.002654141400885091, 0.002654134617031739]",0.0005,150,17.1
focus_dev_contention_COMPAT_O1300_N2_P0.2_B4_T0.4_S0_R5_D0.04,63,63,0.024982715542253946,0.024982715542253946,0.0,0.0,1,4,"[[0], [-1, 1], [-1, 2]]","[68, 68, 74]","[0.03488636559024203, 0.002620882580973701, 0.0026522640199479874]",0.0005,152,17.3
focus_dev_contention_COMPAT_O1300_N2_P0.2_B4_T0.4_S0_R5_D0.04,63,63,0.025438154578079804,0.025438154578079804,0.0,0.0,1,4,"[[0], [-1, 1], [-1, 2]]","[68, 68, 74]","[0.037332851202710196, 0.0026521848923955586, 0.0026521848923689024]",0.0005,154,17.5
focus_dev_contention_COMPAT_O1300_N2_P0.2_B4_T0.4_S0_R5_D0.04,63,63,0.025537448803494428,0.025537448803494428,0.0,0.0,1,4,"[[0], [-1, 1], [-1, 2]]","[68, 68, 74]","[0.03791846587168043, 0.002654127964790392, 0.0026521847611576115]",0.0005,156,17.7
focus_dev_contention_COMPAT_O1300_N2_P0.2_B4_T0.4_S0_R5_D0.04,0,0,0.016004873050936508,0.016004873050936508,0.0,0.0,1,4,"[[0], [-1, 1], [-1, 2]]","[68, 68, 74]","[0.0032649183605656822, 0.0026541345943382625, 0.010085820096032564]",0.0005,158,17.9
focus_dev_contention_COMPAT_O1300_N2_P0.2_B4_T0.4_S0_R5_D0.04,6,6,0.020649140286850727,0.020649140286850727,0.0012138023192275124,0.0012138023192275124,1,8,"[[-1, 0], [-1, 1], [-1, 2]]","[68, 68, 74]","[0.002655394404724462, 0.0026541346169543234, 0.016909353800834265]",0.0005,160,18.1
focus_dev_contention_COMPAT_O1300_N2_P0.2_B4_T0.4_S0_R5_D0.04,0,6,0.019036219096048156,0.019513986989283003,0.001712391730830154,0.0,2,4,"[[-1, 0], [-1, 1], [2]]","[68, 68, 74]","[0.0026541389142776583, 0.0026541346170314757, 0.013727945564739021]",0.0005,162,18.3
focus_dev_contention_COMPAT_O1300_N2_P0.2_B4_T0.4_S0_R5_D0.04,0,0,0.018769383894711823,0.018769383894711823,0.00149736260317241,0.00149736260317241,1,4,"[[-1, 0], [-1, 1], [2]]","[68, 68, 74]","[0.002654134631691365, 0.002654134617031739, 0.013461114645988719]",0.0005,164,18.5
focus_dev_contention_COMPAT_O1300_N2_P0.2_B4_T0.4_S0_R5_D0.04,6,6,0.021585163172662396,0.021585163172662396,0.0,0.0,1,8,"[[-1, 0], [-1, 1], [-1, 2]]","[68, 68, 74]","[0.0026541346170817497, 0.002654134617031739, 0.01990844059049714]",0.0005,166,18.7
focus_dev_contention_COMPAT_O1300_N2_P0.2_B4_T0.4_S0_R5_D0.04,19,19,0.02082745220106404,0.02082745220106404,0.0009850937811907573,0.0009850937811907573,1,4,"[[-1, 0], [-1, 1], [2]]","[68, 68, 74]","[0.0026541346170319098, 0.01737613610688101, 0.0026801679373846653]",0.0005,168,18.9
focus_dev_contention_COMPAT_O1300_N2_P0.2_B4_T0.4_S0_R5_D0.04,19,19,0.023724944307278714,0.023724944307278714,0.0,0.0,1,4,"[[-1, 0], [1], [-1, 2]]","[68, 68, 74]","[0.00265413461703174, 0.028355483598838233, 0.0026542232584893335]",0.0005,170,19.1
focus_dev_contention_COMPAT_O1300_N2_P0.2_B4_T0.4_S0_R5_D0.04,19,19,0.02520505106569766,0.02520505106569766,0.0,0.0,1,4,"[[-1, 0], [1], [-1, 2]]","[68, 68, 74]","[0.002654134617031739, 0.035945443963139805, 0.002654134919421378]",0.0005,172,19.3
focus_dev_contention_COMPAT_O1300_N2_P0.2_B4_T0.4_S0_R5_D0.04,19,19,0.025873886207714955,0.025873886207714955,0.0,0.0,1,4,"[[-1, 0], [1], [-1, 2]]","[68, 68, 74]","[0.002654134617031739, 0.04000407405486501, 0.002654134618063312]",0.0005,174,19.5
focus_dev_contention_COMPAT_O1300_N2_P0.2_B4_T0.4_S0_R5_D0.04,19,19,0.026206337305005933,0.026206337305005933,0.0,0.0,1,4,"[[-1, 0], [1], [-1, 2]]","[68, 68, 74]","[0.002654134617031739, 0.04219709233694097, 0.0026541346170352587]",0.0005,176,19.7
focus_dev_contention_COMPAT_O1300_N2_P0.2_B4_T0.4_S0_R5_D0.04,0,0,0.016262981489848848,0.016262981489848848,0.0,0.0,1,4,"[[-1, 0], [1], [-1, 2]]","[87, 87, 87]","[0.010436857822012566, 0.0031725234412960553, 0.0026536002265402253]",0.0005,178,19.9
focus_dev_contention_COMPAT_O1300_N2_P0.2_B4_T0.4_S0_R5_D0.04,63,63,0.022366776236972273,0.022366776236972273,0.0,0.0,1,8,"[[-1, 0], [-1, 1], [-1, 2]]","[87, 89, 88]","[0.022830079673747623, 0.0026226475041548876, 0.002653598572766617]",0.0005,180,20.1
focus_dev_contention_COMPAT_O1300_N2_P0.2_B4_T0.4_S0_R5_D0.04,63,63,0.02435849205602694,0.02435849205602694,0.0,0.0,1,4,"[[0], [-1, 1], [-1, 2]]","[87, 89, 88]","[0.03144420363908335, 0.002644418243968392, 0.0026541327882979126]",0.0005,182,20.3
focus_dev_contention_COMPAT_O1300_N2_P0.2_B4_T0.4_S0_R5_D0.04,63,63,0.025245433770414574,0.025245433770414574,0.0,0.0,1,4,"[[0], [-1, 1], [-1, 2]]","[87, 89, 88]","[0.03617828699638731, 0.0026541014470284063, 0.002654134610793193]",0.0005,184,20.5
focus_dev_contention_COMPAT_O1300_N2_P0.2_B4_T0.4_S0_R5_D0.04,63,63,0.02590017789642735,0.02590017789642735,0.0,0.0,1,4,"[[0], [-1, 1], [-1, 2]]","[87, 89, 88]","[0.040173021826158686, 0.0026541345038752677, 0.0026541346170104578]",0.0005,186,20.7
focus_dev_contention_COMPAT_O1300_N2_P0.2_B4_T0.4_S0_R5_D0.04,63,63,0.026001474972568314,0.026001474972568314,0.0,0.0,1,4,"[[0], [-1, 1], [-1, 2]]","[87, 89, 88]","[0.04083102598506599, 0.002654134616645718, 0.0026541346170316665]",0.0005,188,20.9
focus_dev_contention_COMPAT_O1300_N2_P0.2_B4_T0.4_S0_R5_D0.04,63,63,0.02628271144508529,0.02628271144508529,0.0,0.0,1,4,"[[0], [-1, 1], [-1, 2]]","[87, 89, 88]","[0.04271885601744503, 0.0026541346170304222, 0.002654134617031739]",0.0005,190,21.1
focus_dev_contention_COMPAT_O1300_N2_P0.2_B4_T0.4_S0_R5_D0.04,63,63,0.026150698555855036,0.026150698555855036,0.0,0.0,1,4,"[[0], [-1, 1], [-1, 2]]","[87, 89, 88]","[0.04182130819018989, 0.002654134617031735, 0.002654134617031739]",0.0005,192,21.3
focus_dev_contention_COMPAT_O1300_N2_P0.2_B4_T0.4_S0_R5_D0.04,63,63,0.02643261469915499,0.02643261469915499,0.0,0.0,1,4,"[[0], [-1, 1], [-1, 2]]","[87, 89, 88]","[0.043763384074586645, 0.002654134617031739, 0.002654134617031739]",0.0005,194,21.5
focus_dev_contention_COMPAT_O1300_N2_P0.2_B4_T0.4_S0_R5_D0.04,63,63,0.01988406217514148,0.01988406217514148,0.0,0.0,2,4,"[[0], [-1, 1], [-1, 2]]","[97, 89, 88]","[0.014717255016743019, 0.002654134617031739, 0.002654134617031739]",0.0005,196,21.7
focus_dev_contention_COMPAT_O1300_N2_P0.2_B4_T0.4_S0_R5_D0.04,63,63,0.02090461373650837,0.02090461373650837,0.0,0.0,1,4,"[[0], [-1, 1], [-1, 2]]","[98, 89, 88]","[0.017695057895156904, 0.002654134617031739, 0.002654134617031739]",0.0005,198,21.9
focus_dev_contention_COMPAT_O1301_N1_P0.2_B4_T0.4_S0_R5_D0.04,134,134,0.03744173394715578,0.03744173394715578,0.0,0.0,1,1,"[[0], [1], [2]]","[0, 0, 0]","[0.003487961161124542, 0.21215969125117692, 0.003487961161124542]",0.0005,0,2.1
focus_dev_contention_COMPAT_O1301_N1_P0.2_B4_T0.4_S0_R5_D0.04,19,19,0.03261113243209813,0.03261113243209813,0.005834429922862504,0.005834429922862504,1,4,"[[0, 1], [1], [-1, 2]]","[0, 0, 0]","[0.0029011956433948843, 0.08838852232870907, 0.002900532238241299]",0.0005,2,2.3
focus_dev_contention_COMPAT_O1301_N1_P0.2_B4_T0.4_S0_R5_D0.04,19,19,0.029952374320321704,0.029952374320321704,0.0,0.0,1,4,"[[-1, 0], [1], [-1, 2]]","[0, 0, 0]","[0.0029007057669543585, 0.05858581728306528, 0.0029007051967095475]",0.0005,4,2.5
focus_dev_contention_COMPAT_O1301_N1_P0.2_B4_T0.4_S0_R5_D0.04,19,19,0.02994776259645284,0.02994776259645284,0.0,0.0,1,4,"[[-1, 0], [1], [-1, 2]]","[0, 0, 0]","[0.002900705345873732, 0.05854594418410399, 0.002900705345383557]",0.0005,6,2.7
focus_dev_contention_COMPAT_O1301_N1_P0.2_B4_T0.4_S0_R5_D0.04,19,19,0.02968884816043417,0.02968884816043417,0.0,0.0,1,4,"[[-1, 0], [1], [-1, 2]]","[1, 0, 0]","[0.002900194911123348, 0.05636130406602701, 0.002900705345511357]",0.0005,8,2.9
focus_dev_contention_COMPAT_O1301_N1_P0.2_B4_T0.4_S0_R5_D0.04,19,19,0.029479793621315625,0.029479793621315625,0.0,0.0,1,4,"[[-1, 0], [1], [-1, 2]]","[1, 0, 0]","[0.002900704906737829, 0.05465848696134967, 0.0029007053455114653]",0.0005,10,3.1
focus_dev_contention_COMPAT_O1301_N1_P0.2_B4_T0.4_S0_R5_D0.04,19,19,0.029460548855969042,0.029460548855969042,0.0,0.0,1,4,"[[-1, 0], [1], [-1, 2]]","[1, 0, 0]","[0.0029007053451343017, 0.054505082680289335, 0.002900705345511466]",0.0005,12,3.3
focus_dev_contention_COMPAT_O1301_N1_P0.2_B4_T0.4_S0_R5_D0.04,19,19,0.029445388204695177,0.029445388204695177,0.0,0.0,1,4,"[[-1, 0], [1], [-1, 2]]","[1, 0, 0]","[0.0029007053455111413, 0.05438458172331341, 0.002900705345511466]",0.0005,14,3.5
focus_dev_contention_COMPAT_O1301_N1_P0.2_B4_T0.4_S0_R5_D0.04,19,19,0.02932217082367168,0.02932217082367168,0.0,0.0,1,4,"[[-1, 0], [1], [-1, 2]]","[1, 0, 0]","[0.002900705345511466, 0.053416358504429357, 0.002900705345511466]",0.0005,16,3.7
focus_dev_contention_COMPAT_O1301_N1_P0.2_B4_T0.4_S0_R5_D0.04,19,19,0.029475757523487134,0.029475757523487134,0.0,0.0,1,4,"[[-1, 0], [1], [-1, 2]]","[1, 0, 0]","[0.002900705345511466, 0.0546262708412509, 0.002900705345511466]",0.0005,18,3.9
focus_dev_contention_COMPAT_O1301_N1_P0.2_B4_T0.4_S0_R5_D0.04,19,19,0.028720547693765426,0.028720547693765426,0.0,0.0,1,4,"[[-1, 0], [1], [-1, 2]]","[1, 0, 0]","[0.002900705345511466, 0.04895780236393663, 0.002900705345511466]",0.0005,20,4.1
focus_dev_contention_COMPAT_O1301_N1_P0.2_B4_T0.4_S0_R5_D0.04,19,19,0.029062799246777446,0.029062799246777446,0.0,0.0,1,4,"[[-1, 0], [1], [-1, 2]]","[1, 0, 9]","[0.002900705345511466, 0.05147759358575067, 0.0028958108326514326]",0.0005,22,4.3
focus_dev_contention_COMPAT_O1301_N1_P0.2_B4_T0.4_S0_R5_D0.04,19,19,0.02858823791628553,0.02858823791628553,0.0,0.0,1,4,"[[-1, 0], [1], [-1, 2]]","[1, 0, 9]","[0.002900705345511466, 0.04803331399308293, 0.0029007011372185025]",0.0005,24,4.5
focus_dev_contention_COMPAT_O1301_N1_P0.2_B4_T0.4_S0_R5_D0.04,19,19,0.024123611583661927,0.024123611583661927,0.0,0.0,1,4,"[[-1, 0], [1], [-1, 2]]","[9, 13, 9]","[0.0029007011372185025, 0.02522111844613803, 0.002900705341894074]",0.0005,26,4.7
focus_dev_contention_COMPAT_O1301_N1_P0.2_B4_T0.4_S0_R5_D0.04,19,19,0.027327253545636535,0.027327253545636535,0.0,0.0,1,4,"[[-1, 0], [1], [-1, 2]]","[9, 13, 9]","[0.002900705341894074, 0.0400967830981073, 0.0029007053455083567]",0.0005,28,4.9
focus_dev_contention_COMPAT_O1301_N1_P0.2_B4_T0.4_S0_R5_D0.04,19,19,0.028576444854173152,0.028576444854173152,0.0,0.0,1,4,"[[-1, 0], [1], [-1, 2]]","[9, 13, 9]","[0.0029007053455083567, 0.04795180592636077, 0.002900705345511464]",0.0005,30,5.1
focus_dev_contention_COMPAT_O1301_N1_P0.2_B4_T0.4_S0_R5_D0.04,19,19,0.029247838644842664,0.029247838644842664,0.0,0.0,1,4,"[[-1, 0], [1], [-1, 2]]","[14, 13, 9]","[0.00289581083265143, 0.052879325433571225, 0.002900705345511466]",0.0005,32,5.3
focus_dev_contention_COMPAT_O1301_N1_P0.2_B4_T0.4_S0_R5_D0.04,19,19,0.029529035166765378,0.029529035166765378,0.0,0.0,1,4,"[[-1, 0], [1], [-1, 2]]","[14, 13, 9]","[0.002900202102616177, 0.05505728780407592, 0.002900705345511466]",0.0005,34,5.5
focus_dev_contention_COMPAT_O1301_N1_P0.2_B4_T0.4_S0_R5_D0.04,19,19,0.02962447313016805,0.02962447313016805,0.0,0.0,1,4,"[[-1, 0], [1], [-1, 2]]","[14, 13, 9]","[0.002900704912919851, 0.05582765831095116, 0.002900705345511466]",0.0005,36,5.7
focus_dev_contention_COMPAT_O1301_N1_P0.2_B4_T0.4_S0_R5_D0.04,19,19,0.02918864167044595,0.02918864167044595,0.0,0.0,1,4,"[[-1, 0], [1], [-1, 2]]","[14, 13, 17]","[0.002900705345139616, 0.05239012077087201, 0.0029005618103847175]",0.0005,38,5.9
focus_dev_contention_COMPAT_O1301_N1_P0.2_B4_T0.4_S0_R5_D0.04,19,19,0.02957560799897473,0.02957560799897473,0.0,0.0,1,4,"[[-1, 0], [1], [-1, 2]]","[17, 13, 18]","[0.0029005580053894225, 0.055431957544371774, 0.0029005616988348553]",0.0005,40,6.1
focus_dev_contention_COMPAT_O1301_N1_P0.2_B4_T0.4_S0_R5_D0.04,19,19,0.029253182434240372,0.029253182434240372,0.0,0.0,1,4,"[[-1, 0], [1], [-1, 2]]","[17, 13, 18]","[0.00290070521885899, 0.052882782460177614, 0.0029007052220338717]",0.0005,42,6.3
focus_dev_contention_COMPAT_O1301_N1_P0.2_B4_T0.4_S0_R5_D0.04,19,19,0.02934465536786991,0.02934465536786991,0.0,0.0,1,4,"[[-1, 0], [1], [-1, 2]]","[17, 13, 18]","[0.002900705345402597, 0.05359157227554439, 0.002900705345405327]",0.0005,44,6.5
focus_dev_contention_COMPAT_O1301_N1_P0.2_B4_T0.4_S0_R5_D0.04,19,19,0.02976242450940008,0.02976242450940008,0.0,0.0,1,4,"[[-1, 0], [1], [-1, 2]]","[17, 13, 18]","[0.002900705345511373, 0.05696929041029103, 0.002900705345511375]",0.0005,46,6.7
focus_dev_contention_COMPAT_O1301_N1_P0.2_B4_T0.4_S0_R5_D0.04,19,19,0.02622861466495035,0.02622861466495035,0.0,0.0,1,4,"[[-1, 0], [1], [-1, 2]]","[17, 24, 18]","[0.002900705345511466, 0.034267998962047616, 0.002900705345511466]",0.0005,48,6.9
focus_dev_contention_COMPAT_O1301_N1_P0.2_B4_T0.4_S0_R5_D0.04,19,19,0.02785005865761627,0.02785005865761627,0.0,0.0,1,4,"[[-1, 0], [1], [-1, 2]]","[17, 24, 18]","[0.002900705345511466, 0.04320702648722303, 0.002900705345511466]",0.0005,50,7.1
focus_dev_contention_COMPAT_O1301_N1_P0.2_B4_T0.4_S0_R5_D0.04,19,19,0.028589400810898717,0.028589400810898717,0.0,0.0,1,4,"[[-1, 0], [1], [-1, 2]]","[23, 24, 18]","[0.002883653594804445, 0.048159426005269866, 0.002900705345511466]",0.0005,52,7.3
focus_dev_contention_COMPAT_O1301_N1_P0.2_B4_T0.4_S0_R5_D0.04,19,19,0.029122394827926463,0.029122394827926463,0.0,0.0,1,4,"[[-1, 0], [1], [-1, 2]]","[23, 24, 18]","[0.002900548543892179, 0.051888774993768566, 0.002900705345511466]",0.0005,54,7.5
focus_dev_contention_COMPAT_O1301_N1_P0.2_B4_T0.4_S0_R5_D0.04,19,19,0.029487454250452415,0.029487454250452415,0.0,0.0,1,4,"[[-1, 0], [1], [-1, 2]]","[26, 24, 18]","[0.002900561688524554, 0.054720831908922435, 0.002900705345511466]",0.0005,56,7.7
focus_dev_contention_COMPAT_O1301_N1_P0.2_B4_T0.4_S0_R5_D0.04,19,19,0.029461204345624107,0.029461204345624107,0.0,0.0,1,4,"[[-1, 0], [1], [-1, 2]]","[26, 24, 18]","[0.0029007052220250086, 0.05451030051972748, 0.002900705345511466]",0.0005,58,7.9
focus_dev_contention_COMPAT_O1301_N1_P0.2_B4_T0.4_S0_R5_D0.04,19,19,0.029477131785288446,0.029477131785288446,0.0,0.0,1,4,"[[-1, 0], [1], [-1, 2]]","[26, 24, 18]","[0.002900705345405318, 0.05463723657262356, 0.002900705345511466]",0.0005,60,8.1
focus_dev_contention_COMPAT_O1301_N1_P0.2_B4_T0.4_S0_R5_D0.04,19,19,0.028611256314893835,0.028611256314893835,0.0,0.0,1,4,"[[-1, 0], [1], [-1, 2]]","[26, 24, 18]","[0.002900705345511375, 0.04819275308130717, 0.002900705345511466]",0.0005,62,8.3
focus_dev_contention_COMPAT_O1301_N1_P0.2_B4_T0.4_S0_R5_D0.04,63,63,0.02141739917924301,0.02141739917924301,0.002248228247317713,0.002248228247317713,2,4,"[[-1, 0], [1], [-1, 2]]","[30, 24, 30]","[0.015413796461660408, 0.0033205883040503606, 0.002895681115139399]",0.0005,64,8.5
focus_dev_contention_COMPAT_O1301_N1_P0.2_B4_T0.4_S0_R5_D0.04,63,63,0.022599994909630855,0.022599994909630855,0.0001139976318299818,0.0001139976318299818,1,8,"[[-1, 0], [-1, 1], [-1, 2]]","[30, 24, 30]","[0.0199921437912323, 0.0029010587977975296, 0.002900701025659405]",0.0005,66,8.7
focus_dev_contention_COMPAT_O1301_N1_P0.2_B4_T0.4_S0_R5_D0.04,63,63,0.02709688344102254,0.02709688344102254,0.0,0.0,1,4,"[[0], [-1, 1], [-1, 2]]","[30, 24, 30]","[0.03879917082433413, 0.002900705649328768, 0.002900705341798179]",0.0005,68,8.9
focus_dev_contention_COMPAT_O1301_N1_P0.2_B4_T0.4_S0_R5_D0.04,63,63,0.022400252839924265,0.022400252839924265,0.0,0.0,1,4,"[[0], [-1, 1], [-1, 2]]","[30, 24, 30]","[0.019374405808044788, 0.0029007053457726236, 0.002900705345508274]",0.0005,70,9.1
focus_dev_contention_COMPAT_O1301_N1_P0.2_B4_T0.4_S0_R5_D0.04,6,6,0.02439840708160365,0.02439840708160365,0.0,0.0,1,4,"[[0], [-1, 1], [-1, 2]]","[35, 30, 30]","[0.002885804043361917, 0.002900558005389867, 0.026328462761305762]",0.0005,72,9.3
focus_dev_contention_COMPAT_O1301_N1_P0.2_B4_T0.4_S0_R5_D0.04,6,6,0.02244117699217839,0.02244117699217839,0.0,0.0,1,4,"[[-1, 0], [-1, 1], [2]]","[35, 35, 35]","[0.0028956706384337884, 0.002900204905973785, 0.019517081572993006]",0.0005,74,9.5
focus_dev_contention_COMPAT_O1301_N1_P0.2_B4_T0.4_S0_R5_D0.04,6,6,0.022530317485874078,0.022530317485874078,0.0,0.0,1,4,"[[-1, 0], [-1, 1], [2]]","[35, 35, 35]","[0.0028956775776503856, 0.002900704915329701, 0.01979138955617503]",0.0005,76,9.7
focus_dev_contention_COMPAT_O1301_N1_P0.2_B4_T0.4_S0_R5_D0.04,6,6,0.024414832738422702,0.024414832738422702,0.0,0.0,1,4,"[[-1, 0], [-1, 1], [2]]","[35, 35, 35]","[0.0029007010226170873, 0.0029007053451416877, 0.026333835256306802]",0.0005,78,9.9
focus_dev_contention_COMPAT_O1301_N1_P0.2_B4_T0.4_S0_R5_D0.04,6,6,0.024960741093314524,0.024960741093314524,0.0,0.0,1,4,"[[-1, 0], [-1, 1], [2]]","[35, 35, 35]","[0.0029007053417955653, 0.0029007053455111487, 0.028531026858273252]",0.0005,80,10.1
focus_dev_contention_COMPAT_O1301_N1_P0.2_B4_T0.4_S0_R5_D0.04,6,6,0.024846007025490977,0.024846007025490977,0.0,0.0,1,4,"[[-1, 0], [-1, 1], [2]]","[35, 35, 35]","[0.002900705345508272, 0.002900705345511465, 0.028056683761817632]",0.0005,82,10.3
focus_dev_contention_COMPAT_O1301_N1_P0.2_B4_T0.4_S0_R5_D0.04,6,6,0.026821527784829376,0.026821527784829376,0.0,0.0,1,4,"[[-1, 0], [-1, 1], [2]]","[35, 35, 35]","[0.002900705345511464, 0.002900705345511466, 0.03730270528736249]",0.0005,84,10.5
focus_dev_contention_COMPAT_O1301_N1_P0.2_B4_T0.4_S0_R5_D0.04,6,6,0.02657890743166573,0.02657890743166573,0.0,0.0,1,4,"[[-1, 0], [-1, 1], [2]]","[35, 35, 35]","[0.0028958108326514326, 0.002900705345511466, 0.03605620845443124]",0.0005,86,10.7
focus_dev_contention_COMPAT_O1301_N1_P0.2_B4_T0.4_S0_R5_D0.04,6,6,0.027023486407819416,0.027023486407819416,0.0,0.0,1,4,"[[-1, 0], [-1, 1], [2]]","[35, 35, 35]","[0.0029007011372185025, 0.0029005618103847175, 0.038395406716925366]",0.0005,88,10.9
focus_dev_contention_COMPAT_O1301_N1_P0.2_B4_T0.4_S0_R5_D0.04,6,6,0.025220366503218395,0.025220366503218395,0.0,0.0,1,4,"[[-1, 0], [-1, 1], [2]]","[35, 35, 35]","[0.002900705341894074, 0.0029007052221297585, 0.029630220536614148]",0.0005,90,11.1
focus_dev_contention_COMPAT_O1301_N1_P0.2_B4_T0.4_S0_R5_D0.04,6,6,0.025061026735075872,0.025061026735075872,0.0,0.0,1,4,"[[-1, 0], [-1, 1], [2]]","[35, 35, 35]","[0.0029007053455083567, 0.0028958108325555913, 0.02897196289222057]",0.0005,92,11.3
focus_dev_contention_COMPAT_O1301_N1_P0.2_B4_T0.4_S0_R5_D0.04,6,6,0.022600386273293697,0.022600386273293697,0.0,0.0,1,4,"[[-1, 0], [-1, 1], [2]]","[35, 35, 35]","[0.002900705345511464, 0.0029007011372184197, 0.0199944775760122]",0.0005,94,11.5
focus_dev_contention_COMPAT_O1301_N1_P0.2_B4_T0.4_S0_R5_D0.04,6,6,0.02508606206715894,0.02508606206715894,0.0,0.0,1,4,"[[-1, 0], [-1, 1], [2]]","[35, 35, 35]","[0.002900705345511466, 0.002900705341894074, 0.02905707122549364]",0.0005,96,11.7
focus_dev_contention_COMPAT_O1301_N1_P0.2_B4_T0.4_S0_R5_D0.04,6,6,0.02757920393811447,0.02757920393811447,0.0,0.0,1,4,"[[-1, 0], [-1, 1], [2]]","[35, 35, 35]","[0.002900690675465106, 0.0029007053455083567, 0.04156612867301139]",0.0005,98,11.9
focus_dev_contention_COMPAT_O1301_N1_P0.2_B4_T0.4_S0_R5_D0.04,6,6,0.028923595189538385,0.028923595189538385,0.0,0.0,1,4,"[[-1, 0], [-1, 1], [2]]","[35, 35, 35]","[0.0029007053329012868, 0.002900705345511464, 0.05041467080958101]",0.0005,100,12.1
focus_dev_contention_COMPAT_O1301_N1_P0.2_B4_T0.4_S0_R5_D0.04,6,6,0.028665478119681443,0.028665478119681443,0.0,0.0,1,4,"[[-1, 0], [-1, 1], [2]]","[35, 35, 35]","[0.002900705345500626, 0.002900705345511466, 0.048570670870226006]",0.0005,102,12.3
focus_dev_contention_COMPAT_O1301_N1_P0.2_B4_T0.4_S0_R5_D0.04,6,6,0.02697276379087975,0.02697276379087975,0.0,0.0,1,4,"[[-1, 0], [-1, 1], [2]]","[35, 35, 35]","[0.002900705345511457, 0.002900705345511466, 0.03811744531375904]",0.0005,104,12.5
focus_dev_contention_COMPAT_O1301_N1_P0.2_B4_T0.4_S0_R5_D0.04,6,6,0.02255326889382002,0.02255326889382002,0.0,0.0,1,4,"[[-1, 0], [-1, 1], [2]]","[35, 35, 35]","[0.002900705345511466, 0.002900705345511466, 0.019847199314444754]",0.0005,106,12.7
focus_dev_contention_COMPAT_O1301_N1_P0.2_B4_T0.4_S0_R5_D0.04,6,6,0.024137075576207208,0.024137075576207208,0.0,0.0,1,4,"[[-1, 0], [-1, 1], [2]]","[35, 35, 35]","[0.0028833083194407384, 0.002895681115139399, 0.02535608055668773]",0.0005,108,12.9
focus_dev_contention_COMPAT_O1301_N1_P0.2_B4_T0.4_S0_R5_D0.04,6,6,0.024874864499093544,0.024874864499093544,0.0,0.0,1,4,"[[-1, 0], [-1, 1], [2]]","[35, 35, 35]","[0.0029006903781556427, 0.0028956775850139463, 0.028196122833523636]",0.0005,110,13.1
focus_dev_contention_COMPAT_O1301_N1_P0.2_B4_T0.4_S0_R5_D0.04,6,6,0.02266955307449496,0.02266955307449496,0.0,0.0,1,4,"[[-1, 0], [-1, 1], [2]]","[35, 35, 35]","[0.0028833033768024432, 0.0029005579017691756, 0.02026759300365375]",0.0005,112,13.3
focus_dev_contention_COMPAT_O1301_N1_P0.2_B4_T0.4_S0_R5_D0.04,6,6,0.022370423589850467,0.022370423589850467,0.0,0.0,1,4,"[[-1, 0], [-1, 1], [2]]","[35, 35, 56]","[0.0029006903738995637, 0.0029007052187699184, 0.019283245611538432]",0.0005,114,13.5
focus_dev_contention_COMPAT_O1301_N1_P0.2_B4_T0.4_S0_R5_D0.04,6,6,0.026941686233916958,0.026941686233916958,0.0,0.0,1,4,"[[-1, 0], [-1, 1], [2]]","[35, 35, 56]","[0.002900705332642065, 0.0028958108325529822, 0.03797515232018379]",0.0005,116,13.7
focus_dev_contention_COMPAT_O1301_N1_P0.2_B4_T0.4_S0_R5_D0.04,6,6,0.028660728539682455,0.028660728539682455,0.0,0.0,1,4,"[[-1, 0], [-1, 1], [2]]","[35, 35, 56]","[0.0029007053455004043, 0.0029002021026161176, 0.04854095853697129]",0.0005,118,13.9
focus_dev_contention_COMPAT_O1301_N1_P0.2_B4_T0.4_S0_R5_D0.04,6,6,0.022547138247872186,0.022547138247872186,0.0,0.0,1,4,"[[-1, 0], [-1, 1], [2]]","[35, 35, 58]","[0.0029007053455114558, 0.002900704912919851, 0.019828097961628804]",0.0005,120,14.1
focus_dev_contention_COMPAT_O1301_N1_P0.2_B4_T0.4_S0_R5_D0.04,6,6,0.02257519345408299,0.02257519345408299,0.0,0.0,1,4,"[[-1, 0], [-1, 1], [2]]","[35, 35, 58]","[0.002900705345511466, 0.002900705345139616, 0.01991562511085358]",0.0005,122,14.3
focus_dev_contention_COMPAT_O1301_N1_P0.2_B4_T0.4_S0_R5_D0.04,19,19,0.021355170566303816,0.021355170566303816,0.0019677716653051375,0.0019677716653051375,1,4,"[[-1, 0], [-1, 1], [2]]","[35, 35, 61]","[0.002900705345511466, 0.016060975007479928, 0.003009526283359783]",0.0005,124,14.5
focus_dev_contention_COMPAT_O1301_N1_P0.2_B4_T0.4_S0_R5_D0.04,19,19,0.02661006537932916,0.02661006537932916,0.0,0.0,1,8,"[[-1, 0], [-1, 1], [-1, 2]]","[35, 35, 62]","[0.002900705345511466, 0.036217537442173715, 0.002895757011254142]",0.0005,126,14.7
focus_dev_contention_COMPAT_O1301_N1_P0.2_B4_T0.4_S0_R5_D0.04,63,63,0.024333815086992838,0.024333815086992838,0.0,0.0,1,4,"[[-1, 0], [1], [-1, 2]]","[35, 62, 62]","[0.02600210334288241, 0.0029054245200553362, 0.0029007010909314324]",0.0005,128,14.9
focus_dev_contention_COMPAT_O1301_N1_P0.2_B4_T0.4_S0_R5_D0.04,63,63,0.0273470658572329,0.0273470658572329,0.0,0.0,1,4,"[[0], [-1, 1], [-1, 2]]","[35, 62, 62]","[0.04023923357336975, 0.002895684428820228, 0.0029007053418542866]",0.0005,130,15.1
focus_dev_contention_COMPAT_O1301_N1_P0.2_B4_T0.4_S0_R5_D0.04,63,63,0.028896043594773317,0.028896043594773317,0.0,0.0,1,4,"[[0], [-1, 1], [-1, 2]]","[35, 62, 62]","[0.05021425167274652, 0.0029007010285092404, 0.002900705345508322]",0.0005,132,15.3
focus_dev_contention_COMPAT_O1301_N1_P0.2_B4_T0.4_S0_R5_D0.04,63,63,0.024476293870596827,0.024476293870596827,0.0,0.0,1,4,"[[0], [-1, 1], [-1, 2]]","[64, 62, 62]","[0.026573792190291004, 0.0029007053418006285, 0.002900705345511464]",0.0005,134,15.5
focus_dev_contention_COMPAT_O1301_N1_P0.2_B4_T0.4_S0_R5_D0.04,63,63,0.024871830571277835,0.024871830571277835,0.0,0.0,1,4,"[[0], [-1, 1], [-1, 2]]","[64, 62, 62]","[0.028162847689360598, 0.002900705345508277, 0.002900705345511466]",0.0005,136,15.7
focus_dev_contention_COMPAT_O1301_N1_P0.2_B4_T0.4_S0_R5_D0.04,63,63,0.02467284234158309,0.02467284234158309,0.0,0.0,1,4,"[[0], [-1, 1], [-1, 2]]","[64, 62, 62]","[0.027353608136247067, 0.002900705345511463, 0.002900705345511466]",0.0005,138,15.9
focus_dev_contention_COMPAT_O1301_N1_P0.2_B4_T0.4_S0_R5_D0.04,63,63,0.024624547032504416,0.024624547032504416,0.0,0.0,1,4,"[[0], [-1, 1], [-1, 2]]","[64, 62, 62]","[0.027160223090801305, 0.002900705345511466, 0.002900705345511466]",0.0005,140,16.1
focus_dev_contention_COMPAT_O1301_N1_P0.2_B4_T0.4_S0_R5_D0.04,63,63,0.025017379434923537,0.025017379434923537,0.0,0.0,1,4,"[[0], [-1, 1], [-1, 2]]","[64, 62, 62]","[0.028767734752508912, 0.002900705345511466, 0.002900705345511466]",0.0005,142,16.3
focus_dev_contention_COMPAT_O1301_N1_P0.2_B4_T0.4_S0_R5_D0.04,63,63,0.02503335091353045,0.02503335091353045,0.0,0.0,1,4,"[[0], [-1, 1], [-1, 2]]","[64, 62, 62]","[0.028834792011886715, 0.002900705345511466, 0.002900705345511466]",0.0005,144,16.5
focus_dev_contention_COMPAT_O1301_N1_P0.2_B4_T0.4_S0_R5_D0.04,63,63,0.02548566108675078,0.02548566108675078,0.0,0.0,1,4,"[[0], [-1, 1], [-1, 2]]","[64, 70, 70]","[0.030945606798531394, 0.002883653594804445, 0.002883310304218193]",0.0005,146,16.7
focus_dev_contention_COMPAT_O1301_N1_P0.2_B4_T0.4_S0_R5_D0.04,63,63,0.026366751868544324,0.026366751868544324,0.0,0.0,1,4,"[[0], [-1, 1], [-1, 2]]","[73, 70, 70]","[0.035040509674401706, 0.002900690675465106, 0.002883303241347592]",0.0005,148,16.9
focus_dev_contention_COMPAT_O1301_N1_P0.2_B4_T0.4_S0_R5_D0.04,6,6,0.021392527315348273,0.021392527315348273,0.0021895827410007354,0.0021895827410007354,2,4,"[[0], [-1, 1], [-1, 2]]","[73, 70, 70]","[0.0032386195980517347, 0.0029007053329012868, 0.015550564512356228]",0.0005,150,17.1
focus_dev_contention_COMPAT_O1301_N1_P0.2_B4_T0.4_S0_R5_D0.04,6,6,0.026121823083498412,0.026121823083498412,0.0,0.0,1,4,"[[-1, 0], [-1, 1], [2]]","[73, 74, 70]","[0.0029009909520258826, 0.0029002049929324762, 0.03374800807910039]",0.0005,152,17.3
focus_dev_contention_COMPAT_O1301_N1_P0.2_B4_T0.4_S0_R5_D0.04,6,6,0.028432270200932336,0.028432270200932336,0.0,0.0,1,4,"[[-1, 0], [-1, 1], [2]]","[73, 75, 70]","[0.0029007055910113557, 0.00289568076368532, 0.04700160372048758]",0.0005,154,17.5
focus_dev_contention_COMPAT_O1301_N1_P0.2_B4_T0.4_S0_R5_D0.04,6,6,0.02875391334490182,0.02875391334490182,0.0,0.0,1,4,"[[-1, 0], [-1, 1], [2]]","[73, 76, 70]","[0.002900705345722493, 0.0029002020257685034, 0.04919756863884808]",0.0005,156,17.7
focus_dev_contention_COMPAT_O1301_N1_P0.2_B4_T0.4_S0_R5_D0.04,6,6,0.02866192564831036,0.02866192564831036,0.0,0.0,1,4,"[[-1, 0], [-1, 1], [2]]","[73, 76, 70]","[0.002900705345511647, 0.002900704912853791, 0.04854581530594465]",0.0005,158,17.9
focus_dev_contention_COMPAT_O1301_N1_P0.2_B4_T0.4_S0_R5_D0.04,6,6,0.029245821656013013,0.029245821656013013,0.0,0.0,1,4,"[[-1, 0], [-1, 1], [2]]","[73, 76, 70]","[0.0029007053455114653, 0.0029007053451395592, 0.05282620543088415]",0.0005,160,18.1
focus_dev_contention_COMPAT_O1301_N1_P0.2_B4_T0.4_S0_R5_D0.04,6,6,0.026277610880259004,0.026277610880259004,0.0,0.0,1,4,"[[-1, 0], [-1, 1], [2]]","[73, 76, 80]","[0.002900705345511466, 0.002900705345511147, 0.03450957029258295]",0.0005,162,18.3
focus_dev_contention_COMPAT_O1301_N1_P0.2_B4_T0.4_S0_R5_D0.04,6,6,0.025078548962465426,0.025078548962465426,0.0,0.0,1,4,"[[-1, 0], [-1, 1], [2]]","[73, 76, 81]","[0.002900705345511466, 0.002900705345511465, 0.029025297852010017]",0.0005,164,18.5
focus_dev_contention_COMPAT_O1301_N1_P0.2_B4_T0.4_S0_R5_D0.04,6,6,0.02475697898819557,0.02475697898819557,0.0,0.0,1,4,"[[-1, 0], [-1, 1], [2]]","[79, 79, 82]","[0.0028956691248279496, 0.0028958108326514326, 0.02773364181937862]",0.0005,166,18.7
focus_dev_contention_COMPAT_O1301_N1_P0.2_B4_T0.4_S0_R5_D0.04,6,6,0.022640341545223062,0.022640341545223062,0.0,0.0,1,4,"[[-1, 0], [-1, 1], [2]]","[79, 79, 83]","[0.0029007010153474736, 0.002895677676185185, 0.02013581918980124]",0.0005,168,18.9
focus_dev_contention_COMPAT_O1301_N1_P0.2_B4_T0.4_S0_R5_D0.04,6,6,0.022554486912940767,0.022554486912940767,0.0,0.0,1,4,"[[-1, 0], [-1, 1], [2]]","[79, 79, 84]","[0.002900705341789316, 0.0029005579018400772, 0.01985145585377891]",0.0005,170,19.1
focus_dev_contention_COMPAT_O1301_N1_P0.2_B4_T0.4_S0_R5_D0.04,6,6,0.024322085632905256,0.024322085632905256,0.0,0.0,1,4,"[[-1, 0], [-1, 1], [2]]","[79, 79, 85]","[0.002900705345508267, 0.002900705218769979, 0.0259751179757536]",0.0005,172,19.3
focus_dev_contention_COMPAT_O1301_N1_P0.2_B4_T0.4_S0_R5_D0.04,6,6,0.02754497609070536,0.02754497609070536,0.0,0.0,1,4,"[[-1, 0], [-1, 1], [2]]","[79, 79, 85]","[0.002900705345511463, 0.0029007053454025208, 0.04136327326307287]",0.0005,174,19.5
focus_dev_contention_COMPAT_O1301_N1_P0.2_B4_T0.4_S0_R5_D0.04,19,19,0.02162566970181847,0.02162566970181847,0.0019948067498118324,0.0019948067498118324,1,4,"[[-1, 0], [-1, 1], [2]]","[79, 79, 85]","[0.002900705345511466, 0.01599932765071352, 0.0033029690737915074]",0.0005,176,19.7
focus_dev_contention_COMPAT_O1301_N1_P0.2_B4_T0.4_S0_R5_D0.04,19,19,0.026137730832092337,0.026137730832092337,0.0,0.0,1,4,"[[-1, 0], [1], [-1, 2]]","[79, 79, 85]","[0.002900705345511466, 0.033822462477210935, 0.0029010442606199893]",0.0005,178,19.9
focus_dev_contention_COMPAT_O1301_N1_P0.2_B4_T0.4_S0_R5_D0.04,19,19,0.027753458760687598,0.027753458760687598,0.0,0.0,1,4,"[[-1, 0], [1], [-1, 2]]","[79, 79, 85]","[0.002900705345511466, 0.04261424175289158, 0.002900705636833246]",0.0005,180,20.1
focus_dev_contention_COMPAT_O1301_N1_P0.2_B4_T0.4_S0_R5_D0.04,19,19,0.02905807744908122,0.02905807744908122,0.0,0.0,1,4,"[[-1, 0], [1], [-1, 2]]","[79, 79, 85]","[0.002900705345511466, 0.05140589038024806, 0.0029007053457618826]",0.0005,182,20.3
focus_dev_contention_COMPAT_O1301_N1_P0.2_B4_T0.4_S0_R5_D0.04,19,19,0.029643468489337573,0.029643468489337573,0.0,0.0,1,4,"[[-1, 0], [1], [-1, 2]]","[79, 79, 85]","[0.002900705345511466, 0.055983277392293467, 0.0029007053455116817]",0.0005,184,20.5
focus_dev_contention_COMPAT_O1301_N1_P0.2_B4_T0.4_S0_R5_D0.04,19,19,0.029956778459819592,0.029956778459819592,0.0,0.0,1,4,"[[-1, 0], [1], [-1, 2]]","[79, 79, 85]","[0.002900705345511466, 0.058623929876977385, 0.0029007053455114653]",0.0005,186,20.7
focus_dev_contention_COMPAT_O1301_N1_P0.2_B4_T0.4_S0_R5_D0.04,19,19,0.029643760747291848,0.029643760747291848,0.0,0.0,1,4,"[[-1, 0], [1], [-1, 2]]","[79, 79, 85]","[0.002900705345511466, 0.05598567565743763, 0.002900705345511466]",0.0005,188,20.9
focus_dev_contention_COMPAT_O1301_N1_P0.2_B4_T0.4_S0_R5_D0.04,19,19,0.02959220586949981,0.02959220586949981,0.0,0.0,1,4,"[[-1, 0], [1], [-1, 2]]","[79, 79, 85]","[0.002900705345511466, 0.05556443761451908, 0.002900705345511466]",0.0005,190,21.1
focus_dev_contention_COMPAT_O1301_N1_P0.2_B4_T0.4_S0_R5_D0.04,19,19,0.029249140223684023,0.029249140223684023,0.0,0.0,1,4,"[[-1, 0], [1], [-1, 2]]","[79, 79, 85]","[0.002900705345511466, 0.05285170357869645, 0.002900705345511466]",0.0005,192,21.3
focus_dev_contention_COMPAT_O1301_N1_P0.2_B4_T0.4_S0_R5_D0.04,19,19,0.0250783498622749,0.0250783498622749,0.0,0.0,1,4,"[[-1, 0], [1], [-1, 2]]","[79, 96, 85]","[0.002900705345511466, 0.02902445625882908, 0.002900705345511466]",0.0005,194,21.5
focus_dev_contention_COMPAT_O1301_N1_P0.2_B4_T0.4_S0_R5_D0.04,19,19,0.022624890815512198,0.022624890815512198,0.0,0.0,1,4,"[[-1, 0], [1], [-1, 2]]","[79, 96, 85]","[0.002900705345511466, 0.020071369418360983, 0.002900705345511466]",0.0005,196,21.7
focus_dev_contention_COMPAT_O1301_N1_P0.2_B4_T0.4_S0_R5_D0.04,19,19,0.022537832381392717,0.022537832381392717,0.0,0.0,1,4,"[[-1, 0], [1], [-1, 2]]","[94, 96, 97]","[0.002883653594804445, 0.01985379448452844, 0.002900204992939919]",0.0005,198,21.9
focus_dev_contention_COMPAT_O1301_N2_P0.2_B4_T0.4_S0_R5_D0.04,134,134,0.03744173394715578,0.03744173394715578,0.0,0.0,1,1,"[[0], [1], [2]]","[0, 0, 0]","[0.003487961161124542, 0.21215969125117692, 0.003487961161124542]",0.0005,0,2.1
focus_dev_contention_COMPAT_O1301_N2_P0.2_B4_T0.4_S0_R5_D0.04,19,19,0.03261113243209813,0.03261113243209813,0.005834429922862504,0.005834429922862504,1,4,"[[0, 1], [1], [-1, 2]]","[0, 0, 0]","[0.0029011956433948843, 0.08838852232870907, 0.002900532238241299]",0.0005,2,2.3
focus_dev_contention_COMPAT_O1301_N2_P0.2_B4_T0.4_S0_R5_D0.04,19,19,0.029952374320321704,0.029952374320321704,0.0,0.0,1,4,"[[-1, 0], [1], [-1, 2]]","[0, 0, 0]","[0.0029007057669543585, 0.05858581728306528, 0.0029007051967095475]",0.0005,4,2.5
focus_dev_contention_COMPAT_O1301_N2_P0.2_B4_T0.4_S0_R5_D0.04,19,19,0.02994776259645284,0.02994776259645284,0.0,0.0,1,4,"[[-1, 0], [1], [-1, 2]]","[0, 0, 0]","[0.002900705345873732, 0.05854594418410399, 0.002900705345383557]",0.0005,6,2.7
focus_dev_contention_COMPAT_O1301_N2_P0.2_B4_T0.4_S0_R5_D0.04,19,19,0.0296893585948226,0.0296893585948226,0.0,0.0,1,4,"[[-1, 0], [1], [-1, 2]]","[0, 0, 0]","[0.002900705345511778, 0.05636130406602701, 0.002900705345511357]",0.0005,8,2.9
focus_dev_contention_COMPAT_O1301_N2_P0.2_B4_T0.4_S0_R5_D0.04,19,19,0.029479794060089267,0.029479794060089267,0.0,0.0,1,4,"[[-1, 0], [1], [-1, 2]]","[0, 0, 0]","[0.002900705345511466, 0.05465848696134967, 0.0029007053455114653]",0.0005,10,3.1
focus_dev_contention_COMPAT_O1301_N2_P0.2_B4_T0.4_S0_R5_D0.04,19,19,0.029460548856346205,0.029460548856346205,0.0,0.0,1,4,"[[-1, 0], [1], [-1, 2]]","[0, 0, 0]","[0.002900705345511466, 0.054505082680289335, 0.002900705345511466]",0.0005,12,3.3
focus_dev_contention_COMPAT_O1301_N2_P0.2_B4_T0.4_S0_R5_D0.04,19,19,0.029445388204695503,0.029445388204695503,0.0,0.0,1,4,"[[-1, 0], [1], [-1, 2]]","[0, 0, 0]","[0.002900705345511466, 0.05438458172331341, 0.002900705345511466]",0.0005,14,3.5
focus_dev_contention_COMPAT_O1301_N2_P0.2_B4_T0.4_S0_R5_D0.04,19,19,0.029321670471100136,0.029321670471100136,0.0,0.0,1,4,"[[-1, 0], [1], [-1, 2]]","[0, 0, 1]","[0.002900705345511466, 0.053416358504429357, 0.002900204992939919]",0.0005,16,3.7
focus_dev_contention_COMPAT_O1301_N2_P0.2_B4_T0.4_S0_R5_D0.04,19,19,0.02748547962338821,0.02748547962338821,0.0,0.0,1,4,"[[-1, 0], [1], [-1, 2]]","[1, 1, 1]","[0.0028835551767458496, 0.04114339558825769, 0.002895668883161515]",0.0005,18,3.9
focus_dev_contention_COMPAT_O1301_N2_P0.2_B4_T0.4_S0_R5_D0.04,19,19,0.02510742476297291,0.02510742476297291,0.0,0.0,1,4,"[[-1, 0], [1], [-1, 2]]","[1, 1, 1]","[0.002883303340946584, 0.02924287846347522, 0.0028956775764166897]",0.0005,20,4.1
focus_dev_contention_COMPAT_O1301_N2_P0.2_B4_T0.4_S0_R5_D0.04,19,19,0.025323053514653665,0.025323053514653665,0.0,0.0,1,4,"[[-1, 0], [1], [-1, 2]]","[1, 1, 1]","[0.002900194703672339, 0.03007738431971101, 0.0029007010226160274]",0.0005,22,4.3
focus_dev_contention_COMPAT_O1301_N2_P0.2_B4_T0.4_S0_R5_D0.04,19,19,0.027304620435444082,0.027304620435444082,0.0,0.0,1,4,"[[-1, 0], [1], [-1, 2]]","[1, 1, 1]","[0.002900704906559497, 0.0399673977682125, 0.0029007053417955636]",0.0005,24,4.5
focus_dev_contention_COMPAT_O1301_N2_P0.2_B4_T0.4_S0_R5_D0.04,19,19,0.02841908669420975,0.02841908669420975,0.0,0.0,1,4,"[[-1, 0], [1], [-1, 2]]","[1, 1, 1]","[0.002900705345134149, 0.04687877762812902, 0.002900705345508272]",0.0005,26,4.7
focus_dev_contention_COMPAT_O1301_N2_P0.2_B4_T0.4_S0_R5_D0.04,19,19,0.028834095021537345,0.028834095021537345,0.0,0.0,1,4,"[[-1, 0], [1], [-1, 2]]","[1, 1, 1]","[0.002900705345511141, 0.049766717166253104, 0.002900705345511464]",0.0005,28,4.9
focus_dev_contention_COMPAT_O1301_N2_P0.2_B4_T0.4_S0_R5_D0.04,19,19,0.029161689648001976,0.029161689648001976,0.0,0.0,1,4,"[[-1, 0], [1], [-1, 2]]","[1, 1, 1]","[0.002900705345511466, 0.052184372194523536, 0.002900705345511466]",0.0005,30,5.1
focus_dev_contention_COMPAT_O1301_N2_P0.2_B4_T0.4_S0_R5_D0.04,19,19,0.025416717527199297,0.025416717527199297,0.0,0.0,1,4,"[[-1, 0], [1], [-1, 2]]","[1, 14, 1]","[0.002900705345511466, 0.03048612338152309, 0.002900705345511466]",0.0005,32,5.3
focus_dev_contention_COMPAT_O1301_N2_P0.2_B4_T0.4_S0_R5_D0.04,19,19,0.022620907370397982,0.022620907370397982,0.0,0.0,1,4,"[[-1, 0], [1], [-1, 2]]","[15, 14, 1]","[0.002900204992939919, 0.02006042484639811, 0.002900705345511466]",0.0005,34,5.5
focus_dev_contention_COMPAT_O1301_N2_P0.2_B4_T0.4_S0_R5_D0.04,19,19,0.02424088843614011,0.02424088843614011,0.0,0.0,1,4,"[[-1, 0], [1], [-1, 2]]","[15, 14, 1]","[0.00290070491540446, 0.025664429112223365, 0.002900705345511466]",0.0005,36,5.7
focus_dev_contention_COMPAT_O1301_N2_P0.2_B4_T0.4_S0_R5_D0.04,19,19,0.025295192650910975,0.025295192650910975,0.0,0.0,1,4,"[[-1, 0], [1], [-1, 2]]","[15, 14, 17]","[0.002900705345141751, 0.02997568436204104, 0.002895681115139399]",0.0005,38,5.9
focus_dev_contention_COMPAT_O1301_N2_P0.2_B4_T0.4_S0_R5_D0.04,19,19,0.02804975092454215,0.02804975092454215,0.0,0.0,1,4,"[[-1, 0], [1], [-1, 2]]","[15, 14, 17]","[0.0028956811151391385, 0.04452384891360477, 0.0028956775850139463]",0.0005,40,6.1
focus_dev_contention_COMPAT_O1301_N2_P0.2_B4_T0.4_S0_R5_D0.04,19,19,0.026648734125274638,0.026648734125274638,0.0,0.0,1,4,"[[-1, 0], [1], [-1, 2]]","[15, 14, 17]","[0.002900557904514414, 0.03639340478603134, 0.0029007010226234213]",0.0005,42,6.3
focus_dev_contention_COMPAT_O1301_N2_P0.2_B4_T0.4_S0_R5_D0.04,19,19,0.028337314503692524,0.028337314503692524,0.0,0.0,1,4,"[[-1, 0], [1], [-1, 2]]","[15, 14, 17]","[0.002900705218772278, 0.04633138852990313, 0.002900705341795571]",0.0005,44,6.5
focus_dev_contention_COMPAT_O1301_N2_P0.2_B4_T0.4_S0_R5_D0.04,19,19,0.025177163412718903,0.025177163412718903,0.0,0.0,1,4,"[[-1, 0], [1], [-1, 2]]","[15, 14, 17]","[0.0029007053454025234, 0.02944477533006034, 0.002900705345508272]",0.0005,46,6.7
focus_dev_contention_COMPAT_O1301_N2_P0.2_B4_T0.4_S0_R5_D0.04,19,19,0.026659947135929146,0.026659947135929146,0.0,0.0,1,4,"[[-1, 0], [1], [-1, 2]]","[15, 14, 17]","[0.002900705345511373, 0.0364510140967149, 0.002900705345511464]",0.0005,48,6.9
focus_dev_contention_COMPAT_O1301_N2_P0.2_B4_T0.4_S0_R5_D0.04,19,19,0.02670786698221294,0.02670786698221294,0.0,0.0,1,4,"[[-1, 0], [1], [-1, 2]]","[15, 14, 17]","[0.002900705345511466, 0.036701611048801, 0.002900705345511466]",0.0005,50,7.1
focus_dev_contention_COMPAT_O1301_N2_P0.2_B4_T0.4_S0_R5_D0.04,19,19,0.02529196420904366,0.02529196420904366,0.0,0.0,1,4,"[[-1, 0], [1], [-1, 2]]","[15, 24, 17]","[0.002900690675465106, 0.02993987937760911, 0.002900705345511466]",0.0005,52,7.3
focus_dev_contention_COMPAT_O1301_N2_P0.2_B4_T0.4_S0_R5_D0.04,19,19,0.02539606339185299,0.02539606339185299,0.0,0.0,1,4,"[[-1, 0], [1], [-1, 2]]","[15, 25, 17]","[0.0029007053329012868, 0.030395068242186636, 0.002900705345511466]",0.0005,54,7.5
focus_dev_contention_COMPAT_O1301_N2_P0.2_B4_T0.4_S0_R5_D0.04,19,19,0.02803445590805102,0.02803445590805102,0.0,0.0,1,4,"[[-1, 0], [1], [-1, 2]]","[15, 25, 17]","[0.002900705345500626, 0.04436250813989408, 0.002900705345511466]",0.0005,56,7.7
focus_dev_contention_COMPAT_O1301_N2_P0.2_B4_T0.4_S0_R5_D0.04,19,19,0.028893937224854952,0.028893937224854952,0.0,0.0,1,4,"[[-1, 0], [1], [-1, 2]]","[15, 25, 17]","[0.002900705345511457, 0.05019893176594986, 0.002900705345511466]",0.0005,58,7.9
focus_dev_contention_COMPAT_O1301_N2_P0.2_B4_T0.4_S0_R5_D0.04,19,19,0.02925104879890161,0.02925104879890161,0.0,0.0,1,4,"[[-1, 0], [1], [-1, 2]]","[15, 25, 17]","[0.002900705345511466, 0.052866374352254844, 0.002900705345511466]",0.0005,60,8.1
focus_dev_contention_COMPAT_O1301_N2_P0.2_B4_T0.4_S0_R5_D0.04,19,19,0.02853350663447407,0.02853350663447407,0.0,0.0,1,4,"[[-1, 0], [1], [-1, 2]]","[15, 25, 17]","[0.002900705345511466, 0.04765640488977634, 0.002900705345511466]",0.0005,62,8.3
focus_dev_contention_COMPAT_O1301_N2_P0.2_B4_T0.4_S0_R5_D0.04,63,63,0.021421404622842123,0.021421404622842123,0.002248312841107533,0.002248312841107533,2,4,"[[-1, 0], [1], [-1, 2]]","[28, 25, 17]","[0.015413598609183298, 0.003319645063324099, 0.002900705345511466]",0.0005,64,8.5
focus_dev_contention_COMPAT_O1301_N2_P0.2_B4_T0.4_S0_R5_D0.04,63,63,0.025277326823076197,0.025277326823076197,0.0,0.0,1,8,"[[-1, 0], [-1, 1], [-1, 2]]","[28, 25, 17]","[0.029874761382686826, 0.002901058020193684, 0.002900705345511466]",0.0005,66,8.7
focus_dev_contention_COMPAT_O1301_N2_P0.2_B4_T0.4_S0_R5_D0.04,63,63,0.028050700198730356,0.028050700198730356,0.0,0.0,1,4,"[[0], [-1, 1], [-1, 2]]","[28, 29, 29]","[0.044529073569206296, 0.0028958111065976416, 0.002895677676185185]",0.0005,68,8.9
focus_dev_contention_COMPAT_O1301_N2_P0.2_B4_T0.4_S0_R5_D0.04,63,63,0.028447706531274417,0.028447706531274417,0.0,0.0,1,4,"[[0], [-1, 1], [-1, 2]]","[28, 29, 29]","[0.04710605633112433, 0.002900701137454099, 0.0028956775825968767]",0.0005,70,9.1
focus_dev_contention_COMPAT_O1301_N2_P0.2_B4_T0.4_S0_R5_D0.04,6,6,0.02228919765872814,0.02228919765872814,0.000593441430258343,0.000593441430258343,1,4,"[[0], [-1, 1], [-1, 2]]","[28, 29, 29]","[0.002904987147433824, 0.0029007053418942776, 0.019023465056032973]",0.0005,72,9.3
focus_dev_contention_COMPAT_O1301_N2_P0.2_B4_T0.4_S0_R5_D0.04,6,6,0.022401352062963672,0.022401352062963672,0.0,0.0,1,4,"[[-1, 0], [-1, 1], [2]]","[28, 29, 29]","[0.0029006931838291773, 0.0028833103042167265, 0.019431147860320033]",0.0005,74,9.5
focus_dev_contention_COMPAT_O1301_N2_P0.2_B4_T0.4_S0_R5_D0.04,6,6,0.022534421655840305,0.022534421655840305,0.0,0.0,1,4,"[[-1, 0], [-1, 1], [2]]","[28, 36, 37]","[0.0029007053350574457, 0.002900194707796739, 0.019790103718420885]",0.0005,76,9.7
focus_dev_contention_COMPAT_O1301_N2_P0.2_B4_T0.4_S0_R5_D0.04,6,6,0.024414789273810456,0.024414789273810456,0.0,0.0,1,4,"[[-1, 0], [-1, 1], [2]]","[28, 36, 38]","[0.0029007011372103775, 0.002900704906563042, 0.026333667453799354]",0.0005,78,9.9
focus_dev_contention_COMPAT_O1301_N2_P0.2_B4_T0.4_S0_R5_D0.04,6,6,0.02668594510350737,0.02668594510350737,0.0,0.0,1,4,"[[-1, 0], [-1, 1], [2]]","[28, 36, 38]","[0.0029007053418940677, 0.002900705345134152, 0.0365867643231386]",0.0005,80,10.1
focus_dev_contention_COMPAT_O1301_N2_P0.2_B4_T0.4_S0_R5_D0.04,6,6,0.026553170472264263,0.026553170472264263,0.0,0.0,1,4,"[[-1, 0], [-1, 1], [2]]","[28, 38, 38]","[0.0029007053455083563, 0.002900194911123048, 0.03590117284239851]",0.0005,82,10.3
focus_dev_contention_COMPAT_O1301_N2_P0.2_B4_T0.4_S0_R5_D0.04,6,6,0.025034514735545146,0.025034514735545146,0.0,0.0,1,4,"[[-1, 0], [-1, 1], [2]]","[28, 38, 38]","[0.002900705345511464, 0.0029007049067378277, 0.028839685553064244]",0.0005,84,10.5
focus_dev_contention_COMPAT_O1301_N2_P0.2_B4_T0.4_S0_R5_D0.04,6,6,0.022764303751781838,0.022764303751781838,0.0,0.0,1,4,"[[-1, 0], [-1, 1], [2]]","[28, 38, 38]","[0.002900705345511466, 0.0029007053451343017, 0.020513063924389386]",0.0005,86,10.7
focus_dev_contention_COMPAT_O1301_N2_P0.2_B4_T0.4_S0_R5_D0.04,6,6,0.02472676023067216,0.02472676023067216,0.0,0.0,1,4,"[[-1, 0], [-1, 1], [2]]","[28, 38, 38]","[0.002900705345511466, 0.0029007053455111413, 0.027570889776588274]",0.0005,88,10.9
focus_dev_contention_COMPAT_O1301_N2_P0.2_B4_T0.4_S0_R5_D0.04,6,6,0.025003805471539974,0.025003805471539974,0.0,0.0,1,4,"[[-1, 0], [-1, 1], [2]]","[28, 38, 44]","[0.002900705345511466, 0.002900705345511466, 0.02871085034311068]",0.0005,90,11.1
focus_dev_contention_COMPAT_O1301_N2_P0.2_B4_T0.4_S0_R5_D0.04,6,6,0.02793549418227584,0.02793549418227584,0.0,0.0,1,4,"[[-1, 0], [-1, 1], [2]]","[28, 44, 44]","[0.002900705345511466, 0.002895677676185186, 0.043769915319398035]",0.0005,92,11.3
focus_dev_contention_COMPAT_O1301_N2_P0.2_B4_T0.4_S0_R5_D0.04,6,6,0.028712796600413818,0.028712796600413818,0.0,0.0,1,4,"[[-1, 0], [-1, 1], [2]]","[28, 44, 44]","[0.002900705345511466, 0.0029007010227018303, 0.04890314078322669]",0.0005,94,11.5
focus_dev_contention_COMPAT_O1301_N2_P0.2_B4_T0.4_S0_R5_D0.04,6,6,0.02867941445624804,0.02867941445624804,0.0,0.0,1,4,"[[-1, 0], [-1, 1], [2]]","[46, 46, 44]","[0.002883310304218193, 0.0028833103024661203, 0.0489130398291419]",0.0005,96,11.7
focus_dev_contention_COMPAT_O1301_N2_P0.2_B4_T0.4_S0_R5_D0.04,6,6,0.028853303616971308,0.028853303616971308,0.0,0.0,1,4,"[[-1, 0], [-1, 1], [2]]","[46, 46, 44]","[0.0029006903798647226, 0.0028833032413468794, 0.05003075982762074]",0.0005,98,11.9
focus_dev_contention_COMPAT_O1301_N2_P0.2_B4_T0.4_S0_R5_D0.04,6,6,0.02321841559608252,0.02321841559608252,0.0,0.0,1,4,"[[-1, 0], [-1, 1], [2]]","[46, 46, 46]","[0.0029007053326471923, 0.0028833032384747784, 0.022061097934103924]",0.0005,100,12.1
focus_dev_contention_COMPAT_O1301_N2_P0.2_B4_T0.4_S0_R5_D0.04,6,6,0.024013569419427214,0.024013569419427214,0.0,0.0,1,4,"[[-1, 0], [-1, 1], [2]]","[46, 46, 46]","[0.0029007011372085053, 0.0029001947036116455, 0.02481275883117943]",0.0005,102,12.3
focus_dev_contention_COMPAT_O1301_N2_P0.2_B4_T0.4_S0_R5_D0.04,6,6,0.02460963845969911,0.02460963845969911,0.0,0.0,1,4,"[[-1, 0], [-1, 1], [2]]","[46, 46, 46]","[0.0029007053418940655, 0.002900704906559444, 0.02710076246985336]",0.0005,104,12.5
focus_dev_contention_COMPAT_O1301_N2_P0.2_B4_T0.4_S0_R5_D0.04,6,6,0.022548600222317583,0.022548600222317583,0.0,0.0,1,4,"[[-1, 0], [-1, 1], [2]]","[46, 46, 46]","[0.0029007053455083563, 0.002900705345134149, 0.019832650812129884]",0.0005,106,12.7
focus_dev_contention_COMPAT_O1301_N2_P0.2_B4_T0.4_S0_R5_D0.04,6,6,0.02415930657264811,0.02415930657264811,0.0,0.0,1,4,"[[-1, 0], [-1, 1], [2]]","[46, 46, 46]","[0.002900705345511464, 0.002900705345511141, 0.02535536335724118]",0.0005,108,12.9
focus_dev_contention_COMPAT_O1301_N2_P0.2_B4_T0.4_S0_R5_D0.04,6,6,0.024874863609176612,0.024874863609176612,0.0,0.0,1,4,"[[-1, 0], [-1, 1], [2]]","[46, 46, 46]","[0.002900705345511466, 0.002895681115139398, 0.028196042918499135]",0.0005,110,13.1
focus_dev_contention_COMPAT_O1301_N2_P0.2_B4_T0.4_S0_R5_D0.04,6,6,0.027292385690195785,0.027292385690195785,0.0,0.0,1,4,"[[-1, 0], [-1, 1], [2]]","[46, 54, 46]","[0.002900705345511466, 0.0029005579045144132, 0.03989846716174153]",0.0005,112,13.3
focus_dev_contention_COMPAT_O1301_N2_P0.2_B4_T0.4_S0_R5_D0.04,6,6,0.02813208504209099,0.02813208504209099,0.0,0.0,1,4,"[[-1, 0], [-1, 1], [2]]","[46, 54, 46]","[0.002900705345511466, 0.002900705218772278, 0.04498734514937091]",0.0005,114,13.5
focus_dev_contention_COMPAT_O1301_N2_P0.2_B4_T0.4_S0_R5_D0.04,6,6,0.029039082850678424,0.029039082850678424,0.0,0.0,1,4,"[[-1, 0], [-1, 1], [2]]","[46, 56, 46]","[0.002900705345511466, 0.002895681115050378, 0.051301919518575455]",0.0005,116,13.7
focus_dev_contention_COMPAT_O1301_N2_P0.2_B4_T0.4_S0_R5_D0.04,6,6,0.02949527167665587,0.02949527167665587,0.0,0.0,1,4,"[[-1, 0], [-1, 1], [2]]","[46, 56, 46]","[0.002900705345511466, 0.0028953558843253647, 0.05482505521300616]",0.0005,118,13.9
focus_dev_contention_COMPAT_O1301_N2_P0.2_B4_T0.4_S0_R5_D0.04,6,6,0.029266731284309448,0.029266731284309448,0.0,0.0,1,4,"[[-1, 0], [-1, 1], [2]]","[46, 56, 46]","[0.002900705345511466, 0.002900700745949386, 0.052987131163883205]",0.0005,120,14.1
focus_dev_contention_COMPAT_O1301_N2_P0.2_B4_T0.4_S0_R5_D0.04,6,6,0.02928462592214756,0.02928462592214756,0.0,0.0,1,4,"[[-1, 0], [-1, 1], [2]]","[46, 56, 46]","[0.002900705345511466, 0.002900705341557744, 0.05312522539367181]",0.0005,122,14.3
focus_dev_contention_COMPAT_O1301_N2_P0.2_B4_T0.4_S0_R5_D0.04,19,19,0.02166821532212381,0.02166821532212381,0.0019677716653465765,0.0019677716653465765,1,4,"[[-1, 0], [-1, 1], [2]]","[46, 56, 46]","[0.002900705345511466, 0.016060975007385535, 0.0033225710392148604]",0.0005,124,14.5
focus_dev_contention_COMPAT_O1301_N2_P0.2_B4_T0.4_S0_R5_D0.04,19,19,0.026615368800184253,0.026615368800184253,0.0,0.0,1,8,"[[-1, 0], [-1, 1], [-1, 2]]","[46, 56, 46]","[0.002900705345511466, 0.03621753744211501, 0.0029010604321205633]",0.0005,126,14.7
focus_dev_contention_COMPAT_O1301_N2_P0.2_B4_T0.4_S0_R5_D0.04,63,63,0.02433979567398544,0.02433979567398544,0.0,0.0,1,4,"[[-1, 0], [1], [-1, 2]]","[46, 56, 46]","[0.02600210334288241, 0.0029114005472458096, 0.0029007056507335594]",0.0005,128,14.9
focus_dev_contention_COMPAT_O1301_N2_P0.2_B4_T0.4_S0_R5_D0.04,63,63,0.027347071735922872,0.027347071735922872,0.0,0.0,1,4,"[[0], [-1, 1], [-1, 2]]","[46, 56, 63]","[0.04023923357336975, 0.002900714534010701, 0.0028956811153537827]",0.0005,130,15.1
focus_dev_contention_COMPAT_O1301_N2_P0.2_B4_T0.4_S0_R5_D0.04,63,63,0.028895900478680105,0.028895900478680105,0.0,0.0,1,4,"[[0], [-1, 1], [-1, 2]]","[46, 56, 63]","[0.05021425167274652, 0.0029007053534097693, 0.00290055790451458]",0.0005,132,15.3
focus_dev_contention_COMPAT_O1301_N2_P0.2_B4_T0.4_S0_R5_D0.04,63,63,0.02951760228787317,0.02951760228787317,0.0,0.0,1,4,"[[0], [-1, 1], [-1, 2]]","[46, 56, 63]","[0.054961294754165745, 0.0029007053455182554, 0.0029007052187722767]",0.0005,134,15.5
focus_dev_contention_COMPAT_O1301_N2_P0.2_B4_T0.4_S0_R5_D0.04,63,63,0.02925700480543426,0.02925700480543426,0.0,0.0,1,4,"[[0], [-1, 1], [-1, 2]]","[46, 56, 66]","[0.052916036871453485, 0.0029007053455114722, 0.002900204992865112]",0.0005,136,15.7
focus_dev_contention_COMPAT_O1301_N2_P0.2_B4_T0.4_S0_R5_D0.04,63,63,0.028901730420049905,0.028901730420049905,0.0,0.0,1,4,"[[0], [-1, 1], [-1, 2]]","[46, 56, 66]","[0.05025552554077239, 0.002900705345511466, 0.002900704915404395]",0.0005,138,15.9
focus_dev_contention_COMPAT_O1301_N2_P0.2_B4_T0.4_S0_R5_D0.04,63,63,0.02866314778408131,0.02866314778408131,0.0,0.0,1,4,"[[0], [-1, 1], [-1, 2]]","[46, 56, 66]","[0.048554362673198515, 0.002900705345511466, 0.0029007053451417524]",0.0005,140,16.1
focus_dev_contention_COMPAT_O1301_N2_P0.2_B4_T0.4_S0_R5_D0.04,63,63,0.029289546654089466,0.029289546654089466,0.0,0.0,1,4,"[[0], [-1, 1], [-1, 2]]","[46, 56, 66]","[0.0531632798752974, 0.002900705345511466, 0.0029007053455111487]",0.0005,142,16.3
focus_dev_contention_COMPAT_O1301_N2_P0.2_B4_T0.4_S0_R5_D0.04,63,63,0.02950638977995757,0.02950638977995757,0.0,0.0,1,4,"[[0], [-1, 1], [-1, 2]]","[46, 56, 66]","[0.054871293317601676, 0.002900705345511466, 0.002900705345511465]",0.0005,144,16.5
focus_dev_contention_COMPAT_O1301_N2_P0.2_B4_T0.4_S0_R5_D0.04,63,63,0.025704723523696613,0.025704723523696613,0.0,0.0,1,4,"[[0], [-1, 1], [-1, 2]]","[70, 56, 70]","[0.03186145914339233, 0.002900705345511466, 0.002883303380975559]",0.0005,146,16.7
focus_dev_contention_COMPAT_O1301_N2_P0.2_B4_T0.4_S0_R5_D0.04,63,63,0.02776550338754704,0.02776550338754704,0.0,0.0,1,4,"[[0], [-1, 1], [-1, 2]]","[70, 70, 70]","[0.04290067073980028, 0.002883303380975559, 0.002883303238531573]",0.0005,148,16.9
focus_dev_contention_COMPAT_O1301_N2_P0.2_B4_T0.4_S0_R5_D0.04,6,6,0.02145609583346644,0.02145609583346644,0.0021895827410278457,0.0021895827410278457,2,4,"[[0], [-1, 1], [-1, 2]]","[70, 70, 70]","[0.0033022030751919647, 0.002900690373903159, 0.015550564512293183]",0.0005,150,17.1
focus_dev_contention_COMPAT_O1301_N2_P0.2_B4_T0.4_S0_R5_D0.04,6,6,0.026105324352555827,0.026105324352555827,0.0,0.0,1,4,"[[-1, 0], [-1, 1], [2]]","[70, 70, 70]","[0.002901043628040557, 0.0028836535859824534, 0.033748008079065306]",0.0005,152,17.3
focus_dev_contention_COMPAT_O1301_N2_P0.2_B4_T0.4_S0_R5_D0.04,6,6,0.028437280157979885,0.028437280157979885,0.0,0.0,1,4,"[[-1, 0], [-1, 1], [2]]","[70, 70, 70]","[0.0029007056362895084, 0.0029006906754575103, 0.0470016037204687]",0.0005,154,17.5
focus_dev_contention_COMPAT_O1301_N2_P0.2_B4_T0.4_S0_R5_D0.04,6,6,0.02513150095111282,0.02513150095111282,0.0,0.0,1,4,"[[-1, 0], [-1, 1], [2]]","[70, 70, 70]","[0.0029007053457614142, 0.0029007053329012807, 0.029249884346826065]",0.0005,156,17.7
focus_dev_contention_COMPAT_O1301_N2_P0.2_B4_T0.4_S0_R5_D0.04,6,6,0.024718684701200186,0.024718684701200186,0.0,0.0,1,4,"[[-1, 0], [-1, 1], [2]]","[70, 70, 70]","[0.002900705345511681, 0.002900705345500626, 0.027538253141696]",0.0005,158,17.9
focus_dev_contention_COMPAT_O1301_N2_P0.2_B4_T0.4_S0_R5_D0.04,6,6,0.02501802449890851,0.02501802449890851,0.0,0.0,1,4,"[[-1, 0], [-1, 1], [2]]","[70, 70, 70]","[0.0029007053455114653, 0.002900705345511457, 0.028770440461026538]",0.0005,160,18.1
focus_dev_contention_COMPAT_O1301_N2_P0.2_B4_T0.4_S0_R5_D0.04,6,6,0.025022790482573432,0.025022790482573432,0.0,0.0,1,4,"[[-1, 0], [-1, 1], [2]]","[70, 70, 70]","[0.002900204992939919, 0.002900705345511466, 0.028792538294410343]",0.0005,162,18.3
focus_dev_contention_COMPAT_O1301_N2_P0.2_B4_T0.4_S0_R5_D0.04,6,6,0.024941960786773125,0.024941960786773125,0.0,0.0,1,4,"[[-1, 0], [-1, 1], [2]]","[70, 70, 70]","[0.002883303241347592, 0.002900705345511466, 0.028525288074575477]",0.0005,164,18.5
focus_dev_contention_COMPAT_O1301_N2_P0.2_B4_T0.4_S0_R5_D0.04,6,6,0.024750713037515925,0.024750713037515925,0.0,0.0,1,4,"[[-1, 0], [-1, 1], [2]]","[70, 70, 70]","[0.0028956688781893503, 0.002900705345511466, 0.02768831998345405]",0.0005,166,18.7
focus_dev_contention_COMPAT_O1301_N2_P0.2_B4_T0.4_S0_R5_D0.04,6,6,0.02726096993939047,0.02726096993939047,0.0,0.0,1,4,"[[-1, 0], [-1, 1], [2]]","[82, 70, 70]","[0.00290055789499822, 0.002900705345511466, 0.03971987596813452]",0.0005,168,18.9
focus_dev_contention_COMPAT_O1301_N2_P0.2_B4_T0.4_S0_R5_D0.04,6,6,0.028621216514559702,0.028621216514559702,0.0,0.0,1,4,"[[-1, 0], [-1, 1], [2]]","[82, 70, 70]","[0.002900705218764097, 0.002900705345511466, 0.048261934785447345]",0.0005,170,19.1
focus_dev_contention_COMPAT_O1301_N2_P0.2_B4_T0.4_S0_R5_D0.04,6,6,0.02827711896540817,0.02827711896540817,0.0,0.0,1,4,"[[-1, 0], [-1, 1], [2]]","[82, 70, 70]","[0.0029007053454025164, 0.002900705345511466, 0.04593280032561151]",0.0005,172,19.3
focus_dev_contention_COMPAT_O1301_N2_P0.2_B4_T0.4_S0_R5_D0.04,6,6,0.025313005947600158,0.025313005947600158,0.0,0.0,1,4,"[[-1, 0], [-1, 1], [2]]","[82, 70, 86]","[0.002900705345511373, 0.002900705345511466, 0.030031344940631283]",0.0005,174,19.5
focus_dev_contention_COMPAT_O1301_N2_P0.2_B4_T0.4_S0_R5_D0.04,19,19,0.02147664052222192,0.02147664052222192,0.0019948067498105904,0.0019948067498105904,1,4,"[[-1, 0], [-1, 1], [2]]","[82, 70, 87]","[0.002900705345511466, 0.015999327650716363, 0.0031539398941938944]",0.0005,176,19.7
focus_dev_contention_COMPAT_O1301_N2_P0.2_B4_T0.4_S0_R5_D0.04,19,19,0.024936418041445974,0.024936418041445974,0.0,0.0,1,4,"[[-1, 0], [1], [-1, 2]]","[82, 87, 88]","[0.002900705345511466, 0.028450031613141184, 0.0028958560948039603]",0.0005,178,19.9
focus_dev_contention_COMPAT_O1301_N2_P0.2_B4_T0.4_S0_R5_D0.04,19,19,0.02520666939234527,0.02520666939234527,0.0,0.0,1,4,"[[-1, 0], [1], [-1, 2]]","[82, 88, 88]","[0.002900705345511466, 0.029571948475246544, 0.0029005580405875525]",0.0005,180,20.1
focus_dev_contention_COMPAT_O1301_N2_P0.2_B4_T0.4_S0_R5_D0.04,19,19,0.02707500951117325,0.02707500951117325,0.0,0.0,1,4,"[[-1, 0], [1], [-1, 2]]","[82, 89, 88]","[0.002900705345511466, 0.0386781609112314, 0.002900705218889245]",0.0005,182,20.3
focus_dev_contention_COMPAT_O1301_N2_P0.2_B4_T0.4_S0_R5_D0.04,19,19,0.028830468607283225,0.028830468607283225,0.0,0.0,1,4,"[[-1, 0], [1], [-1, 2]]","[82, 89, 88]","[0.002900705345511466, 0.04974065703747894, 0.002900705345402623]",0.0005,184,20.5
focus_dev_contention_COMPAT_O1301_N2_P0.2_B4_T0.4_S0_R5_D0.04,19,19,0.024347865145993963,0.024347865145993963,0.0,0.0,1,4,"[[-1, 0], [1], [-1, 2]]","[82, 93, 88]","[0.002900705345511466, 0.02607440931678726, 0.002900705345511373]",0.0005,186,20.7
focus_dev_contention_COMPAT_O1301_N2_P0.2_B4_T0.4_S0_R5_D0.04,19,19,0.026546073318760043,0.026546073318760043,0.0,0.0,1,4,"[[-1, 0], [1], [-1, 2]]","[82, 93, 88]","[0.002900705345511466, 0.03586211732010288, 0.002900705345511466]",0.0005,188,20.9
focus_dev_contention_COMPAT_O1301_N2_P0.2_B4_T0.4_S0_R5_D0.04,19,19,0.02838191053349294,0.02838191053349294,0.0,0.0,1,4,"[[-1, 0], [1], [-1, 2]]","[82, 93, 88]","[0.002900705345511466, 0.046629063545991924, 0.002900705345511466]",0.0005,190,21.1
focus_dev_contention_COMPAT_O1301_N2_P0.2_B4_T0.4_S0_R5_D0.04,19,19,0.028781962083250567,0.028781962083250567,0.0,0.0,1,4,"[[-1, 0], [1], [-1, 2]]","[82, 93, 94]","[0.002900705345511466, 0.049517698671108556, 0.002883310304218193]",0.0005,192,21.3
focus_dev_contention_COMPAT_O1301_N2_P0.2_B4_T0.4_S0_R5_D0.04,19,19,0.028801971801340365,0.028801971801340365,0.0,0.0,1,4,"[[-1, 0], [1], [-1, 2]]","[94, 93, 94]","[0.0029005618103847175, 0.04954107300596908, 0.0029001947077967397]",0.0005,194,21.5
focus_dev_contention_COMPAT_O1301_N2_P0.2_B4_T0.4_S0_R5_D0.04,19,19,0.02870626918354221,0.02870626918354221,0.0,0.0,1,4,"[[-1, 0], [1], [-1, 2]]","[96, 93, 94]","[0.0029002049082196783, 0.048860632846338826, 0.002900704906563042]",0.0005,196,21.7
focus_dev_contention_COMPAT_O1301_N2_P0.2_B4_T0.4_S0_R5_D0.04,19,19,0.028623139559062427,0.028623139559062427,0.0,0.0,1,4,"[[-1, 0], [1], [-1, 2]]","[96, 93, 94]","[0.0029007049153316326, 0.04827530625390196, 0.002900705345134152]",0.0005,198,21.9
focus_dev_partial_COMPAT_O1000_N1_P0.2_B4_T0.4_S0_R5_D0.04,134,134,0.04005861238338364,0.04005861238338364,0.0,0.0,1,1,"[[0], [1], [2]]","[0, 0, 0]","[0.003487952734749409, 0.20003958262279878, 0.003487952734749409]",0.0005,0,2.1
focus_dev_partial_COMPAT_O1000_N1_P0.2_B4_T0.4_S0_R5_D0.04,19,19,0.024551714641205723,0.024551714641205723,0.0,0.0,1,4,"[[0, 1], [1], [-1, 2]]","[0, 1, 0]","[0.0028789705827921793, 0.023869576763919733, 0.002878298275031213]",0.0005,2,2.3
focus_dev_partial_COMPAT_O1000_N1_P0.2_B4_T0.4_S0_R5_D0.04,19,19,0.02313376648020928,0.02313376648020928,0.0,0.0,1,4,"[[-1, 0], [1], [-1, 2]]","[0, 2, 0]","[0.002878383404309938, 0.019663305860798203, 0.0028783827353862975]",0.0005,4,2.5
focus_dev_partial_COMPAT_O1000_N1_P0.2_B4_T0.4_S0_R5_D0.04,19,19,0.025434391404425348,0.025434391404425348,0.0,0.0,1,4,"[[-1, 0], [1], [-1, 2]]","[0, 3, 0]","[0.002878382820089675, 0.026802382129643657, 0.0028783828194241007]",0.0005,6,2.7
focus_dev_partial_COMPAT_O1000_N1_P0.2_B4_T0.4_S0_R5_D0.04,19,19,0.02332518254677661,0.02332518254677661,0.0,0.0,1,4,"[[-1, 0], [1], [-1, 2]]","[0, 4, 0]","[0.0028783828195083788, 0.020198363756500942, 0.002878382819507716]",0.0005,8,2.9
focus_dev_partial_COMPAT_O1000_N1_P0.2_B4_T0.4_S0_R5_D0.04,19,19,0.023094372323233064,0.023094372323233064,0.0,0.0,1,4,"[[-1, 0], [1], [-1, 2]]","[0, 5, 0]","[0.0028783828195078015, 0.019554394254567672, 0.0028783828195077994]",0.0005,10,3.1
focus_dev_partial_COMPAT_O1000_N1_P0.2_B4_T0.4_S0_R5_D0.04,19,19,0.024800227128994927,0.024800227128994927,0.0,0.0,1,4,"[[-1, 0], [1], [-1, 2]]","[0, 6, 0]","[0.0028783828195078002, 0.024670507332320367, 0.0028783828195078002]",0.0005,12,3.3
focus_dev_partial_COMPAT_O1000_N1_P0.2_B4_T0.4_S0_R5_D0.04,19,19,0.028377531863923604,0.028377531863923604,0.0,0.0,1,4,"[[-1, 0], [1], [-1, 2]]","[0, 6, 0]","[0.0028783828195078002, 0.03877147946719692, 0.0028783828195078002]",0.0005,14,3.5
focus_dev_partial_COMPAT_O1000_N1_P0.2_B4_T0.4_S0_R5_D0.04,19,19,0.023243166859040335,0.023243166859040335,0.0,0.0,1,4,"[[-1, 0], [1], [-1, 2]]","[0, 8, 0]","[0.0028783828195078002, 0.019967914278915685, 0.0028783828195078002]",0.0005,16,3.7
focus_dev_partial_COMPAT_O1000_N1_P0.2_B4_T0.4_S0_R5_D0.04,19,19,0.023016621670934316,0.023016621670934316,0.0,0.0,1,4,"[[-1, 0], [1], [-1, 2]]","[0, 9, 0]","[0.0028783828195078002, 0.0193406281945031, 0.0028783828195078002]",0.0005,18,3.9
focus_dev_partial_COMPAT_O1000_N1_P0.2_B4_T0.4_S0_R5_D0.04,19,19,0.024932199512496863,0.024932199512496863,0.0,0.0,1,4,"[[-1, 0], [1], [-1, 2]]","[0, 10, 0]","[0.0028783828195078002, 0.025103074032765675, 0.0028783828195078002]",0.0005,20,4.1
focus_dev_partial_COMPAT_O1000_N1_P0.2_B4_T0.4_S0_R5_D0.04,19,19,0.023359127957083607,0.023359127957083607,0.0,0.0,1,4,"[[-1, 0], [1], [-1, 2]]","[9, 11, 0]","[0.0028782421349087964, 0.02029467134119733, 0.0028783828195078002]",0.0005,22,4.3
focus_dev_partial_COMPAT_O1000_N1_P0.2_B4_T0.4_S0_R5_D0.04,63,63,0.025111858775168198,0.025111858775168198,0.0,0.0,1,4,"[[-1, 0], [1], [-1, 2]]","[9, 12, 0]","[0.025693577209314977, 0.002880645431554048, 0.0028783828195078002]",0.0005,24,4.5
focus_dev_partial_COMPAT_O1000_N1_P0.2_B4_T0.4_S0_R5_D0.04,0,0,0.02095814315654712,0.02095814315654712,0.0016787077305168846,0.0016787077305168846,1,4,"[[0], [-1, 1], [-1, 2]]","[11, 12, 0]","[0.003171054544904128, 0.0028782442019556387, 0.014908844409687354]",0.0005,26,4.7
focus_dev_partial_COMPAT_O1000_N1_P0.2_B4_T0.4_S0_R5_D0.04,6,6,0.02693444968746388,0.02693444968746388,0.0,0.0,1,8,"[[-1, 0], [-1, 1], [-1, 2]]","[11, 12, 0]","[0.0028786696317860388, 0.0028783826815833575, 0.03243090392980338]",0.0005,28,4.9
focus_dev_partial_COMPAT_O1000_N1_P0.2_B4_T0.4_S0_R5_D0.04,6,6,0.023609925173221902,0.023609925173221902,0.0,0.0,1,4,"[[-1, 0], [-1, 1], [2]]","[13, 12, 15]","[0.002862177722149702, 0.002878382819370566, 0.02105962563829113]",0.0005,30,5.1
focus_dev_partial_COMPAT_O1000_N1_P0.2_B4_T0.4_S0_R5_D0.04,6,6,0.023231373939748914,0.023231373939748914,0.0,0.0,1,4,"[[-1, 0], [-1, 1], [2]]","[13, 12, 16]","[0.0028783666818667088, 0.0028783828195076645, 0.01993497127728201]",0.0005,32,5.3
focus_dev_partial_COMPAT_O1000_N1_P0.2_B4_T0.4_S0_R5_D0.04,6,6,0.02307954739173795,0.02307954739173795,0.0,0.0,1,4,"[[-1, 0], [-1, 1], [2]]","[13, 12, 17]","[0.0028783828034509534, 0.0028783828195077994, 0.019513513199195]",0.0005,34,5.5
focus_dev_partial_COMPAT_O1000_N1_P0.2_B4_T0.4_S0_R5_D0.04,6,6,0.023171330439641466,0.023171330439641466,0.0,0.0,1,4,"[[-1, 0], [-1, 1], [2]]","[13, 12, 18]","[0.002878382819491824, 0.0028783828195078002, 0.019767540656808556]",0.0005,36,5.7
focus_dev_partial_COMPAT_O1000_N1_P0.2_B4_T0.4_S0_R5_D0.04,6,6,0.025475847771006012,0.025475847771006012,0.0,0.0,1,4,"[[-1, 0], [-1, 1], [2]]","[13, 12, 19]","[0.0028783828195077846, 0.0028783828195078002, 0.026946545026644193]",0.0005,38,5.9
focus_dev_partial_COMPAT_O1000_N1_P0.2_B4_T0.4_S0_R5_D0.04,6,6,0.025963544953302168,0.025963544953302168,0.0,0.0,1,4,"[[-1, 0], [-1, 1], [2]]","[17, 12, 20]","[0.0028782421349087964, 0.0028783828195078002, 0.028689576642560492]",0.0005,40,6.1
focus_dev_partial_COMPAT_O1000_N1_P0.2_B4_T0.4_S0_R5_D0.04,6,6,0.02605400888435128,0.02605400888435128,0.0,0.0,1,4,"[[-1, 0], [-1, 1], [2]]","[17, 12, 21]","[0.002878382679526632, 0.0028783828195078002, 0.029021992376229745]",0.0005,42,6.3
focus_dev_partial_COMPAT_O1000_N1_P0.2_B4_T0.4_S0_R5_D0.04,6,6,0.02314771240443322,0.02314771240443322,0.0,0.0,1,4,"[[-1, 0], [-1, 1], [2]]","[17, 20, 22]","[0.00287838281936852, 0.0028737946713376806, 0.01971468954049649]",0.0005,44,6.5
focus_dev_partial_COMPAT_O1000_N1_P0.2_B4_T0.4_S0_R5_D0.04,6,6,0.02327516357418364,0.02327516357418364,0.0,0.0,1,4,"[[-1, 0], [-1, 1], [2]]","[17, 20, 23]","[0.0028783828195076623, 0.0028783782532375702, 0.020057617852706353]",0.0005,46,6.7
focus_dev_partial_COMPAT_O1000_N1_P0.2_B4_T0.4_S0_R5_D0.04,6,6,0.02329845252054165,0.02329845252054165,0.0,0.0,1,4,"[[-1, 0], [-1, 1], [2]]","[17, 20, 24]","[0.0028783828195077994, 0.0028783828149643934, 0.02012305907962383]",0.0005,48,6.9
focus_dev_partial_COMPAT_O1000_N1_P0.2_B4_T0.4_S0_R5_D0.04,6,6,0.02330372476629747,0.02330372476629747,0.0,0.0,1,4,"[[-1, 0], [-1, 1], [2]]","[17, 20, 25]","[0.0028783828195078002, 0.0028783828195032795, 0.020137897007062776]",0.0005,50,7.1
focus_dev_partial_COMPAT_O1000_N1_P0.2_B4_T0.4_S0_R5_D0.04,6,6,0.023316407188186394,0.023316407188186394,0.0,0.0,1,4,"[[-1, 0], [-1, 1], [2]]","[17, 20, 26]","[0.0028783828195078002, 0.0028783828195077963, 0.020173620353922297]",0.0005,52,7.3
focus_dev_partial_COMPAT_O1000_N1_P0.2_B4_T0.4_S0_R5_D0.04,6,6,0.02561629046023721,0.02561629046023721,0.0,0.0,1,4,"[[-1, 0], [-1, 1], [2]]","[17, 20, 27]","[0.0028783828195078002, 0.0028783828195078002, 0.027439466593404932]",0.0005,54,7.5
focus_dev_partial_COMPAT_O1000_N1_P0.2_B4_T0.4_S0_R5_D0.04,6,6,0.02333355362845394,0.02333355362845394,0.0,0.0,1,4,"[[-1, 0], [-1, 1], [2]]","[17, 20, 28]","[0.0028783828195078002, 0.0028783828195078002, 0.02022198656327897]",0.0005,56,7.7
focus_dev_partial_COMPAT_O1000_N1_P0.2_B4_T0.4_S0_R5_D0.04,6,6,0.023340318995354527,0.023340318995354527,0.0,0.0,1,4,"[[-1, 0], [-1, 1], [2]]","[17, 26, 29]","[0.0028783828195078002, 0.0028782421349087964, 0.020241489338556424]",0.0005,58,7.9
focus_dev_partial_COMPAT_O1000_N1_P0.2_B4_T0.4_S0_R5_D0.04,6,6,0.02313286491542838,0.02313286491542838,0.0,0.0,1,4,"[[-1, 0], [-1, 1], [2]]","[17, 26, 30]","[0.0028783828195078002, 0.002878382679526632, 0.019660810520757285]",0.0005,60,8.1
focus_dev_partial_COMPAT_O1000_N1_P0.2_B4_T0.4_S0_R5_D0.04,6,6,0.023247894531694915,0.023247894531694915,0.0,0.0,1,4,"[[-1, 0], [-1, 1], [2]]","[17, 26, 31]","[0.0028783828195078002, 0.00287838281936852, 0.019981149320457876]",0.0005,62,8.3
focus_dev_partial_COMPAT_O1000_N1_P0.2_B4_T0.4_S0_R5_D0.04,6,6,0.023089361865932932,0.023089361865932932,0.0,0.0,1,4,"[[-1, 0], [-1, 1], [2]]","[17, 26, 32]","[0.0028783828195078002, 0.0028783828195076623, 0.019540571026467043]",0.0005,64,8.5
focus_dev_partial_COMPAT_O1000_N1_P0.2_B4_T0.4_S0_R5_D0.04,6,6,0.023027452732789236,0.023027452732789236,0.0,0.0,1,4,"[[-1, 0], [-1, 1], [2]]","[17, 26, 32]","[0.0028783828195078002, 0.0028783828195077994, 0.019370312504832878]",0.0005,66,8.7
focus_dev_partial_COMPAT_O1000_N1_P0.2_B4_T0.4_S0_R5_D0.04,6,6,0.022991717359898398,0.022991717359898398,0.0,0.0,1,4,"[[-1, 0], [-1, 1], [2]]","[32, 26, 32]","[0.0028782421349087964, 0.0028783828195078002, 0.019272873722714478]",0.0005,68,8.9
focus_dev_partial_COMPAT_O1000_N1_P0.2_B4_T0.4_S0_R5_D0.04,6,6,0.023188524277418694,0.023188524277418694,0.0,0.0,1,4,"[[-1, 0], [-1, 1], [2]]","[32, 26, 35]","[0.002878382679526632, 0.0028783828195078002, 0.01981537527380078]",0.0005,70,9.1
focus_dev_partial_COMPAT_O1000_N1_P0.2_B4_T0.4_S0_R5_D0.04,6,6,0.023158848695165084,0.023158848695165084,0.0,0.0,1,4,"[[-1, 0], [-1, 1], [2]]","[32, 26, 36]","[0.00287838281936852, 0.0028783828195078002, 0.01973286470511652]",0.0005,72,9.3
focus_dev_partial_COMPAT_O1000_N1_P0.2_B4_T0.4_S0_R5_D0.04,6,6,0.023019573189017407,0.023019573189017407,0.0,0.0,1,4,"[[-1, 0], [-1, 1], [2]]","[32, 26, 37]","[0.0028783828195076623, 0.0028783828195078002, 0.019348714296552414]",0.0005,74,9.5
focus_dev_partial_COMPAT_O1000_N1_P0.2_B4_T0.4_S0_R5_D0.04,6,6,0.023194984727346067,0.023194984727346067,0.0,0.0,1,4,"[[-1, 0], [-1, 1], [2]]","[34, 26, 38]","[0.0028621775720355258, 0.0028783828195078002, 0.019878551812924156]",0.0005,76,9.7
focus_dev_partial_COMPAT_O1000_N1_P0.2_B4_T0.4_S0_R5_D0.04,6,6,0.023038930064159333,0.023038930064159333,0.0,0.0,1,4,"[[-1, 0], [-1, 1], [2]]","[34, 26, 39]","[0.0028783666817170928, 0.0028783828195078002, 0.019401845593493082]",0.0005,78,9.9
focus_dev_partial_COMPAT_O1000_N1_P0.2_B4_T0.4_S0_R5_D0.04,6,6,0.02297870951933393,0.02297870951933393,0.0,0.0,1,4,"[[-1, 0], [-1, 1], [2]]","[34, 26, 40]","[0.002878382803450804, 0.0028783828195078002, 0.01923696330257116]",0.0005,80,10.1
focus_dev_partial_COMPAT_O1000_N1_P0.2_B4_T0.4_S0_R5_D0.04,6,6,0.02333637349672581,0.02333637349672581,0.0,0.0,1,4,"[[-1, 0], [-1, 1], [2]]","[34, 26, 41]","[0.0028783828194918243, 0.0028783828195078002, 0.02022994835308989]",0.0005,82,10.3
focus_dev_partial_COMPAT_O1000_N1_P0.2_B4_T0.4_S0_R5_D0.04,6,6,0.023138574617218452,0.023138574617218452,0.0,0.0,1,4,"[[-1, 0], [-1, 1], [2]]","[34, 26, 42]","[0.0028783828195077846, 0.0028783828195078002, 0.019676628227402706]",0.0005,84,10.5
focus_dev_partial_COMPAT_O1000_N1_P0.2_B4_T0.4_S0_R5_D0.04,6,6,0.023256717530000894,0.023256717530000894,0.0,0.0,1,4,"[[-1, 0], [-1, 1], [2]]","[34, 41, 43]","[0.0028783828195078002, 0.0028782421349087964, 0.020006259373479496]",0.0005,86,10.7
focus_dev_partial_COMPAT_O1000_N1_P0.2_B4_T0.4_S0_R5_D0.04,6,6,0.023005670251122108,0.023005670251122108,0.0,0.0,1,4,"[[-1, 0], [-1, 1], [2]]","[34, 41, 44]","[0.0028783828195078002, 0.002878382679526632, 0.019310645364013022]",0.0005,88,10.9
focus_dev_partial_COMPAT_O1000_N1_P0.2_B4_T0.4_S0_R5_D0.04,6,6,0.02500804472602352,0.02500804472602352,0.0,0.0,1,4,"[[-1, 0], [-1, 1], [2]]","[34, 41, 45]","[0.0028783828195078002, 0.00287838281936852, 0.02535425976050794]",0.0005,90,11.1
focus_dev_partial_COMPAT_O1000_N1_P0.2_B4_T0.4_S0_R5_D0.04,6,6,0.025966465813829047,0.025966465813829047,0.0,0.0,1,4,"[[-1, 0], [-1, 1], [2]]","[34, 41, 46]","[0.0028783828195078002, 0.0028783828195076623, 0.028699762286842224]",0.0005,92,11.3
focus_dev_partial_COMPAT_O1000_N1_P0.2_B4_T0.4_S0_R5_D0.04,6,6,0.025775020996354175,0.025775020996354175,0.0,0.0,1,4,"[[-1, 0], [-1, 1], [2]]","[34, 41, 47]","[0.0028783828195078002, 0.0028783828195077994, 0.028005139783691776]",0.0005,94,11.5
focus_dev_partial_COMPAT_O1000_N1_P0.2_B4_T0.4_S0_R5_D0.04,6,6,0.023275228629808808,0.023275228629808808,0.0,0.0,1,4,"[[-1, 0], [-1, 1], [2]]","[34, 41, 48]","[0.0028783828195078002, 0.0028783828195078002, 0.02005778767108541]",0.0005,96,11.7
focus_dev_partial_COMPAT_O1000_N1_P0.2_B4_T0.4_S0_R5_D0.04,6,6,0.02328242116080914,0.02328242116080914,0.0,0.0,1,4,"[[-1, 0], [-1, 1], [2]]","[47, 41, 49]","[0.0028782421349087964, 0.0028783828195078002, 0.020078382266529735]",0.0005,98,11.9
focus_dev_partial_COMPAT_O1000_N1_P0.2_B4_T0.4_S0_R5_D0.04,6,6,0.024730562920153815,0.024730562920153815,0.0,0.0,1,4,"[[-1, 0], [-1, 1], [2]]","[47, 41, 50]","[0.002878382679526632, 0.0028783828195078002, 0.024444447274162347]",0.0005,100,12.1
focus_dev_partial_COMPAT_O1000_N1_P0.2_B4_T0.4_S0_R5_D0.04,6,6,0.025512819517015457,0.025512819517015457,0.0,0.0,1,4,"[[-1, 0], [-1, 1], [2]]","[47, 41, 51]","[0.00287838281936852, 0.0028783828195078002, 0.027075625474736856]",0.0005,102,12.3
focus_dev_partial_COMPAT_O1000_N1_P0.2_B4_T0.4_S0_R5_D0.04,0,0,0.020920721275353934,0.020920721275353934,0.00177004862508693,0.00177004862508693,1,4,"[[-1, 0], [-1, 1], [2]]","[47, 41, 52]","[0.0028783828195076623, 0.015028122251482727, 0.0030142162043635436]",0.0005,104,12.5
focus_dev_partial_COMPAT_O1000_N1_P0.2_B4_T0.4_S0_R5_D0.04,19,19,0.027493904720683315,0.027493904720683315,0.0,0.0,1,8,"[[-1, 0], [-1, 1], [-1, 2]]","[47, 41, 52]","[0.0028783828195077994, 0.03477289801525674, 0.002877979451367165]",0.0005,106,12.7
focus_dev_partial_COMPAT_O1000_N1_P0.2_B4_T0.4_S0_R5_D0.04,19,19,0.029194268965286742,0.029194268965286742,0.0,0.0,1,4,"[[-1, 0], [1], [-1, 2]]","[47, 41, 52]","[0.0028783828195078002, 0.042843577476573566, 0.0028783824181510026]",0.0005,108,12.9
focus_dev_partial_COMPAT_O1000_N1_P0.2_B4_T0.4_S0_R5_D0.04,19,19,0.026133269809647603,0.026133269809647603,0.0,0.0,1,4,"[[-1, 0], [1], [-1, 2]]","[47, 55, 52]","[0.0028783828195078002, 0.02931626544893303, 0.0028783828191084534]",0.0005,110,13.1
focus_dev_partial_COMPAT_O1000_N1_P0.2_B4_T0.4_S0_R5_D0.04,19,19,0.025905308947203998,0.025905308947203998,0.0,0.0,1,4,"[[-1, 0], [1], [-1, 2]]","[47, 56, 52]","[0.0028783828195078002, 0.028476376740386264, 0.0028783828195074034]",0.0005,112,13.3
focus_dev_partial_COMPAT_O1000_N1_P0.2_B4_T0.4_S0_R5_D0.04,19,19,0.025644381617470142,0.025644381617470142,0.0,0.0,1,4,"[[-1, 0], [1], [-1, 2]]","[47, 57, 52]","[0.0028783828195078002, 0.02753890899346506, 0.0028783828195078002]",0.0005,114,13.5
focus_dev_partial_COMPAT_O1000_N1_P0.2_B4_T0.4_S0_R5_D0.04,19,19,0.025783521686077483,0.025783521686077483,0.0,0.0,1,4,"[[-1, 0], [1], [-1, 2]]","[47, 58, 52]","[0.0028783828195078002, 0.02803569397223812, 0.0028783828195078002]",0.0005,116,13.7
focus_dev_partial_COMPAT_O1000_N1_P0.2_B4_T0.4_S0_R5_D0.04,19,19,0.026067807425546066,0.026067807425546066,0.0,0.0,1,4,"[[-1, 0], [1], [-1, 2]]","[47, 59, 52]","[0.0028783828195078002, 0.02907304837387308, 0.0028783828195078002]",0.0005,118,13.9
focus_dev_partial_COMPAT_O1000_N1_P0.2_B4_T0.4_S0_R5_D0.04,19,19,0.023070220304610412,0.023070220304610412,0.0,0.0,1,4,"[[-1, 0], [1], [-1, 2]]","[47, 60, 52]","[0.0028783828195078002, 0.019487822320580613, 0.0028783828195078002]",0.0005,120,14.1
focus_dev_partial_COMPAT_O1000_N1_P0.2_B4_T0.4_S0_R5_D0.04,19,19,0.02329089942286544,0.02329089942286544,0.0,0.0,1,4,"[[-1, 0], [1], [-1, 2]]","[47, 61, 52]","[0.0028783828195078002, 0.02010181501074835, 0.0028783828195078002]",0.0005,122,14.3
focus_dev_partial_COMPAT_O1000_N1_P0.2_B4_T0.4_S0_R5_D0.04,19,19,0.0230461109506941,0.0230461109506941,0.0,0.0,1,4,"[[-1, 0], [1], [-1, 2]]","[58, 62, 52]","[0.0028624381206134118, 0.01946535197938424, 0.0028783828195078002]",0.0005,124,14.5
focus_dev_partial_COMPAT_O1000_N1_P0.2_B4_T0.4_S0_R5_D0.04,19,19,0.023119232700376947,0.023119232700376947,0.0,0.0,1,4,"[[-1, 0], [1], [-1, 2]]","[58, 63, 52]","[0.0028783669413978345, 0.019623122196290754, 0.0028783828195078002]",0.0005,126,14.7
focus_dev_partial_COMPAT_O1000_N1_P0.2_B4_T0.4_S0_R5_D0.04,19,19,0.025384104075074847,0.025384104075074847,0.0,0.0,1,4,"[[-1, 0], [1], [-1, 2]]","[58, 64, 52]","[0.002878382803709186, 0.026628320941740138, 0.0028783828195078002]",0.0005,128,14.9
focus_dev_partial_COMPAT_O1000_N1_P0.2_B4_T0.4_S0_R5_D0.04,19,19,0.025734222242852982,0.025734222242852982,0.0,0.0,1,4,"[[-1, 0], [1], [-1, 2]]","[58, 65, 52]","[0.0028783828194920806, 0.02785886590127209, 0.0028783828195078002]",0.0005,130,15.1
focus_dev_partial_COMPAT_O1000_N1_P0.2_B4_T0.4_S0_R5_D0.04,19,19,0.02603228356696075,0.02603228356696075,0.0,0.0,1,4,"[[-1, 0], [1], [-1, 2]]","[58, 66, 52]","[0.002878382819507784, 0.028941752803207738, 0.0028783828195078002]",0.0005,132,15.3
focus_dev_partial_COMPAT_O1000_N1_P0.2_B4_T0.4_S0_R5_D0.04,19,19,0.02603368292920895,0.02603368292920895,0.0,0.0,1,4,"[[-1, 0], [1], [-1, 2]]","[58, 67, 52]","[0.0028783828195078002, 0.028946915696067704, 0.0028783828195078002]",0.0005,134,15.5
focus_dev_partial_COMPAT_O1000_N1_P0.2_B4_T0.4_S0_R5_D0.04,19,19,0.025605735461827688,0.025605735461827688,0.0,0.0,1,4,"[[-1, 0], [1], [-1, 2]]","[58, 68, 52]","[0.0028783828195078002, 0.027402175579958898, 0.0028783828195078002]",0.0005,136,15.7
focus_dev_partial_COMPAT_O1000_N1_P0.2_B4_T0.4_S0_R5_D0.04,19,19,0.023636761582264337,0.023636761582264337,0.0,0.0,1,4,"[[-1, 0], [1], [-1, 2]]","[58, 69, 52]","[0.0028783828195078002, 0.02109050770238902, 0.0028783828195078002]",0.0005,138,15.9
focus_dev_partial_COMPAT_O1000_N1_P0.2_B4_T0.4_S0_R5_D0.04,19,19,0.025386474392402214,0.025386474392402214,0.0,0.0,1,4,"[[-1, 0], [1], [-1, 2]]","[58, 70, 52]","[0.0028783828195078002, 0.02663650546169328, 0.0028783828195078002]",0.0005,140,16.1
focus_dev_partial_COMPAT_O1000_N1_P0.2_B4_T0.4_S0_R5_D0.04,0,0,0.021007385480568845,0.021007385480568845,0.0017567329886614552,0.0017567329886614552,1,4,"[[-1, 0], [1], [-1, 2]]","[58, 71, 52]","[0.015010752616366656, 0.0031182500446943905, 0.0028783828195078002]",0.0005,142,16.3
focus_dev_partial_COMPAT_O1000_N1_P0.2_B4_T0.4_S0_R5_D0.04,63,63,0.02714786604047176,0.02714786604047176,0.0,0.0,1,8,"[[-1, 0], [-1, 1], [-1, 2]]","[58, 71, 52]","[0.03330741422957431, 0.0028784579545592616, 0.0028783828195078002]",0.0005,144,16.5
focus_dev_partial_COMPAT_O1000_N1_P0.2_B4_T0.4_S0_R5_D0.04,63,63,0.026886351904418432,0.026886351904418432,0.0,0.0,1,4,"[[0], [-1, 1], [-1, 2]]","[73, 71, 52]","[0.032237468839727154, 0.0028783828942663277, 0.0028783828195078002]",0.0005,146,16.7
focus_dev_partial_COMPAT_O1000_N1_P0.2_B4_T0.4_S0_R5_D0.04,6,6,0.024932808063554367,0.024932808063554367,0.0,0.0,1,4,"[[0], [-1, 1], [-1, 2]]","[73, 71, 52]","[0.0028874979218522483, 0.002878382819582185, 0.025075020282095985]",0.0005,148,16.9
focus_dev_partial_COMPAT_O1000_N1_P0.2_B4_T0.4_S0_R5_D0.04,6,6,0.026526244601191334,0.026526244601191334,0.0,0.0,1,4,"[[-1, 0], [-1, 1], [2]]","[74, 71, 75]","[0.0028782504584748095, 0.002878382819507875, 0.030812224259025085]",0.0005,150,17.1
focus_dev_partial_COMPAT_O1000_N1_P0.2_B4_T0.4_S0_R5_D0.04,6,6,0.025977467695336733,0.025977467695336733,0.0,0.0,1,4,"[[-1, 0], [-1, 1], [2]]","[74, 71, 76]","[0.0028783826878086374, 0.0028783828195078007, 0.028740098698715966]",0.0005,152,17.3
focus_dev_partial_COMPAT_O1000_N1_P0.2_B4_T0.4_S0_R5_D0.04,6,6,0.025595757783682074,0.025595757783682074,0.0,0.0,1,4,"[[-1, 0], [-1, 1], [2]]","[74, 75, 77]","[0.002878382819376761, 0.0028621775720355258, 0.02742417284985547]",0.0005,154,17.5
focus_dev_partial_COMPAT_O1000_N1_P0.2_B4_T0.4_S0_R5_D0.04,6,6,0.02334243816238872,0.02334243816238872,0.0,0.0,1,4,"[[-1, 0], [-1, 1], [2]]","[74, 75, 78]","[0.002878382819507671, 0.0028783666817170928, 0.020247124564696]",0.0005,156,17.7
focus_dev_partial_COMPAT_O1000_N1_P0.2_B4_T0.4_S0_R5_D0.04,6,6,0.023558103948085902,0.023558103948085902,0.0,0.0,1,4,"[[-1, 0], [-1, 1], [2]]","[74, 75, 79]","[0.0028783828195077994, 0.002878382803450804, 0.020862766555985728]",0.0005,158,17.9
focus_dev_partial_COMPAT_O1000_N1_P0.2_B4_T0.4_S0_R5_D0.04,6,6,0.022984652630993873,0.022984652630993873,0.0,0.0,1,4,"[[-1, 0], [-1, 1], [2]]","[74, 75, 80]","[0.0028783828195078002, 0.0028783828194918243, 0.019253189192482284]",0.0005,160,18.1
focus_dev_partial_COMPAT_O1000_N1_P0.2_B4_T0.4_S0_R5_D0.04,6,6,0.025009719425516,0.025009719425516,0.0,0.0,1,4,"[[-1, 0], [-1, 1], [2]]","[74, 75, 81]","[0.0028783828195078002, 0.0028783828195077846, 0.025359827569774927]",0.0005,162,18.3
focus_dev_partial_COMPAT_O1000_N1_P0.2_B4_T0.4_S0_R5_D0.04,6,6,0.025925143440282013,0.025925143440282013,0.0,0.0,1,4,"[[-1, 0], [-1, 1], [2]]","[74, 75, 82]","[0.0028783828195078002, 0.0028783828195078002, 0.02854867127698423]",0.0005,164,18.5
focus_dev_partial_COMPAT_O1000_N1_P0.2_B4_T0.4_S0_R5_D0.04,6,6,0.026152563472441954,0.026152563472441954,0.0,0.0,1,4,"[[-1, 0], [-1, 1], [2]]","[74, 75, 83]","[0.0028783828195078002, 0.0028783828195078002, 0.02938826428436647]",0.0005,166,18.7
focus_dev_partial_COMPAT_O1000_N1_P0.2_B4_T0.4_S0_R5_D0.04,6,6,0.02556918467682252,0.02556918467682252,0.0,0.0,1,4,"[[-1, 0], [-1, 1], [2]]","[74, 75, 84]","[0.0028783828195078002, 0.0028783828195078002, 0.027273350428592653]",0.0005,168,18.9
focus_dev_partial_COMPAT_O1000_N1_P0.2_B4_T0.4_S0_R5_D0.04,6,6,0.025938659807129505,0.025938659807129505,0.0,0.0,1,4,"[[-1, 0], [-1, 1], [2]]","[74, 75, 85]","[0.0028783828195078002, 0.0028783828195078002, 0.028598021654679024]",0.0005,170,19.1
focus_dev_partial_COMPAT_O1000_N1_P0.2_B4_T0.4_S0_R5_D0.04,6,6,0.02561909946436561,0.02561909946436561,0.0,0.0,1,4,"[[-1, 0], [-1, 1], [2]]","[74, 75, 86]","[0.0028783828195078002, 0.0028783828195078002, 0.02744939762209363]",0.0005,172,19.3
focus_dev_partial_COMPAT_O1000_N1_P0.2_B4_T0.4_S0_R5_D0.04,6,6,0.02561888915154796,0.02561888915154796,0.0,0.0,1,4,"[[-1, 0], [-1, 1], [2]]","[74, 75, 87]","[0.0028783828195078002, 0.0028783828195078002, 0.027448653977987854]",0.0005,174,19.5
focus_dev_partial_COMPAT_O1000_N1_P0.2_B4_T0.4_S0_R5_D0.04,6,6,0.026037759040055862,0.026037759040055862,0.0,0.0,1,4,"[[-1, 0], [-1, 1], [2]]","[74, 75, 88]","[0.0028783828195078002, 0.0028783828195078002, 0.028961958608669753]",0.0005,176,19.7
focus_dev_partial_COMPAT_O1000_N1_P0.2_B4_T0.4_S0_R5_D0.04,6,6,0.02596672502895262,0.02596672502895262,0.0,0.0,1,4,"[[-1, 0], [-1, 1], [2]]","[74, 75, 89]","[0.0028783828195078002, 0.0028783828195078002, 0.028700712114176928]",0.0005,178,19.9
focus_dev_partial_COMPAT_O1000_N1_P0.2_B4_T0.4_S0_R5_D0.04,6,6,0.02602241954878642,0.02602241954878642,0.0,0.0,1,4,"[[-1, 0], [-1, 1], [2]]","[74, 75, 90]","[0.0028783828195078002, 0.0028783828195078002, 0.028905381078046057]",0.0005,180,20.1
focus_dev_partial_COMPAT_O1000_N1_P0.2_B4_T0.4_S0_R5_D0.04,6,6,0.026191127842639925,0.026191127842639925,0.0,0.0,1,4,"[[-1, 0], [-1, 1], [2]]","[74, 75, 90]","[0.0028783828195078002, 0.0028783828195078002, 0.029532609550862756]",0.0005,182,20.3
focus_dev_partial_COMPAT_O1000_N1_P0.2_B4_T0.4_S0_R5_D0.04,6,6,0.02881239622993954,0.02881239622993954,0.0,0.0,1,4,"[[-1, 0], [-1, 1], [2]]","[90, 75, 90]","[0.0028621775720355245, 0.0028783828195078002, 0.04097271678594965]",0.0005,184,20.5
focus_dev_partial_COMPAT_O1000_N1_P0.2_B4_T0.4_S0_R5_D0.04,6,6,0.026114902798818063,0.026114902798818063,0.0,0.0,1,4,"[[-1, 0], [-1, 1], [2]]","[90, 75, 93]","[0.0028783666817170928, 0.0028783828195078002, 0.029247918515956376]",0.0005,186,20.7
focus_dev_partial_COMPAT_O1000_N1_P0.2_B4_T0.4_S0_R5_D0.04,6,6,0.025921770987769217,0.025921770987769217,0.0,0.0,1,4,"[[-1, 0], [-1, 1], [2]]","[90, 75, 94]","[0.002878382803450804, 0.0028783828195078002, 0.028536368693581757]",0.0005,188,20.9
focus_dev_partial_COMPAT_O1000_N1_P0.2_B4_T0.4_S0_R5_D0.04,6,6,0.026051008364432318,0.026051008364432318,0.0,0.0,1,4,"[[-1, 0], [-1, 1], [2]]","[90, 75, 95]","[0.0028783828194918243, 0.0028783828195078002, 0.029010899169512404]",0.0005,190,21.1
focus_dev_partial_COMPAT_O1000_N1_P0.2_B4_T0.4_S0_R5_D0.04,0,0,0.021292564549866673,0.021292564549866673,0.0019469980507741853,0.0019469980507741853,2,4,"[[-1, 0], [-1, 1], [2]]","[90, 75, 96]","[0.015258352227955138, 0.0028783828195078002, 0.0031558295024037343]",0.0005,192,21.3
focus_dev_partial_COMPAT_O1000_N1_P0.2_B4_T0.4_S0_R5_D0.04,63,63,0.02727236948419044,0.02727236948419044,0.0,0.0,1,8,"[[-1, 0], [-1, 1], [-1, 2]]","[90, 75, 96]","[0.03382748996321804, 0.0028783828195078002, 0.0028784911706902674]",0.0005,194,21.5
focus_dev_partial_COMPAT_O1000_N1_P0.2_B4_T0.4_S0_R5_D0.04,63,63,0.026365612171589982,0.026365612171589982,0.0,0.0,1,4,"[[0], [-1, 1], [-1, 2]]","[98, 75, 96]","[0.03019299572982761, 0.0028783828195078002, 0.0028783829273158167]",0.0005,196,21.7
focus_dev_partial_COMPAT_O1000_N1_P0.2_B4_T0.4_S0_R5_D0.04,63,63,0.02370220409947339,0.02370220409947339,0.0,0.0,1,4,"[[0], [-1, 1], [-1, 2]]","[99, 75, 96]","[0.021281303959090503, 0.0028783828195078002, 0.002878382819615068]",0.0005,198,21.9
focus_dev_partial_COMPAT_O1000_N2_P0.2_B4_T0.4_S0_R5_D0.04,134,134,0.04005861238338364,0.04005861238338364,0.0,0.0,1,1,"[[0], [1], [2]]","[0, 0, 0]","[0.003487952734749409, 0.20003958262279878, 0.003487952734749409]",0.0005,0,2.1
focus_dev_partial_COMPAT_O1000_N2_P0.2_B4_T0.4_S0_R5_D0.04,19,19,0.02391041375329625,0.02391041375329625,0.0,0.0,1,4,"[[0, 1], [1], [-1, 2]]","[1, 1, 0]","[0.002878298275031213, 0.02189691418579574, 0.002878298275031213]",0.0005,2,2.3
focus_dev_partial_COMPAT_O1000_N2_P0.2_B4_T0.4_S0_R5_D0.04,19,19,0.023071350940530214,0.023071350940530214,0.0,0.0,1,4,"[[-1, 0], [1], [-1, 2]]","[1, 2, 0]","[0.0028783827353862975, 0.019490935833682672, 0.0028783827353862975]",0.0005,4,2.5
focus_dev_partial_COMPAT_O1000_N2_P0.2_B4_T0.4_S0_R5_D0.04,19,19,0.02542631044798717,0.02542631044798717,0.0,0.0,1,4,"[[-1, 0], [1], [-1, 2]]","[1, 3, 0]","[0.0028783828194241007, 0.026774351421486358, 0.0028783828194241007]",0.0005,6,2.7
focus_dev_partial_COMPAT_O1000_N2_P0.2_B4_T0.4_S0_R5_D0.04,19,19,0.023325043910448165,0.023325043910448165,0.0,0.0,1,4,"[[-1, 0], [1], [-1, 2]]","[1, 4, 0]","[0.002878382819507716, 0.020197972690039617, 0.002878382819507716]",0.0005,8,2.9
focus_dev_partial_COMPAT_O1000_N2_P0.2_B4_T0.4_S0_R5_D0.04,19,19,0.023089781352603058,0.023089781352603058,0.0,0.0,1,4,"[[-1, 0], [1], [-1, 2]]","[1, 5, 3]","[0.0028783828195077994, 0.019554386465901352, 0.002873794671337682]",0.0005,10,3.1
focus_dev_partial_COMPAT_O1000_N2_P0.2_B4_T0.4_S0_R5_D0.04,19,19,0.024800222412691416,0.024800222412691416,0.0,0.0,1,4,"[[-1, 0], [1], [-1, 2]]","[1, 6, 3]","[0.0028783828195078002, 0.02467050684377647, 0.0028783782532375702]",0.0005,12,3.3
focus_dev_partial_COMPAT_O1000_N2_P0.2_B4_T0.4_S0_R5_D0.04,19,19,0.02315155816125043,0.02315155816125043,0.0,0.0,1,4,"[[-1, 0], [1], [-1, 2]]","[1, 7, 3]","[0.0028783828195078002, 0.019712629669306758, 0.0028783828149643934]",0.0005,14,3.5
focus_dev_partial_COMPAT_O1000_N2_P0.2_B4_T0.4_S0_R5_D0.04,19,19,0.02315597767907533,0.02315597767907533,0.0,0.0,1,4,"[[-1, 0], [1], [-1, 2]]","[1, 8, 3]","[0.0028783828195078002, 0.019724894458289215, 0.0028783828195032795]",0.0005,16,3.7
focus_dev_partial_COMPAT_O1000_N2_P0.2_B4_T0.4_S0_R5_D0.04,19,19,0.023014828659521338,0.023014828659521338,0.0,0.0,1,4,"[[-1, 0], [1], [-1, 2]]","[1, 9, 3]","[0.0028783828195078002, 0.019335717089696343, 0.0028783828195077963]",0.0005,18,3.9
focus_dev_partial_COMPAT_O1000_N2_P0.2_B4_T0.4_S0_R5_D0.04,19,19,0.02492749970980721,0.02492749970980721,0.0,0.0,1,4,"[[-1, 0], [1], [-1, 2]]","[7, 10, 3]","[0.0028737813692842756, 0.02510274954019813, 0.0028783828195078002]",0.0005,20,4.1
focus_dev_partial_COMPAT_O1000_N2_P0.2_B4_T0.4_S0_R5_D0.04,19,19,0.02335926224856745,0.02335926224856745,0.0,0.0,1,4,"[[-1, 0], [1], [-1, 2]]","[7, 11, 3]","[0.002878378239995758, 0.020294666208660026, 0.0028783828195078002]",0.0005,22,4.3
focus_dev_partial_COMPAT_O1000_N2_P0.2_B4_T0.4_S0_R5_D0.04,63,63,0.02511188756498789,0.02511188756498789,0.0,0.0,1,4,"[[-1, 0], [1], [-1, 2]]","[7, 12, 3]","[0.02569367389931204, 0.002880645430607245, 0.0028783828195078002]",0.0005,24,4.5
focus_dev_partial_COMPAT_O1000_N2_P0.2_B4_T0.4_S0_R5_D0.04,0,0,0.020828415275655793,0.020828415275655793,0.0016787077305168846,0.0016787077305168846,1,4,"[[0], [-1, 1], [-1, 2]]","[13, 12, 3]","[0.0030413266640136674, 0.0028782442019547726, 0.014908844409687354]",0.0005,26,4.7
focus_dev_partial_COMPAT_O1000_N2_P0.2_B4_T0.4_S0_R5_D0.04,6,6,0.026933778523433313,0.026933778523433313,0.0,0.0,1,8,"[[-1, 0], [-1, 1], [-1, 2]]","[13, 12, 3]","[0.0028779984677554716, 0.002878382681583357, 0.03243090392980338]",0.0005,28,4.9
focus_dev_partial_COMPAT_O1000_N2_P0.2_B4_T0.4_S0_R5_D0.04,6,6,0.023626129888145147,0.023626129888145147,0.0,0.0,1,4,"[[-1, 0], [-1, 1], [2]]","[13, 12, 15]","[0.0028783824370729487, 0.002878382819370566, 0.02105962563829113]",0.0005,30,5.1
focus_dev_partial_COMPAT_O1000_N2_P0.2_B4_T0.4_S0_R5_D0.04,6,6,0.02323139007700949,0.02323139007700949,0.0,0.0,1,4,"[[-1, 0], [-1, 1], [2]]","[13, 12, 16]","[0.0028783828191272813, 0.0028783828195076645, 0.01993497127728201]",0.0005,32,5.3
focus_dev_partial_COMPAT_O1000_N2_P0.2_B4_T0.4_S0_R5_D0.04,6,6,0.023079547407794422,0.023079547407794422,0.0,0.0,1,4,"[[-1, 0], [-1, 1], [2]]","[13, 12, 17]","[0.0028783828195074225, 0.0028783828195077994, 0.019513513199195]",0.0005,34,5.5
focus_dev_partial_COMPAT_O1000_N2_P0.2_B4_T0.4_S0_R5_D0.04,6,6,0.02317133043965744,0.02317133043965744,0.0,0.0,1,4,"[[-1, 0], [-1, 1], [2]]","[13, 12, 18]","[0.0028783828195078002, 0.0028783828195078002, 0.019767540656808556]",0.0005,36,5.7
focus_dev_partial_COMPAT_O1000_N2_P0.2_B4_T0.4_S0_R5_D0.04,6,6,0.025475847771006026,0.025475847771006026,0.0,0.0,1,4,"[[-1, 0], [-1, 1], [2]]","[13, 12, 19]","[0.0028783828195078002, 0.0028783828195078002, 0.026946545026644193]",0.0005,38,5.9
focus_dev_partial_COMPAT_O1000_N2_P0.2_B4_T0.4_S0_R5_D0.04,6,6,0.025963685637901173,0.025963685637901173,0.0,0.0,1,4,"[[-1, 0], [-1, 1], [2]]","[13, 12, 20]","[0.0028783828195078002, 0.0028783828195078002, 0.028689576642560492]",0.0005,40,6.1
focus_dev_partial_COMPAT_O1000_N2_P0.2_B4_T0.4_S0_R5_D0.04,6,6,0.026054009024332452,0.026054009024332452,0.0,0.0,1,4,"[[-1, 0], [-1, 1], [2]]","[13, 12, 21]","[0.0028783828195078002, 0.0028783828195078002, 0.029021992376229745]",0.0005,42,6.3
focus_dev_partial_COMPAT_O1000_N2_P0.2_B4_T0.4_S0_R5_D0.04,6,6,0.02315230055274262,0.02315230055274262,0.0,0.0,1,4,"[[-1, 0], [-1, 1], [2]]","[13, 12, 22]","[0.0028783828195078002, 0.0028783828195078002, 0.01971468954049649]",0.0005,44,6.5
focus_dev_partial_COMPAT_O1000_N2_P0.2_B4_T0.4_S0_R5_D0.04,6,6,0.02327516814045401,0.02327516814045401,0.0,0.0,1,4,"[[-1, 0], [-1, 1], [2]]","[13, 12, 23]","[0.0028783828195078002, 0.0028783828195078002, 0.020057617852706353]",0.0005,46,6.7
focus_dev_partial_COMPAT_O1000_N2_P0.2_B4_T0.4_S0_R5_D0.04,6,6,0.023298452525085056,0.023298452525085056,0.0,0.0,1,4,"[[-1, 0], [-1, 1], [2]]","[13, 12, 24]","[0.0028783828195078002, 0.0028783828195078002, 0.02012305907962383]",0.0005,48,6.9
focus_dev_partial_COMPAT_O1000_N2_P0.2_B4_T0.4_S0_R5_D0.04,6,6,0.023303724766301992,0.023303724766301992,0.0,0.0,1,4,"[[-1, 0], [-1, 1], [2]]","[13, 12, 25]","[0.0028783828195078002, 0.0028783828195078002, 0.020137897007062776]",0.0005,50,7.1
focus_dev_partial_COMPAT_O1000_N2_P0.2_B4_T0.4_S0_R5_D0.04,6,6,0.023316407188186398,0.023316407188186398,0.0,0.0,1,4,"[[-1, 0], [-1, 1], [2]]","[13, 12, 26]","[0.0028783828195078002, 0.0028783828195078002, 0.020173620353922297]",0.0005,52,7.3
focus_dev_partial_COMPAT_O1000_N2_P0.2_B4_T0.4_S0_R5_D0.04,6,6,0.02561629046023721,0.02561629046023721,0.0,0.0,1,4,"[[-1, 0], [-1, 1], [2]]","[13, 12, 27]","[0.0028783828195078002, 0.0028783828195078002, 0.027439466593404932]",0.0005,54,7.5
focus_dev_partial_COMPAT_O1000_N2_P0.2_B4_T0.4_S0_R5_D0.04,6,6,0.02333355362845394,0.02333355362845394,0.0,0.0,1,4,"[[-1, 0], [-1, 1], [2]]","[13, 12, 28]","[0.0028783828195078002, 0.0028783828195078002, 0.02022198656327897]",0.0005,56,7.7
focus_dev_partial_COMPAT_O1000_N2_P0.2_B4_T0.4_S0_R5_D0.04,6,6,0.02334045967995353,0.02334045967995353,0.0,0.0,1,4,"[[-1, 0], [-1, 1], [2]]","[13, 12, 29]","[0.0028783828195078002, 0.0028783828195078002, 0.020241489338556424]",0.0005,58,7.9
focus_dev_partial_COMPAT_O1000_N2_P0.2_B4_T0.4_S0_R5_D0.04,6,6,0.023132865055409547,0.023132865055409547,0.0,0.0,1,4,"[[-1, 0], [-1, 1], [2]]","[13, 12, 30]","[0.0028783828195078002, 0.0028783828195078002, 0.019660810520757285]",0.0005,60,8.1
focus_dev_partial_COMPAT_O1000_N2_P0.2_B4_T0.4_S0_R5_D0.04,6,6,0.0232478945318342,0.0232478945318342,0.0,0.0,1,4,"[[-1, 0], [-1, 1], [2]]","[13, 12, 31]","[0.0028783828195078002, 0.0028783828195078002, 0.019981149320457876]",0.0005,62,8.3
focus_dev_partial_COMPAT_O1000_N2_P0.2_B4_T0.4_S0_R5_D0.04,6,6,0.02308936186593307,0.02308936186593307,0.0,0.0,1,4,"[[-1, 0], [-1, 1], [2]]","[13, 12, 32]","[0.0028783828195078002, 0.0028783828195078002, 0.019540571026467043]",0.0005,64,8.5
focus_dev_partial_COMPAT_O1000_N2_P0.2_B4_T0.4_S0_R5_D0.04,6,6,0.02302745273278924,0.02302745273278924,0.0,0.0,1,4,"[[-1, 0], [-1, 1], [2]]","[13, 12, 33]","[0.0028783828195078002, 0.0028783828195078002, 0.019370312504832878]",0.0005,66,8.7
focus_dev_partial_COMPAT_O1000_N2_P0.2_B4_T0.4_S0_R5_D0.04,6,6,0.022991858044497403,0.022991858044497403,0.0,0.0,1,4,"[[-1, 0], [-1, 1], [2]]","[13, 12, 34]","[0.0028783828195078002, 0.0028783828195078002, 0.019272873722714478]",0.0005,68,8.9
focus_dev_partial_COMPAT_O1000_N2_P0.2_B4_T0.4_S0_R5_D0.04,6,6,0.023188524417399863,0.023188524417399863,0.0,0.0,1,4,"[[-1, 0], [-1, 1], [2]]","[13, 12, 35]","[0.0028783828195078002, 0.0028783828195078002, 0.01981537527380078]",0.0005,70,9.1
focus_dev_partial_COMPAT_O1000_N2_P0.2_B4_T0.4_S0_R5_D0.04,6,6,0.026008866393836715,0.026008866393836715,0.0,0.0,1,4,"[[-1, 0], [-1, 1], [2]]","[13, 12, 35]","[0.0028783828195078002, 0.0028783828195078002, 0.028855466807055422]",0.0005,72,9.3
focus_dev_partial_COMPAT_O1000_N2_P0.2_B4_T0.4_S0_R5_D0.04,6,6,0.028474259533396416,0.028474259533396416,0.0,0.0,1,4,"[[-1, 0], [-1, 1], [2]]","[13, 12, 35]","[0.0028783828195078002, 0.0028783828195078002, 0.03923398043467991]",0.0005,74,9.5
focus_dev_partial_COMPAT_O1000_N2_P0.2_B4_T0.4_S0_R5_D0.04,6,6,0.026842585169654796,0.026842585169654796,0.0,0.0,1,4,"[[-1, 0], [-1, 1], [2]]","[13, 12, 37]","[0.0028783828195078002, 0.0028783828195078002, 0.0320612605570665]",0.0005,76,9.7
focus_dev_partial_COMPAT_O1000_N2_P0.2_B4_T0.4_S0_R5_D0.04,6,6,0.023102034238737832,0.023102034238737832,0.0,0.0,1,4,"[[-1, 0], [-1, 1], [2]]","[13, 12, 39]","[0.0028783828195078002, 0.0028783828195078002, 0.01957554524380665]",0.0005,78,9.9
focus_dev_partial_COMPAT_O1000_N2_P0.2_B4_T0.4_S0_R5_D0.04,6,6,0.02297999241328872,0.02297999241328872,0.0,0.0,1,4,"[[-1, 0], [-1, 1], [2]]","[13, 12, 40]","[0.0028783828195078002, 0.0028783828195078002, 0.01924046505402967]",0.0005,80,10.1
focus_dev_partial_COMPAT_O1000_N2_P0.2_B4_T0.4_S0_R5_D0.04,6,6,0.02333638636716173,0.02333638636716173,0.0,0.0,1,4,"[[-1, 0], [-1, 1], [2]]","[38, 12, 41]","[0.002878367042959378, 0.0028783828195078002, 0.020230029247703306]",0.0005,82,10.3
focus_dev_partial_COMPAT_O1000_N2_P0.2_B4_T0.4_S0_R5_D0.04,6,6,0.02313857519703405,0.02313857519703405,0.0,0.0,1,4,"[[-1, 0], [-1, 1], [2]]","[38, 12, 42]","[0.0028783828038102385, 0.0028783828195078002, 0.01967662987765332]",0.0005,84,10.5
focus_dev_partial_COMPAT_O1000_N2_P0.2_B4_T0.4_S0_R5_D0.04,6,6,0.02325685822753861,0.02325685822753861,0.0,0.0,1,4,"[[-1, 0], [-1, 1], [2]]","[38, 12, 43]","[0.002878382819492181, 0.0028783828195078002, 0.020006259409784104]",0.0005,86,10.7
focus_dev_partial_COMPAT_O1000_N2_P0.2_B4_T0.4_S0_R5_D0.04,6,6,0.027381231934834056,0.027381231934834056,0.0,0.0,1,4,"[[-1, 0], [-1, 1], [2]]","[38, 12, 43]","[0.0028783828195077846, 0.0028783828195078002, 0.034288598754276325]",0.0005,88,10.9
focus_dev_partial_COMPAT_O1000_N2_P0.2_B4_T0.4_S0_R5_D0.04,6,6,0.02520733129087925,0.02520733129087925,0.0,0.0,1,4,"[[-1, 0], [-1, 1], [2]]","[38, 12, 44]","[0.0028783828195078002, 0.0028783828195078002, 0.026023423021833615]",0.0005,90,11.1
focus_dev_partial_COMPAT_O1000_N2_P0.2_B4_T0.4_S0_R5_D0.04,6,6,0.02599147052121928,0.02599147052121928,0.0,0.0,1,4,"[[-1, 0], [-1, 1], [2]]","[38, 12, 44]","[0.0028783828195078002, 0.0028783828195078002, 0.02879150273782433]",0.0005,92,11.3
focus_dev_partial_COMPAT_O1000_N2_P0.2_B4_T0.4_S0_R5_D0.04,6,6,0.025777902163556552,0.025777902163556552,0.0,0.0,1,4,"[[-1, 0], [-1, 1], [2]]","[38, 12, 47]","[0.0028783828195078002, 0.0028783828195078002, 0.02801549263397858]",0.0005,94,11.5
focus_dev_partial_COMPAT_O1000_N2_P0.2_B4_T0.4_S0_R5_D0.04,6,6,0.02327527679955452,0.02327527679955452,0.0,0.0,1,4,"[[-1, 0], [-1, 1], [2]]","[38, 12, 48]","[0.0028783828195078002, 0.0028783828195078002, 0.020057922903979376]",0.0005,96,11.7
focus_dev_partial_COMPAT_O1000_N2_P0.2_B4_T0.4_S0_R5_D0.04,6,6,0.023282562878204682,0.023282562878204682,0.0,0.0,1,4,"[[-1, 0], [-1, 1], [2]]","[38, 12, 49]","[0.0028783828195078002, 0.0028783828195078002, 0.02007838516804873]",0.0005,98,11.9
focus_dev_partial_COMPAT_O1000_N2_P0.2_B4_T0.4_S0_R5_D0.04,6,6,0.02473056311335186,0.02473056311335186,0.0,0.0,1,4,"[[-1, 0], [-1, 1], [2]]","[38, 12, 50]","[0.0028783828195078002, 0.0028783828195078002, 0.024444447446255145]",0.0005,100,12.1
focus_dev_partial_COMPAT_O1000_N2_P0.2_B4_T0.4_S0_R5_D0.04,6,6,0.025512819523542573,0.025512819523542573,0.0,0.0,1,4,"[[-1, 0], [-1, 1], [2]]","[38, 12, 51]","[0.0028783828195078002, 0.0028783828195078002, 0.027075625497080764]",0.0005,102,12.3
focus_dev_partial_COMPAT_O1000_N2_P0.2_B4_T0.4_S0_R5_D0.04,0,0,0.020920721275361005,0.020920721275361005,0.0017700486250869264,0.0017700486250869264,1,4,"[[-1, 0], [-1, 1], [2]]","[38, 12, 52]","[0.0028783828195078002, 0.015028122251482727, 0.0030142162043704742]",0.0005,104,12.5
focus_dev_partial_COMPAT_O1000_N2_P0.2_B4_T0.4_S0_R5_D0.04,19,19,0.02749390472068332,0.02749390472068332,0.0,0.0,1,8,"[[-1, 0], [-1, 1], [-1, 2]]","[38, 12, 52]","[0.0028783828195078002, 0.03477289801525674, 0.0028779794513671695]",0.0005,106,12.7
focus_dev_partial_COMPAT_O1000_N2_P0.2_B4_T0.4_S0_R5_D0.04,19,19,0.02597101949378303,0.02597101949378303,0.0,0.0,1,4,"[[-1, 0], [1], [-1, 2]]","[38, 52, 52]","[0.0028783828195078002, 0.02871645324830559, 0.0028783824181510026]",0.0005,108,12.9
focus_dev_partial_COMPAT_O1000_N2_P0.2_B4_T0.4_S0_R5_D0.04,19,19,0.029048352815028603,0.029048352815028603,0.0,0.0,1,4,"[[-1, 0], [1], [-1, 2]]","[38, 52, 52]","[0.0028783828195078002, 0.04208740974426733, 0.0028783828191084534]",0.0005,110,13.1
focus_dev_partial_COMPAT_O1000_N2_P0.2_B4_T0.4_S0_R5_D0.04,19,19,0.02828087532702362,0.02828087532702362,0.0,0.0,1,4,"[[-1, 0], [1], [-1, 2]]","[38, 55, 52]","[0.0028783828195078002, 0.03831436799990038, 0.0028783828195074034]",0.0005,112,13.3
focus_dev_partial_COMPAT_O1000_N2_P0.2_B4_T0.4_S0_R5_D0.04,19,19,0.02921975850371441,0.02921975850371441,0.0,0.0,1,4,"[[-1, 0], [1], [-1, 2]]","[38, 55, 52]","[0.0028783828195078002, 0.0429770059741457, 0.0028783828195078002]",0.0005,114,13.5
focus_dev_partial_COMPAT_O1000_N2_P0.2_B4_T0.4_S0_R5_D0.04,19,19,0.026172659180374473,0.026172659180374473,0.0,0.0,1,4,"[[-1, 0], [1], [-1, 2]]","[38, 55, 52]","[0.0028783828195078002, 0.029463409710198132, 0.0028783828195078002]",0.0005,116,13.7
focus_dev_partial_COMPAT_O1000_N2_P0.2_B4_T0.4_S0_R5_D0.04,19,19,0.026114949078861936,0.026114949078861936,0.0,0.0,1,4,"[[-1, 0], [1], [-1, 2]]","[38, 55, 52]","[0.0028783828195078002, 0.02924803067264466, 0.0028783828195078002]",0.0005,118,13.9
focus_dev_partial_COMPAT_O1000_N2_P0.2_B4_T0.4_S0_R5_D0.04,19,19,0.023070953773028757,0.023070953773028757,0.0,0.0,1,4,"[[-1, 0], [1], [-1, 2]]","[38, 60, 52]","[0.0028783828195078002, 0.01948984178651761, 0.0028783828195078002]",0.0005,120,14.1
focus_dev_partial_COMPAT_O1000_N2_P0.2_B4_T0.4_S0_R5_D0.04,19,19,0.027961763011827085,0.027961763011827085,0.0,0.0,1,4,"[[-1, 0], [1], [-1, 2]]","[38, 60, 52]","[0.0028783828195078002, 0.03684010223669947, 0.0028783828195078002]",0.0005,122,14.3
focus_dev_partial_COMPAT_O1000_N2_P0.2_B4_T0.4_S0_R5_D0.04,19,19,0.02313854648047199,0.02313854648047199,0.0,0.0,1,4,"[[-1, 0], [1], [-1, 2]]","[38, 62, 52]","[0.0028783828195078002, 0.01967655025663092, 0.0028783828195078002]",0.0005,124,14.5
focus_dev_partial_COMPAT_O1000_N2_P0.2_B4_T0.4_S0_R5_D0.04,19,19,0.025958043920998312,0.025958043920998312,0.0,0.0,1,4,"[[-1, 0], [1], [-1, 2]]","[38, 62, 52]","[0.0028783828195078002, 0.02866891623747264, 0.0028783828195078002]",0.0005,126,14.7
focus_dev_partial_COMPAT_O1000_N2_P0.2_B4_T0.4_S0_R5_D0.04,19,19,0.025730787488991137,0.025730787488991137,0.0,0.0,1,4,"[[-1, 0], [1], [-1, 2]]","[38, 64, 52]","[0.0028783828195078002, 0.027846579306931487, 0.0028783828195078002]",0.0005,128,14.9
focus_dev_partial_COMPAT_O1000_N2_P0.2_B4_T0.4_S0_R5_D0.04,19,19,0.025774601762721887,0.025774601762721887,0.0,0.0,1,4,"[[-1, 0], [1], [-1, 2]]","[38, 65, 52]","[0.0028783828195078002, 0.028003633613261626, 0.0028783828195078002]",0.0005,130,15.1
focus_dev_partial_COMPAT_O1000_N2_P0.2_B4_T0.4_S0_R5_D0.04,19,19,0.02603724982991224,0.02603724982991224,0.0,0.0,1,4,"[[-1, 0], [1], [-1, 2]]","[38, 66, 52]","[0.0028783828195078002, 0.028960079018736675, 0.0028783828195078002]",0.0005,132,15.3
focus_dev_partial_COMPAT_O1000_N2_P0.2_B4_T0.4_S0_R5_D0.04,19,19,0.026034276454498538,0.026034276454498538,0.0,0.0,1,4,"[[-1, 0], [1], [-1, 2]]","[38, 67, 52]","[0.0028783828195078002, 0.028949105710353924, 0.0028783828195078002]",0.0005,134,15.5
focus_dev_partial_COMPAT_O1000_N2_P0.2_B4_T0.4_S0_R5_D0.04,19,19,0.02560580176632493,0.02560580176632493,0.0,0.0,1,4,"[[-1, 0], [1], [-1, 2]]","[38, 68, 52]","[0.0028783828195078002, 0.027402409709818987, 0.0028783828195078002]",0.0005,136,15.7
focus_dev_partial_COMPAT_O1000_N2_P0.2_B4_T0.4_S0_R5_D0.04,19,19,0.028930098013322796,0.028930098013322796,0.0,0.0,1,4,"[[-1, 0], [1], [-1, 2]]","[38, 68, 52]","[0.0028783828195078002, 0.041484012105547745, 0.0028783828195078002]",0.0005,138,15.9
focus_dev_partial_COMPAT_O1000_N2_P0.2_B4_T0.4_S0_R5_D0.04,19,19,0.027753893457359635,0.027753893457359635,0.0,0.0,1,4,"[[-1, 0], [1], [-1, 2]]","[38, 69, 52]","[0.0028783828195078002, 0.035907656231137154, 0.0028783828195078002]",0.0005,140,16.1
focus_dev_partial_COMPAT_O1000_N2_P0.2_B4_T0.4_S0_R5_D0.04,0,0,0.02100840323597707,0.02100840323597707,0.0017567329886614587,0.0017567329886614587,1,4,"[[-1, 0], [1], [-1, 2]]","[38, 71, 52]","[0.015010752616366656, 0.003119267800102613, 0.0028783828195078002]",0.0005,142,16.3
focus_dev_partial_COMPAT_O1000_N2_P0.2_B4_T0.4_S0_R5_D0.04,63,63,0.027147866942150174,0.027147866942150174,0.0,0.0,1,8,"[[-1, 0], [-1, 1], [-1, 2]]","[38, 71, 52]","[0.03330741422957431, 0.0028784588562376762, 0.0028783828195078002]",0.0005,144,16.5
focus_dev_partial_COMPAT_O1000_N2_P0.2_B4_T0.4_S0_R5_D0.04,63,63,0.029489733767472198,0.029489733767472198,0.0,0.0,1,4,"[[0], [-1, 1], [-1, 2]]","[38, 71, 52]","[0.04441530491131052, 0.002878382895163485, 0.0028783828195078002]",0.0005,146,16.7
focus_dev_partial_COMPAT_O1000_N2_P0.2_B4_T0.4_S0_R5_D0.04,6,6,0.024927570577129653,0.024927570577129653,0.0,0.0,1,4,"[[0], [-1, 1], [-1, 2]]","[74, 71, 52]","[0.002882260435426642, 0.002878382819583077, 0.025075020282095985]",0.0005,148,16.9
focus_dev_partial_COMPAT_O1000_N2_P0.2_B4_T0.4_S0_R5_D0.04,6,6,0.02652623981971599,0.02652623981971599,0.0,0.0,1,4,"[[-1, 0], [-1, 1], [2]]","[74, 71, 75]","[0.0028782456769994615, 0.002878382819507876, 0.030812224259025085]",0.0005,150,17.1
focus_dev_partial_COMPAT_O1000_N2_P0.2_B4_T0.4_S0_R5_D0.04,6,6,0.025977467690579133,0.025977467690579133,0.0,0.0,1,4,"[[-1, 0], [-1, 1], [2]]","[74, 71, 76]","[0.0028783826830510372, 0.0028783828195078007, 0.028740098698715966]",0.0005,152,17.3
focus_dev_partial_COMPAT_O1000_N2_P0.2_B4_T0.4_S0_R5_D0.04,6,6,0.025611963031149612,0.025611963031149612,0.0,0.0,1,4,"[[-1, 0], [-1, 1], [2]]","[74, 71, 77]","[0.0028783828193720265, 0.0028783828195078002, 0.02742417284985547]",0.0005,154,17.5
focus_dev_partial_COMPAT_O1000_N2_P0.2_B4_T0.4_S0_R5_D0.04,6,6,0.02334245430017943,0.02334245430017943,0.0,0.0,1,4,"[[-1, 0], [-1, 1], [2]]","[74, 71, 78]","[0.002878382819507666, 0.0028783828195078002, 0.020247124564696]",0.0005,156,17.7
focus_dev_partial_COMPAT_O1000_N2_P0.2_B4_T0.4_S0_R5_D0.04,6,6,0.023558103964142898,0.023558103964142898,0.0,0.0,1,4,"[[-1, 0], [-1, 1], [2]]","[74, 71, 79]","[0.0028783828195077994, 0.0028783828195078002, 0.020862766555985728]",0.0005,158,17.9
focus_dev_partial_COMPAT_O1000_N2_P0.2_B4_T0.4_S0_R5_D0.04,6,6,0.02298465263100985,0.02298465263100985,0.0,0.0,1,4,"[[-1, 0], [-1, 1], [2]]","[74, 71, 80]","[0.0028783828195078002, 0.0028783828195078002, 0.019253189192482284]",0.0005,160,18.1
focus_dev_partial_COMPAT_O1000_N2_P0.2_B4_T0.4_S0_R5_D0.04,6,6,0.02500971942551602,0.02500971942551602,0.0,0.0,1,4,"[[-1, 0], [-1, 1], [2]]","[74, 71, 81]","[0.0028783828195078002, 0.0028783828195078002, 0.025359827569774927]",0.0005,162,18.3
focus_dev_partial_COMPAT_O1000_N2_P0.2_B4_T0.4_S0_R5_D0.04,6,6,0.025925143440282013,0.025925143440282013,0.0,0.0,1,4,"[[-1, 0], [-1, 1], [2]]","[74, 71, 82]","[0.0028783828195078002, 0.0028783828195078002, 0.02854867127698423]",0.0005,164,18.5
focus_dev_partial_COMPAT_O1000_N2_P0.2_B4_T0.4_S0_R5_D0.04,6,6,0.026152563472441954,0.026152563472441954,0.0,0.0,1,4,"[[-1, 0], [-1, 1], [2]]","[74, 71, 83]","[0.0028783828195078002, 0.0028783828195078002, 0.02938826428436647]",0.0005,166,18.7
focus_dev_partial_COMPAT_O1000_N2_P0.2_B4_T0.4_S0_R5_D0.04,6,6,0.02556918467682252,0.02556918467682252,0.0,0.0,1,4,"[[-1, 0], [-1, 1], [2]]","[74, 71, 84]","[0.0028783828195078002, 0.0028783828195078002, 0.027273350428592653]",0.0005,168,18.9
focus_dev_partial_COMPAT_O1000_N2_P0.2_B4_T0.4_S0_R5_D0.04,6,6,0.025938659807129505,0.025938659807129505,0.0,0.0,1,4,"[[-1, 0], [-1, 1], [2]]","[74, 71, 85]","[0.0028783828195078002, 0.0028783828195078002, 0.028598021654679024]",0.0005,170,19.1
focus_dev_partial_COMPAT_O1000_N2_P0.2_B4_T0.4_S0_R5_D0.04,6,6,0.02561909946436561,0.02561909946436561,0.0,0.0,1,4,"[[-1, 0], [-1, 1], [2]]","[74, 71, 86]","[0.0028783828195078002, 0.0028783828195078002, 0.02744939762209363]",0.0005,172,19.3
focus_dev_partial_COMPAT_O1000_N2_P0.2_B4_T0.4_S0_R5_D0.04,6,6,0.02561888915154796,0.02561888915154796,0.0,0.0,1,4,"[[-1, 0], [-1, 1], [2]]","[74, 71, 87]","[0.0028783828195078002, 0.0028783828195078002, 0.027448653977987854]",0.0005,174,19.5
focus_dev_partial_COMPAT_O1000_N2_P0.2_B4_T0.4_S0_R5_D0.04,6,6,0.026037759040055862,0.026037759040055862,0.0,0.0,1,4,"[[-1, 0], [-1, 1], [2]]","[74, 71, 88]","[0.0028783828195078002, 0.0028783828195078002, 0.028961958608669753]",0.0005,176,19.7
focus_dev_partial_COMPAT_O1000_N2_P0.2_B4_T0.4_S0_R5_D0.04,6,6,0.025950519781480344,0.025950519781480344,0.0,0.0,1,4,"[[-1, 0], [-1, 1], [2]]","[74, 86, 89]","[0.0028783828195078002, 0.0028621775720355245, 0.028700712114176928]",0.0005,178,19.9
focus_dev_partial_COMPAT_O1000_N2_P0.2_B4_T0.4_S0_R5_D0.04,6,6,0.026022403410995713,0.026022403410995713,0.0,0.0,1,4,"[[-1, 0], [-1, 1], [2]]","[74, 86, 90]","[0.0028783828195078002, 0.0028783666817170928, 0.028905381078046057]",0.0005,180,20.1
focus_dev_partial_COMPAT_O1000_N2_P0.2_B4_T0.4_S0_R5_D0.04,6,6,0.02812406083355527,0.02812406083355527,0.0,0.0,1,4,"[[-1, 0], [-1, 1], [2]]","[74, 86, 90]","[0.0028783828195078002, 0.002878382803450804, 0.03758329680348047]",0.0005,182,20.3
focus_dev_partial_COMPAT_O1000_N2_P0.2_B4_T0.4_S0_R5_D0.04,6,6,0.026077866417542592,0.026077866417542592,0.0,0.0,1,4,"[[-1, 0], [-1, 1], [2]]","[74, 86, 91]","[0.0028783828195078002, 0.0028783828194918243, 0.029110314041685074]",0.0005,184,20.5
focus_dev_partial_COMPAT_O1000_N2_P0.2_B4_T0.4_S0_R5_D0.04,6,6,0.026067371267449818,0.026067371267449818,0.0,0.0,1,4,"[[-1, 0], [-1, 1], [2]]","[89, 86, 91]","[0.002878367042959378, 0.0028783828195077846, 0.029071491826327418]",0.0005,186,20.7
focus_dev_partial_COMPAT_O1000_N2_P0.2_B4_T0.4_S0_R5_D0.04,6,6,0.02775835581231793,0.02775835581231793,0.0,0.0,1,4,"[[-1, 0], [-1, 1], [2]]","[89, 86, 93]","[0.0028783828038102385, 0.0028783828195078002, 0.03592744827593459]",0.0005,188,20.9
focus_dev_partial_COMPAT_O1000_N2_P0.2_B4_T0.4_S0_R5_D0.04,6,6,0.026266771898053282,0.026266771898053282,0.0,0.0,1,4,"[[-1, 0], [-1, 1], [2]]","[89, 86, 95]","[0.002878382819492181, 0.0028783828195078002, 0.029817430948205804]",0.0005,190,21.1
focus_dev_partial_COMPAT_O1000_N2_P0.2_B4_T0.4_S0_R5_D0.04,0,0,0.021293678522778216,0.021293678522778216,0.0019469980507741923,0.0019469980507741923,2,4,"[[-1, 0], [-1, 1], [2]]","[89, 86, 96]","[0.015258352227955147, 0.0028783828195078002, 0.003156943475315269]",0.0005,192,21.3
focus_dev_partial_COMPAT_O1000_N2_P0.2_B4_T0.4_S0_R5_D0.04,63,63,0.027272370466400953,0.027272370466400953,0.0,0.0,1,8,"[[-1, 0], [-1, 1], [-1, 2]]","[89, 86, 96]","[0.03382748996321804, 0.0028783828195078002, 0.002878492152900782]",0.0005,194,21.5
focus_dev_partial_COMPAT_O1000_N2_P0.2_B4_T0.4_S0_R5_D0.04,63,63,0.029142967166626153,0.029142967166626153,0.0,0.0,1,4,"[[0], [-1, 1], [-1, 2]]","[89, 86, 96]","[0.04257623785601291, 0.0028783828195078002, 0.002878382928293097]",0.0005,196,21.7
focus_dev_partial_COMPAT_O1000_N2_P0.2_B4_T0.4_S0_R5_D0.04,63,63,0.023804406378926286,0.023804406378926286,0.0,0.0,1,4,"[[0], [-1, 1], [-1, 2]]","[97, 86, 96]","[0.021581690196140733, 0.0028783828195078002, 0.0028783828196160413]",0.0005,198,21.9
focus_dev_partial_COMPAT_O1001_N1_P0.2_B4_T0.4_S0_R5_D0.04,63,63,0.028139607625449474,0.028139607625449474,0.0,0.0,1,1,"[[0], [1], [2]]","[0, 0, 0]","[0.2139330616152421, 0.0034879554772884822, 0.0034879554772884822]",0.0005,0,2.1
focus_dev_partial_COMPAT_O1001_N1_P0.2_B4_T0.4_S0_R5_D0.04,63,63,0.021838737894167237,0.021838737894167237,0.0,0.0,1,4,"[[0], [-1, 1], [-1, 2]]","[1, 0, 0]","[0.032010727414635315, 0.002886384440197671, 0.0028852521385171978]",0.0005,2,2.3
focus_dev_partial_COMPAT_O1001_N1_P0.2_B4_T0.4_S0_R5_D0.04,63,63,0.021176963834170677,0.021176963834170677,0.0,0.0,1,4,"[[0], [-1, 1], [-1, 2]]","[1, 0, 0]","[0.026955022116988425, 0.0028858312859468016, 0.0028858302123461223]",0.0005,4,2.5
focus_dev_partial_COMPAT_O1001_N1_P0.2_B4_T0.4_S0_R5_D0.04,63,63,0.01941193533780478,0.01941193533780478,0.0,0.0,1,4,"[[0], [-1, 1], [-1, 2]]","[3, 0, 0]","[0.017152168264233814, 0.0028858307614849786, 0.0028858307604670373]",0.0005,6,2.7
focus_dev_partial_COMPAT_O1001_N1_P0.2_B4_T0.4_S0_R5_D0.04,63,63,0.022255371906207595,0.022255371906207595,0.0,0.0,1,4,"[[0], [-1, 1], [-1, 2]]","[3, 0, 0]","[0.03575225220467445, 0.0028858307609877067, 0.00288583076098674]",0.0005,8,2.9
focus_dev_partial_COMPAT_O1001_N1_P0.2_B4_T0.4_S0_R5_D0.04,19,19,0.020902574936613277,0.020902574936613277,0.0,0.0,1,4,"[[0], [-1, 1], [-1, 2]]","[5, 0, 0]","[0.002859087347509653, 0.02529485318979126, 0.0028858307609872327]",0.0005,10,3.1
focus_dev_partial_COMPAT_O1001_N1_P0.2_B4_T0.4_S0_R5_D0.04,19,19,0.019597302713631012,0.019597302713631012,0.0,0.0,1,4,"[[-1, 0], [1], [-1, 2]]","[5, 6, 0]","[0.0028855396584354506, 0.017993702188023788, 0.0028858307609872336]",0.0005,12,3.3
focus_dev_partial_COMPAT_O1001_N1_P0.2_B4_T0.4_S0_R5_D0.04,19,19,0.01943123708425219,0.01943123708425219,0.0,0.0,1,4,"[[-1, 0], [1], [-1, 2]]","[5, 7, 0]","[0.00288583048497228, 0.017237972770337468, 0.0028858307609872336]",0.0005,14,3.5
focus_dev_partial_COMPAT_O1001_N1_P0.2_B4_T0.4_S0_R5_D0.04,19,19,0.022288459518762654,0.022288459518762654,0.0,0.0,1,4,"[[-1, 0], [1], [-1, 2]]","[5, 7, 0]","[0.002885830760725528, 0.03607119114192707, 0.0028858307609872336]",0.0005,16,3.7
focus_dev_partial_COMPAT_O1001_N1_P0.2_B4_T0.4_S0_R5_D0.04,19,19,0.019349983835828248,0.019349983835828248,0.0,0.0,1,4,"[[-1, 0], [1], [-1, 2]]","[5, 9, 0]","[0.0028858307609869864, 0.016879344556953724, 0.0028858307609872336]",0.0005,18,3.9
focus_dev_partial_COMPAT_O1001_N1_P0.2_B4_T0.4_S0_R5_D0.04,19,19,0.01936258463759077,0.01936258463759077,0.0,0.0,1,4,"[[-1, 0], [1], [-1, 2]]","[5, 10, 0]","[0.002885830760987234, 0.01693452073625244, 0.0028858307609872336]",0.0005,20,4.1
focus_dev_partial_COMPAT_O1001_N1_P0.2_B4_T0.4_S0_R5_D0.04,19,19,0.019381701732841837,0.019381701732841837,0.0,0.0,1,4,"[[-1, 0], [1], [-1, 2]]","[8, 11, 0]","[0.0028858042128063303, 0.017018654001186864, 0.0028858307609872336]",0.0005,22,4.3
focus_dev_partial_COMPAT_O1001_N1_P0.2_B4_T0.4_S0_R5_D0.04,19,19,0.022163998770066407,0.022163998770066407,0.0,0.0,1,4,"[[-1, 0], [1], [-1, 2]]","[8, 11, 0]","[0.002885830735815367, 0.0348889800356236, 0.0028858307609872336]",0.0005,24,4.5
focus_dev_partial_COMPAT_O1001_N1_P0.2_B4_T0.4_S0_R5_D0.04,19,19,0.020442865802981672,0.020442865802981672,0.0,0.0,1,4,"[[-1, 0], [1], [-1, 2]]","[8, 13, 0]","[0.002885830760963367, 0.022338350888826713, 0.0028858307609872336]",0.0005,26,4.7
focus_dev_partial_COMPAT_O1001_N1_P0.2_B4_T0.4_S0_R5_D0.04,19,19,0.020581498244009556,0.020581498244009556,0.0,0.0,1,4,"[[-1, 0], [1], [-1, 2]]","[8, 14, 0]","[0.002885830760987211, 0.023142828042763238, 0.0028858307609872336]",0.0005,28,4.9
focus_dev_partial_COMPAT_O1001_N1_P0.2_B4_T0.4_S0_R5_D0.04,19,19,0.019458669760041635,0.019458669760041635,0.0,0.0,1,4,"[[-1, 0], [1], [-1, 2]]","[8, 15, 0]","[0.0028858307609872336, 0.017360582771451742, 0.0028858307609872336]",0.0005,30,5.1
focus_dev_partial_COMPAT_O1001_N1_P0.2_B4_T0.4_S0_R5_D0.04,19,19,0.01939312364174559,0.01939312364174559,0.0,0.0,1,4,"[[-1, 0], [1], [-1, 2]]","[8, 16, 0]","[0.0028858307609872336, 0.017068911639139633, 0.0028858307609872336]",0.0005,32,5.3
focus_dev_partial_COMPAT_O1001_N1_P0.2_B4_T0.4_S0_R5_D0.04,19,19,0.019464610470624668,0.019464610470624668,0.0,0.0,1,4,"[[-1, 0], [1], [-1, 2]]","[8, 17, 0]","[0.0028858307609872336, 0.01738723808147904, 0.0028858307609872336]",0.0005,34,5.5
focus_dev_partial_COMPAT_O1001_N1_P0.2_B4_T0.4_S0_R5_D0.04,19,19,0.0194144007382629,0.0194144007382629,0.0,0.0,1,4,"[[-1, 0], [1], [-1, 2]]","[13, 18, 0]","[0.002857402210640678, 0.017289687995069716, 0.0028858307609872336]",0.0005,36,5.7
focus_dev_partial_COMPAT_O1001_N1_P0.2_B4_T0.4_S0_R5_D0.04,19,19,0.020370753985940744,0.020370753985940744,0.0,0.0,1,4,"[[-1, 0], [1], [-1, 2]]","[13, 19, 0]","[0.002885803766610158, 0.02193123438735151, 0.0028858307609872336]",0.0005,38,5.9
focus_dev_partial_COMPAT_O1001_N1_P0.2_B4_T0.4_S0_R5_D0.04,6,6,0.01929520088438463,0.01929520088438463,0.0004224353067853251,0.0004224353067853251,1,4,"[[-1, 0], [1], [-1, 2]]","[13, 19, 0]","[0.0028858307353923024, 0.0032000002686861347, 0.015332085607540595]",0.0005,40,6.1
focus_dev_partial_COMPAT_O1001_N1_P0.2_B4_T0.4_S0_R5_D0.04,6,6,0.019512836906180903,0.019512836906180903,0.0,0.0,1,4,"[[-1, 0], [-1, 1], [2]]","[13, 20, 21]","[0.0028858307609629665, 0.0028858051211835796, 0.017605111753428236]",0.0005,42,6.3
focus_dev_partial_COMPAT_O1001_N1_P0.2_B4_T0.4_S0_R5_D0.04,63,63,0.020996018244875216,0.020996018244875216,0.0,0.0,1,4,"[[-1, 0], [-1, 1], [2]]","[13, 20, 22]","[0.025910143863274258, 0.002885830736676654, 0.0028587726887310556]",0.0005,44,6.5
focus_dev_partial_COMPAT_O1001_N1_P0.2_B4_T0.4_S0_R5_D0.04,63,63,0.019584659318531407,0.019584659318531407,0.0,0.0,1,4,"[[0], [-1, 1], [-1, 2]]","[23, 20, 22]","[0.017937926865542908, 0.0028858307609641843, 0.0028849548325596414]",0.0005,46,6.7
focus_dev_partial_COMPAT_O1001_N1_P0.2_B4_T0.4_S0_R5_D0.04,63,63,0.019320516681460342,0.019320516681460342,0.0,0.0,1,4,"[[0], [-1, 1], [-1, 2]]","[24, 20, 22]","[0.016750940877993892, 0.0028858307609872114, 0.0028858299304323296]",0.0005,48,6.9
focus_dev_partial_COMPAT_O1001_N1_P0.2_B4_T0.4_S0_R5_D0.04,63,63,0.01939950445466795,0.01939950445466795,0.0,0.0,1,4,"[[0], [-1, 1], [-1, 2]]","[25, 20, 22]","[0.017097111187586212, 0.0028858307609872336, 0.002885830760199738]",0.0005,50,7.1
focus_dev_partial_COMPAT_O1001_N1_P0.2_B4_T0.4_S0_R5_D0.04,63,63,0.021292793232137112,0.021292793232137112,0.0,0.0,1,4,"[[0], [-1, 1], [-1, 2]]","[25, 20, 22]","[0.027771593813952087, 0.0028858307609872336, 0.0028858307609864876]",0.0005,52,7.3
focus_dev_partial_COMPAT_O1001_N1_P0.2_B4_T0.4_S0_R5_D0.04,19,19,0.021034582837053662,0.021034582837053662,0.0,0.0,1,4,"[[0], [-1, 1], [-1, 2]]","[26, 20, 22]","[0.0028879405043697507, 0.025972683333535185, 0.0028858307609872336]",0.0005,54,7.5
focus_dev_partial_COMPAT_O1001_N1_P0.2_B4_T0.4_S0_R5_D0.04,19,19,0.020984726480573437,0.020984726480573437,0.0,0.0,1,4,"[[-1, 0], [1], [-1, 2]]","[26, 28, 22]","[0.002876350824592138, 0.025719005294474673, 0.0028858307609872336]",0.0005,56,7.7
focus_dev_partial_COMPAT_O1001_N1_P0.2_B4_T0.4_S0_R5_D0.04,19,19,0.019413817458742776,0.019413817458742776,0.0,0.0,1,4,"[[-1, 0], [1], [-1, 2]]","[26, 29, 22]","[0.0028768407526920075, 0.017200451614619125, 0.0028858307609872336]",0.0005,58,7.9
focus_dev_partial_COMPAT_O1001_N1_P0.2_B4_T0.4_S0_R5_D0.04,19,19,0.019465058618660103,0.019465058618660103,0.0,0.0,1,4,"[[-1, 0], [1], [-1, 2]]","[26, 30, 22]","[0.0028858222330895695, 0.017389288660737315, 0.0028858307609872336]",0.0005,60,8.1
focus_dev_partial_COMPAT_O1001_N1_P0.2_B4_T0.4_S0_R5_D0.04,19,19,0.019447529045938584,0.019447529045938584,0.0,0.0,1,4,"[[-1, 0], [1], [-1, 2]]","[26, 31, 22]","[0.002885830752901448, 0.01731069480200014, 0.0028858307609872336]",0.0005,62,8.3
focus_dev_partial_COMPAT_O1001_N1_P0.2_B4_T0.4_S0_R5_D0.04,19,19,0.019314982027264227,0.019314982027264227,0.0,0.0,1,4,"[[-1, 0], [1], [-1, 2]]","[26, 32, 22]","[0.0028858307609795674, 0.016726916103721765, 0.0028858307609872336]",0.0005,64,8.5
focus_dev_partial_COMPAT_O1001_N1_P0.2_B4_T0.4_S0_R5_D0.04,19,19,0.01944431490850456,0.01944431490850456,0.0,0.0,1,4,"[[-1, 0], [1], [-1, 2]]","[26, 33, 22]","[0.0028858307609872275, 0.017296325876128133, 0.0028858307609872336]",0.0005,66,8.7
focus_dev_partial_COMPAT_O1001_N1_P0.2_B4_T0.4_S0_R5_D0.04,19,19,0.022286389649121833,0.022286389649121833,0.0,0.0,1,4,"[[-1, 0], [1], [-1, 2]]","[26, 33, 22]","[0.002885830760987234, 0.03605113851434367, 0.0028858307609872336]",0.0005,68,8.9
focus_dev_partial_COMPAT_O1001_N1_P0.2_B4_T0.4_S0_R5_D0.04,19,19,0.022905073148951675,0.022905073148951675,0.0,0.0,1,4,"[[-1, 0], [1], [-1, 2]]","[26, 33, 22]","[0.0028858307609872336, 0.04271187060828491, 0.0028858307609872336]",0.0005,70,9.1
focus_dev_partial_COMPAT_O1001_N1_P0.2_B4_T0.4_S0_R5_D0.04,6,6,0.019198461944109846,0.019198461944109846,0.00038482907005214784,0.00038482907005214784,1,4,"[[-1, 0], [1], [-1, 2]]","[26, 36, 22]","[0.0028858307609872336, 0.0030875946110380838, 0.0153952008753334]",0.0005,72,9.3
focus_dev_partial_COMPAT_O1001_N1_P0.2_B4_T0.4_S0_R5_D0.04,6,6,0.02075280498108697,0.02075280498108697,0.0,0.0,1,4,"[[-1, 0], [-1, 1], [2]]","[26, 36, 37]","[0.0028858307609872336, 0.00288571909807115, 0.02417860153895521]",0.0005,74,9.5
focus_dev_partial_COMPAT_O1001_N1_P0.2_B4_T0.4_S0_R5_D0.04,6,6,0.020746565898901292,0.020746565898901292,0.0,0.0,1,4,"[[-1, 0], [-1, 1], [2]]","[26, 36, 38]","[0.0028858307609872336, 0.0028858306551126935, 0.024139388017946028]",0.0005,76,9.7
focus_dev_partial_COMPAT_O1001_N1_P0.2_B4_T0.4_S0_R5_D0.04,6,6,0.020655172323130414,0.020655172323130414,0.0,0.0,1,4,"[[-1, 0], [-1, 1], [2]]","[26, 36, 39]","[0.0028858307609872336, 0.002885830760886848, 0.023582285654272627]",0.0005,78,9.9
focus_dev_partial_COMPAT_O1001_N1_P0.2_B4_T0.4_S0_R5_D0.04,6,6,0.01934537723525806,0.01934537723525806,0.0,0.0,1,4,"[[-1, 0], [-1, 1], [2]]","[26, 36, 40]","[0.0028858307609872336, 0.002885830760987139, 0.016859213193937933]",0.0005,80,10.1
focus_dev_partial_COMPAT_O1001_N1_P0.2_B4_T0.4_S0_R5_D0.04,6,6,0.01939509473314096,0.01939509473314096,0.0,0.0,1,4,"[[-1, 0], [-1, 1], [2]]","[26, 36, 41]","[0.0028858307609872336, 0.0028858307609872336, 0.01707761829554195]",0.0005,82,10.3
focus_dev_partial_COMPAT_O1001_N1_P0.2_B4_T0.4_S0_R5_D0.04,6,6,0.019424994192585133,0.019424994192585133,0.0,0.0,1,4,"[[-1, 0], [-1, 1], [2]]","[26, 36, 42]","[0.0028858307609872336, 0.0028858307609872336, 0.017210177609453457]",0.0005,84,10.5
focus_dev_partial_COMPAT_O1001_N1_P0.2_B4_T0.4_S0_R5_D0.04,6,6,0.019411667672588284,0.019411667672588284,0.0,0.0,1,4,"[[-1, 0], [-1, 1], [2]]","[26, 36, 43]","[0.0028858307609872336, 0.0028858307609872336, 0.017150981090278]",0.0005,86,10.7
focus_dev_partial_COMPAT_O1001_N1_P0.2_B4_T0.4_S0_R5_D0.04,6,6,0.02228596424641488,0.02228596424641488,0.0,0.0,1,4,"[[-1, 0], [-1, 1], [2]]","[26, 36, 43]","[0.0028858307609872336, 0.0028858307609872336, 0.03604701894163713]",0.0005,88,10.9
focus_dev_partial_COMPAT_O1001_N1_P0.2_B4_T0.4_S0_R5_D0.04,6,6,0.020526876805252288,0.020526876805252288,0.0,0.0,1,4,"[[-1, 0], [-1, 1], [2]]","[26, 43, 45]","[0.0028858307609872336, 0.0028768470855646258, 0.022874804784650215]",0.0005,90,11.1
focus_dev_partial_COMPAT_O1001_N1_P0.2_B4_T0.4_S0_R5_D0.04,6,6,0.020634634637651715,0.020634634637651715,0.0,0.0,1,4,"[[-1, 0], [-1, 1], [2]]","[26, 43, 46]","[0.0028858307609872336, 0.0028858222390997063, 0.02345897940679746]",0.0005,92,11.3
focus_dev_partial_COMPAT_O1001_N1_P0.2_B4_T0.4_S0_R5_D0.04,63,63,0.019015503754981154,0.019015503754981154,0.000472393871239242,0.000472393871239242,1,4,"[[-1, 0], [-1, 1], [2]]","[26, 43, 47]","[0.015248039732845843, 0.0028858307529071475, 0.0029412507011273826]",0.0005,94,11.5
focus_dev_partial_COMPAT_O1001_N1_P0.2_B4_T0.4_S0_R5_D0.04,63,63,0.022153902955592074,0.022153902955592074,0.0,0.0,1,8,"[[-1, 0], [-1, 1], [-1, 2]]","[26, 43, 47]","[0.03480288193025612, 0.0028858307609795726, 0.002884996570942112]",0.0005,96,11.7
focus_dev_partial_COMPAT_O1001_N1_P0.2_B4_T0.4_S0_R5_D0.04,63,63,0.019409573146503805,0.019409573146503805,0.0,0.0,1,4,"[[0], [-1, 1], [-1, 2]]","[49, 47, 47]","[0.017268103089743785, 0.0028574098589168634, 0.0028858299700103493]",0.0005,98,11.9
focus_dev_partial_COMPAT_O1001_N1_P0.2_B4_T0.4_S0_R5_D0.04,63,63,0.02059988528465125,0.02059988528465125,0.0,0.0,1,4,"[[0], [-1, 1], [-1, 2]]","[50, 47, 47]","[0.023251874367657726, 0.0028858037738832753, 0.002885830760237264]",0.0005,100,12.1
focus_dev_partial_COMPAT_O1001_N1_P0.2_B4_T0.4_S0_R5_D0.04,63,63,0.019413497167857917,0.019413497167857917,0.0,0.0,1,4,"[[0], [-1, 1], [-1, 2]]","[51, 47, 47]","[0.017159097020210963, 0.0028858307353991984, 0.0028858307609865227]",0.0005,102,12.3
focus_dev_partial_COMPAT_O1001_N1_P0.2_B4_T0.4_S0_R5_D0.04,63,63,0.020503526643569907,0.020503526643569907,0.0,0.0,1,4,"[[0], [-1, 1], [-1, 2]]","[52, 47, 47]","[0.02268682217396251, 0.0028858307609629734, 0.0028858307609872336]",0.0005,104,12.5
focus_dev_partial_COMPAT_O1001_N1_P0.2_B4_T0.4_S0_R5_D0.04,63,63,0.020568594417729427,0.020568594417729427,0.0,0.0,1,4,"[[0], [-1, 1], [-1, 2]]","[53, 47, 47]","[0.023066723560498156, 0.00288583076098721, 0.0028858307609872336]",0.0005,106,12.7
focus_dev_partial_COMPAT_O1001_N1_P0.2_B4_T0.4_S0_R5_D0.04,63,63,0.02199794855681336,0.02199794855681336,0.0,0.0,1,4,"[[0], [-1, 1], [-1, 2]]","[53, 47, 47]","[0.03338302144892481, 0.0028858307609872336, 0.0028858307609872336]",0.0005,108,12.9
focus_dev_partial_COMPAT_O1001_N1_P0.2_B4_T0.4_S0_R5_D0.04,63,63,0.02296966201977035,0.02296966201977035,0.0,0.0,1,4,"[[0], [-1, 1], [-1, 2]]","[53, 47, 47]","[0.04349380375748773, 0.0028858307609872336, 0.0028858307609872336]",0.0005,110,13.1
focus_dev_partial_COMPAT_O1001_N1_P0.2_B4_T0.4_S0_R5_D0.04,63,63,0.02336442910422655,0.02336442910422655,0.0,0.0,1,4,"[[0], [-1, 1], [-1, 2]]","[53, 47, 47]","[0.04870264492588494, 0.0028858307609872336, 0.0028858307609872336]",0.0005,112,13.3
focus_dev_partial_COMPAT_O1001_N1_P0.2_B4_T0.4_S0_R5_D0.04,63,63,0.01933841323529319,0.01933841323529319,0.0,0.0,1,4,"[[0], [-1, 1], [-1, 2]]","[53, 47, 47]","[0.016828820228737995, 0.0028858307609872336, 0.0028858307609872336]",0.0005,114,13.5
focus_dev_partial_COMPAT_O1001_N1_P0.2_B4_T0.4_S0_R5_D0.04,63,63,0.020408250940084208,0.020408250940084208,0.0,0.0,1,4,"[[0], [-1, 1], [-1, 2]]","[58, 47, 47]","[0.022141919776277195, 0.0028858307609872336, 0.0028858307609872336]",0.0005,116,13.7
focus_dev_partial_COMPAT_O1001_N1_P0.2_B4_T0.4_S0_R5_D0.04,63,63,0.019453144078092018,0.019453144078092018,0.0,0.0,1,4,"[[0], [-1, 1], [-1, 2]]","[59, 47, 47]","[0.01733582267850732, 0.0028858307609872336, 0.0028858307609872336]",0.0005,118,13.9
focus_dev_partial_COMPAT_O1001_N1_P0.2_B4_T0.4_S0_R5_D0.04,63,63,0.02229501430147893,0.02229501430147893,0.0,0.0,1,4,"[[0], [-1, 1], [-1, 2]]","[59, 47, 47]","[0.036134782231346994, 0.0028858307609872336, 0.0028858307609872336]",0.0005,120,14.1
focus_dev_partial_COMPAT_O1001_N1_P0.2_B4_T0.4_S0_R5_D0.04,63,63,0.02287387826212012,0.02287387826212012,0.0,0.0,1,4,"[[0], [-1, 1], [-1, 2]]","[59, 47, 47]","[0.04234068318625784, 0.0028858307609872336, 0.0028858307609872336]",0.0005,122,14.3
focus_dev_partial_COMPAT_O1001_N1_P0.2_B4_T0.4_S0_R5_D0.04,63,63,0.02074209061869637,0.02074209061869637,0.0,0.0,1,4,"[[0], [-1, 1], [-1, 2]]","[59, 47, 47]","[0.02411179333202552, 0.0028858307609872336, 0.0028858307609872336]",0.0005,124,14.5
focus_dev_partial_COMPAT_O1001_N1_P0.2_B4_T0.4_S0_R5_D0.04,63,63,0.02058922340650615,0.02058922340650615,0.0,0.0,1,4,"[[0], [-1, 1], [-1, 2]]","[63, 47, 47]","[0.023188512117892433, 0.0028858307609872336, 0.0028858307609872336]",0.0005,126,14.7
focus_dev_partial_COMPAT_O1001_N1_P0.2_B4_T0.4_S0_R5_D0.04,63,63,0.020518625988812253,0.020518625988812253,0.0,0.0,1,4,"[[0], [-1, 1], [-1, 2]]","[64, 47, 47]","[0.022774411310997743, 0.0028858307609872336, 0.0028858307609872336]",0.0005,128,14.9
focus_dev_partial_COMPAT_O1001_N1_P0.2_B4_T0.4_S0_R5_D0.04,63,63,0.019451615262004465,0.019451615262004465,0.0,0.0,1,4,"[[0], [-1, 1], [-1, 2]]","[65, 47, 47]","[0.017328977803036088, 0.0028858307609872336, 0.0028858307609872336]",0.0005,130,15.1
focus_dev_partial_COMPAT_O1001_N1_P0.2_B4_T0.4_S0_R5_D0.04,63,63,0.02068642244192053,0.02068642244192053,0.0,0.0,1,4,"[[0], [-1, 1], [-1, 2]]","[66, 47, 47]","[0.02377126659143309, 0.0028858307609872336, 0.0028858307609872336]",0.0005,132,15.3
focus_dev_partial_COMPAT_O1001_N1_P0.2_B4_T0.4_S0_R5_D0.04,63,63,0.020735787969622076,0.020735787969622076,0.0,0.0,1,4,"[[0], [-1, 1], [-1, 2]]","[67, 47, 47]","[0.024072987424203173, 0.0028858307609872336, 0.0028858307609872336]",0.0005,134,15.5
focus_dev_partial_COMPAT_O1001_N1_P0.2_B4_T0.4_S0_R5_D0.04,6,6,0.01920612226185401,0.01920612226185401,0.00036890133914344037,0.00036890133914344037,1,4,"[[0], [-1, 1], [-1, 2]]","[68, 47, 47]","[0.0030886454905285515, 0.0028858307609872336, 0.015421894190343942]",0.0005,136,15.7
focus_dev_partial_COMPAT_O1001_N1_P0.2_B4_T0.4_S0_R5_D0.04,6,6,0.019391319754144255,0.019391319754144255,0.0,0.0,1,4,"[[-1, 0], [-1, 1], [2]]","[68, 67, 69]","[0.002885719909039302, 0.0028574098589168664, 0.01718731209989435]",0.0005,138,15.9
focus_dev_partial_COMPAT_O1001_N1_P0.2_B4_T0.4_S0_R5_D0.04,6,6,0.020312714046685994,0.020312714046685994,0.0,0.0,1,4,"[[-1, 0], [-1, 1], [2]]","[68, 67, 70]","[0.002885560894777177, 0.0028858037738832753, 0.021610311728979013]",0.0005,140,16.1
focus_dev_partial_COMPAT_O1001_N1_P0.2_B4_T0.4_S0_R5_D0.04,6,6,0.020572417083388608,0.020572417083388608,0.0,0.0,1,4,"[[-1, 0], [-1, 1], [2]]","[68, 67, 71]","[0.0028858305051082406, 0.0028858307353991984, 0.023089244009760854]",0.0005,142,16.3
focus_dev_partial_COMPAT_O1001_N1_P0.2_B4_T0.4_S0_R5_D0.04,6,6,0.020693003250399713,0.020693003250399713,0.0,0.0,1,4,"[[-1, 0], [-1, 1], [2]]","[68, 67, 72]","[0.0028858307607446208, 0.0028858307609629734, 0.023811261603838826]",0.0005,144,16.5
focus_dev_partial_COMPAT_O1001_N1_P0.2_B4_T0.4_S0_R5_D0.04,6,6,0.020563988538125196,0.020563988538125196,0.0,0.0,1,4,"[[-1, 0], [-1, 1], [2]]","[71, 67, 73]","[0.002876847085564464, 0.00288583076098721, 0.023092514406470893]",0.0005,146,16.7
focus_dev_partial_COMPAT_O1001_N1_P0.2_B4_T0.4_S0_R5_D0.04,6,6,0.020648992310063837,0.020648992310063837,0.0,0.0,1,4,"[[-1, 0], [-1, 1], [2]]","[71, 67, 74]","[0.002885822239099706, 0.0028858307609872336, 0.023545147458033204]",0.0005,148,16.9
focus_dev_partial_COMPAT_O1001_N1_P0.2_B4_T0.4_S0_R5_D0.04,6,6,0.020611614532873614,0.020611614532873614,0.0,0.0,1,4,"[[-1, 0], [-1, 1], [2]]","[71, 67, 75]","[0.0028858307529071475, 0.0028858307609872336, 0.023321446789868944]",0.0005,150,17.1
focus_dev_partial_COMPAT_O1001_N1_P0.2_B4_T0.4_S0_R5_D0.04,6,6,0.01948651793514295,0.01948651793514295,0.0,0.0,1,4,"[[-1, 0], [-1, 1], [2]]","[71, 67, 76]","[0.0028858307609795726, 0.0028858307609872336, 0.017485853628449236]",0.0005,152,17.3
focus_dev_partial_COMPAT_O1001_N1_P0.2_B4_T0.4_S0_R5_D0.04,6,6,0.019344630072237603,0.019344630072237603,0.0,0.0,1,4,"[[-1, 0], [-1, 1], [2]]","[71, 67, 77]","[0.0028858307609872266, 0.0028858307609872336, 0.016855950019236905]",0.0005,154,17.5
focus_dev_partial_COMPAT_O1001_N1_P0.2_B4_T0.4_S0_R5_D0.04,6,6,0.019395524698597975,0.019395524698597975,0.0,0.0,1,4,"[[-1, 0], [-1, 1], [2]]","[71, 67, 78]","[0.0028858307609872336, 0.0028858307609872336, 0.01707951805557932]",0.0005,156,17.7
focus_dev_partial_COMPAT_O1001_N1_P0.2_B4_T0.4_S0_R5_D0.04,6,6,0.02058144213669849,0.02058144213669849,0.0,0.0,1,4,"[[-1, 0], [-1, 1], [2]]","[71, 67, 79]","[0.0028858307609872336, 0.0028858307609872336, 0.023142496578497596]",0.0005,158,17.9
focus_dev_partial_COMPAT_O1001_N1_P0.2_B4_T0.4_S0_R5_D0.04,6,6,0.020734154279676984,0.020734154279676984,0.0,0.0,1,4,"[[-1, 0], [-1, 1], [2]]","[71, 67, 80]","[0.0028858307609872336, 0.0028858307609872336, 0.024062939234908876]",0.0005,160,18.1
focus_dev_partial_COMPAT_O1001_N1_P0.2_B4_T0.4_S0_R5_D0.04,6,6,0.02069874009799349,0.02069874009799349,0.0,0.0,1,4,"[[-1, 0], [-1, 1], [2]]","[71, 67, 81]","[0.0028858307609872336, 0.0028858307609872336, 0.02384618405807689]",0.0005,162,18.3
focus_dev_partial_COMPAT_O1001_N1_P0.2_B4_T0.4_S0_R5_D0.04,6,6,0.020579419109673237,0.020579419109673237,0.0,0.0,1,4,"[[-1, 0], [-1, 1], [2]]","[71, 67, 82]","[0.0028858307609872336, 0.0028858307609872336, 0.02313054840675805]",0.0005,164,18.5
focus_dev_partial_COMPAT_O1001_N1_P0.2_B4_T0.4_S0_R5_D0.04,63,63,0.02109648661179906,0.02109648661179906,0.0,0.0,1,4,"[[-1, 0], [-1, 1], [2]]","[71, 67, 82]","[0.026339504886821977, 0.0028858307609872336, 0.0028952114219699294]",0.0005,166,18.7
focus_dev_partial_COMPAT_O1001_N1_P0.2_B4_T0.4_S0_R5_D0.04,63,63,0.022821325648817087,0.022821325648817087,0.0,0.0,1,4,"[[0], [-1, 1], [-1, 2]]","[71, 67, 83]","[0.04172465097693552, 0.0028858307609872336, 0.002885829859284268]",0.0005,168,18.9
focus_dev_partial_COMPAT_O1001_N1_P0.2_B4_T0.4_S0_R5_D0.04,19,19,0.02105312704429652,0.02105312704429652,0.0,0.0,1,4,"[[0], [-1, 1], [-1, 2]]","[85, 67, 83]","[0.002882413437070617, 0.026133625818181763, 0.002885830760132278]",0.0005,170,19.1
focus_dev_partial_COMPAT_O1001_N1_P0.2_B4_T0.4_S0_R5_D0.04,19,19,0.020910893655250517,0.020910893655250517,0.0,0.0,1,4,"[[-1, 0], [1], [-1, 2]]","[85, 86, 83]","[0.00288555826295459, 0.025177529213355403, 0.002885830760986423]",0.0005,172,19.3
focus_dev_partial_COMPAT_O1001_N1_P0.2_B4_T0.4_S0_R5_D0.04,19,19,0.020558498404583136,0.020558498404583136,0.0,0.0,1,4,"[[-1, 0], [1], [-1, 2]]","[85, 87, 83]","[0.002885830502612792, 0.023007358302395364, 0.0028858307609872327]",0.0005,174,19.5
focus_dev_partial_COMPAT_O1001_N1_P0.2_B4_T0.4_S0_R5_D0.04,19,19,0.020680209068358196,0.020680209068358196,0.0,0.0,1,4,"[[-1, 0], [1], [-1, 2]]","[85, 88, 83]","[0.002885830760742254, 0.023733568241491598, 0.0028858307609872336]",0.0005,176,19.7
focus_dev_partial_COMPAT_O1001_N1_P0.2_B4_T0.4_S0_R5_D0.04,19,19,0.01949732658716595,0.01949732658716595,0.0,0.0,1,4,"[[-1, 0], [1], [-1, 2]]","[85, 89, 83]","[0.002885830760987002, 0.017534694104854958, 0.0028858307609872336]",0.0005,178,19.9
focus_dev_partial_COMPAT_O1001_N1_P0.2_B4_T0.4_S0_R5_D0.04,6,6,0.018961581005819513,0.018961581005819513,0.0005752875901058885,0.0005752875901058885,1,4,"[[-1, 0], [1], [-1, 2]]","[88, 90, 83]","[0.002876349925044904, 0.0029404466314375973, 0.015074210262166253]",0.0005,180,20.1
focus_dev_partial_COMPAT_O1001_N1_P0.2_B4_T0.4_S0_R5_D0.04,6,6,0.022116552523263416,0.022116552523263416,0.0,0.0,1,4,"[[-1, 0], [-1, 1], [2]]","[88, 90, 83]","[0.0028858217672635446, 0.0028849961683525137, 0.034458317346395845]",0.0005,182,20.3
focus_dev_partial_COMPAT_O1001_N1_P0.2_B4_T0.4_S0_R5_D0.04,6,6,0.020766739873537783,0.020766739873537783,0.0,0.0,1,4,"[[-1, 0], [-1, 1], [2]]","[88, 90, 92]","[0.0028858307524597723, 0.002885829969628599, 0.024264190176040486]",0.0005,184,20.5
focus_dev_partial_COMPAT_O1001_N1_P0.2_B4_T0.4_S0_R5_D0.04,6,6,0.02064953008941139,0.02064953008941139,0.0,0.0,1,4,"[[-1, 0], [-1, 1], [2]]","[91, 90, 93]","[0.0028574098589145406, 0.0028858307602369015, 0.0237198830999761]",0.0005,186,20.7
focus_dev_partial_COMPAT_O1001_N1_P0.2_B4_T0.4_S0_R5_D0.04,6,6,0.02063664630022245,0.02063664630022245,0.0,0.0,1,4,"[[-1, 0], [-1, 1], [2]]","[91, 90, 94]","[0.0028858037738832736, 0.0028858307609865227, 0.023471143621394682]",0.0005,188,20.9
focus_dev_partial_COMPAT_O1001_N1_P0.2_B4_T0.4_S0_R5_D0.04,6,6,0.020711152917834888,0.020711152917834888,0.0,0.0,1,4,"[[-1, 0], [-1, 1], [2]]","[91, 90, 95]","[0.0028858307353991984, 0.0028858307609872336, 0.02392192707623004]",0.0005,190,21.1
focus_dev_partial_COMPAT_O1001_N1_P0.2_B4_T0.4_S0_R5_D0.04,6,6,0.02044270182235137,0.02044270182235137,0.0,0.0,1,4,"[[-1, 0], [-1, 1], [2]]","[91, 90, 96]","[0.0028858307609629734, 0.0028858307609872336, 0.022337416228393157]",0.0005,192,21.3
focus_dev_partial_COMPAT_O1001_N1_P0.2_B4_T0.4_S0_R5_D0.04,6,6,0.02075570539114093,0.02075570539114093,0.0,0.0,1,4,"[[-1, 0], [-1, 1], [2]]","[91, 90, 97]","[0.00288583076098721, 0.0028858307609872336, 0.024195842206064713]",0.0005,194,21.5
focus_dev_partial_COMPAT_O1001_N1_P0.2_B4_T0.4_S0_R5_D0.04,19,19,0.01918996994701551,0.01918996994701551,0.000405887444018288,0.000405887444018288,1,4,"[[-1, 0], [-1, 1], [2]]","[91, 90, 98]","[0.0028858307609872336, 0.015359873991889372, 0.0030878648192821023]",0.0005,196,21.7
focus_dev_partial_COMPAT_O1001_N1_P0.2_B4_T0.4_S0_R5_D0.04,19,19,0.01944903557164296,0.01944903557164296,0.0,0.0,1,4,"[[-1, 0], [1], [-1, 2]]","[91, 99, 98]","[0.0028858307609872336, 0.017317932050500463, 0.0028857193066042465]",0.0005,198,21.9
focus_dev_partial_COMPAT_O1001_N2_P0.2_B4_T0.4_S0_R5_D0.04,63,63,0.028139607625449474,0.028139607625449474,0.0,0.0,1,1,"[[0], [1], [2]]","[0, 0, 0]","[0.2139330616152421, 0.0034879554772884822, 0.0034879554772884822]",0.0005,0,2.1
focus_dev_partial_COMPAT_O1001_N2_P0.2_B4_T0.4_S0_R5_D0.04,63,63,0.02052569876139389,0.02052569876139389,0.0,0.0,1,4,"[[0], [-1, 1], [-1, 2]]","[1, 0, 0]","[0.022815702358706155, 0.002886384440197671, 0.0028852521385171978]",0.0005,2,2.3
focus_dev_partial_COMPAT_O1001_N2_P0.2_B4_T0.4_S0_R5_D0.04,63,63,0.019350681030625524,0.019350681030625524,0.0,0.0,1,4,"[[0], [-1, 1], [-1, 2]]","[2, 0, 0]","[0.016882393341183938, 0.0028858312859468016, 0.0028858302123461223]",0.0005,4,2.5
focus_dev_partial_COMPAT_O1001_N2_P0.2_B4_T0.4_S0_R5_D0.04,63,63,0.019404420025379617,0.019404420025379617,0.0,0.0,1,4,"[[0], [-1, 1], [-1, 2]]","[3, 0, 0]","[0.017118863593200997, 0.0028858307614849786, 0.0028858307604670373]",0.0005,6,2.7
focus_dev_partial_COMPAT_O1001_N2_P0.2_B4_T0.4_S0_R5_D0.04,63,63,0.01944063292663755,0.01944063292663755,0.0,0.0,1,4,"[[0], [-1, 1], [-1, 2]]","[4, 0, 0]","[0.01727987864938564, 0.0028858307609877067, 0.00288583076098674]",0.0005,8,2.9
focus_dev_partial_COMPAT_O1001_N2_P0.2_B4_T0.4_S0_R5_D0.04,19,19,0.020902249896409028,0.020902249896409028,0.0,0.0,1,4,"[[0], [-1, 1], [-1, 2]]","[5, 0, 0]","[0.0028587623073054054, 0.02529485318979126, 0.0028858307609872327]",0.0005,10,3.1
focus_dev_partial_COMPAT_O1001_N2_P0.2_B4_T0.4_S0_R5_D0.04,19,19,0.022751009250835272,0.022751009250835272,0.0,0.0,1,4,"[[-1, 0], [1], [-1, 2]]","[5, 0, 0]","[0.002885539398719033, 0.04092139788148025, 0.0028858307609872336]",0.0005,12,3.3
focus_dev_partial_COMPAT_O1001_N2_P0.2_B4_T0.4_S0_R5_D0.04,19,19,0.019442555425923637,0.019442555425923637,0.0,0.0,1,4,"[[-1, 0], [1], [-1, 2]]","[5, 5, 0]","[0.0028858304847260213, 0.017288465836378795, 0.0028858307609872336]",0.0005,14,3.5
focus_dev_partial_COMPAT_O1001_N2_P0.2_B4_T0.4_S0_R5_D0.04,19,19,0.022291672121985927,0.022291672121985927,0.0,0.0,1,4,"[[-1, 0], [1], [-1, 2]]","[5, 5, 0]","[0.002885830760725295, 0.0361023411878537, 0.0028858307609872336]",0.0005,16,3.7
focus_dev_partial_COMPAT_O1001_N2_P0.2_B4_T0.4_S0_R5_D0.04,19,19,0.019349985181863674,0.019349985181863674,0.0,0.0,1,4,"[[-1, 0], [1], [-1, 2]]","[5, 9, 0]","[0.0028858307609869855, 0.01687935044240124, 0.0028858307609872336]",0.0005,18,3.9
focus_dev_partial_COMPAT_O1001_N2_P0.2_B4_T0.4_S0_R5_D0.04,19,19,0.01936258464388809,0.01936258464388809,0.0,0.0,1,4,"[[-1, 0], [1], [-1, 2]]","[5, 10, 0]","[0.002885830760987234, 0.016934520763867096, 0.0028858307609872336]",0.0005,20,4.1
focus_dev_partial_COMPAT_O1001_N2_P0.2_B4_T0.4_S0_R5_D0.04,19,19,0.019381728281052647,0.019381728281052647,0.0,0.0,1,4,"[[-1, 0], [1], [-1, 2]]","[5, 11, 0]","[0.0028858307609872336, 0.01701865400131859, 0.0028858307609872336]",0.0005,22,4.3
focus_dev_partial_COMPAT_O1001_N2_P0.2_B4_T0.4_S0_R5_D0.04,19,19,0.019386380386184985,0.019386380386184985,0.0,0.0,1,4,"[[-1, 0], [1], [-1, 2]]","[5, 12, 0]","[0.0028858307609872336, 0.01703915547602547, 0.0028858307609872336]",0.0005,24,4.5
focus_dev_partial_COMPAT_O1001_N2_P0.2_B4_T0.4_S0_R5_D0.04,19,19,0.020441021311410183,0.020441021311410183,0.0,0.0,1,4,"[[-1, 0], [1], [-1, 2]]","[5, 13, 0]","[0.0028858307609872336, 0.022327839878443567, 0.0028858307609872336]",0.0005,26,4.7
focus_dev_partial_COMPAT_O1001_N2_P0.2_B4_T0.4_S0_R5_D0.04,19,19,0.020581398837990466,0.020581398837990466,0.0,0.0,1,4,"[[-1, 0], [1], [-1, 2]]","[5, 14, 0]","[0.0028858307609872336, 0.02314224078672055, 0.0028858307609872336]",0.0005,28,4.9
focus_dev_partial_COMPAT_O1001_N2_P0.2_B4_T0.4_S0_R5_D0.04,19,19,0.02265300758175191,0.02265300758175191,0.0,0.0,1,4,"[[-1, 0], [1], [-1, 2]]","[5, 14, 0]","[0.0028858307609872336, 0.03982658729241275, 0.0028858307609872336]",0.0005,30,5.1
focus_dev_partial_COMPAT_O1001_N2_P0.2_B4_T0.4_S0_R5_D0.04,19,19,0.02123014961787741,0.02123014961787741,0.0,0.0,1,4,"[[-1, 0], [1], [-1, 2]]","[5, 15, 0]","[0.0028858307609872336, 0.027326669518179934, 0.0028858307609872336]",0.0005,32,5.3
focus_dev_partial_COMPAT_O1001_N2_P0.2_B4_T0.4_S0_R5_D0.04,19,19,0.019472283320615832,0.019472283320615832,0.0,0.0,1,4,"[[-1, 0], [1], [-1, 2]]","[5, 17, 0]","[0.0028858307609872336, 0.01742171987378894, 0.0028858307609872336]",0.0005,34,5.5
focus_dev_partial_COMPAT_O1001_N2_P0.2_B4_T0.4_S0_R5_D0.04,19,19,0.019442865430415967,0.019442865430415967,0.0,0.0,1,4,"[[-1, 0], [1], [-1, 2]]","[5, 18, 0]","[0.0028858307609872336, 0.017289849452683317, 0.0028858307609872336]",0.0005,36,5.7
focus_dev_partial_COMPAT_O1001_N2_P0.2_B4_T0.4_S0_R5_D0.04,19,19,0.020370781591679567,0.020370781591679567,0.0,0.0,1,4,"[[-1, 0], [1], [-1, 2]]","[5, 19, 0]","[0.0028858307609872336, 0.021931237808529857, 0.0028858307609872336]",0.0005,38,5.9
focus_dev_partial_COMPAT_O1001_N2_P0.2_B4_T0.4_S0_R5_D0.04,6,6,0.01918133868329566,0.01918133868329566,0.0004224353067853251,0.0004224353067853251,1,4,"[[-1, 0], [1], [-1, 2]]","[16, 20, 0]","[0.0028849686246243582, 0.0030870001783651047, 0.015332085607540595]",0.0005,40,6.1
focus_dev_partial_COMPAT_O1001_N2_P0.2_B4_T0.4_S0_R5_D0.04,6,6,0.019512749606833038,0.019512749606833038,0.0,0.0,1,4,"[[-1, 0], [-1, 1], [2]]","[16, 20, 21]","[0.0028858299435105413, 0.0028857186392881404, 0.017605111753428236]",0.0005,42,6.3
focus_dev_partial_COMPAT_O1001_N2_P0.2_B4_T0.4_S0_R5_D0.04,63,63,0.02099303161723524,0.02099303161723524,0.0,0.0,1,4,"[[-1, 0], [-1, 1], [2]]","[16, 20, 22]","[0.02589030080616505, 0.0028858306546776917, 0.0028587726887310556]",0.0005,44,6.5
focus_dev_partial_COMPAT_O1001_N2_P0.2_B4_T0.4_S0_R5_D0.04,63,63,0.022782765832579117,0.022782765832579117,0.0,0.0,1,4,"[[0], [-1, 1], [-1, 2]]","[16, 20, 22]","[0.04128991397642813, 0.0028858307608864353, 0.0028849548325596414]",0.0005,46,6.7
focus_dev_partial_COMPAT_O1001_N2_P0.2_B4_T0.4_S0_R5_D0.04,63,63,0.02117093590290476,0.02117093590290476,0.0,0.0,1,4,"[[0], [-1, 1], [-1, 2]]","[23, 20, 22]","[0.026913253984224356, 0.0028858307609871386, 0.0028858299304323296]",0.0005,48,6.9
focus_dev_partial_COMPAT_O1001_N2_P0.2_B4_T0.4_S0_R5_D0.04,63,63,0.019407091765077173,0.019407091765077173,0.0,0.0,1,4,"[[0], [-1, 1], [-1, 2]]","[23, 20, 22]","[0.017130696975065175, 0.0028858307609872336, 0.002885830760199738]",0.0005,50,7.1
focus_dev_partial_COMPAT_O1001_N2_P0.2_B4_T0.4_S0_R5_D0.04,63,63,0.0212930524818436,0.0212930524818436,0.0,0.0,1,4,"[[0], [-1, 1], [-1, 2]]","[23, 20, 22]","[0.027773451538127537, 0.0028858307609872336, 0.0028858307609864876]",0.0005,52,7.3
focus_dev_partial_COMPAT_O1001_N2_P0.2_B4_T0.4_S0_R5_D0.04,19,19,0.021005634670321,0.021005634670321,0.0,0.0,1,4,"[[0], [-1, 1], [-1, 2]]","[27, 20, 22]","[0.002858992337637086, 0.025972683333535185, 0.0028858307609872336]",0.0005,54,7.5
focus_dev_partial_COMPAT_O1001_N2_P0.2_B4_T0.4_S0_R5_D0.04,19,19,0.020993330600894766,0.020993330600894766,0.0,0.0,1,4,"[[-1, 0], [1], [-1, 2]]","[27, 28, 22]","[0.0028849549449134634, 0.025719005294474673, 0.0028858307609872336]",0.0005,56,7.7
focus_dev_partial_COMPAT_O1001_N2_P0.2_B4_T0.4_S0_R5_D0.04,19,19,0.019422806636589632,0.019422806636589632,0.0,0.0,1,4,"[[-1, 0], [1], [-1, 2]]","[27, 29, 22]","[0.0028858299305388677, 0.017200451614619125, 0.0028858307609872336]",0.0005,58,7.9
focus_dev_partial_COMPAT_O1001_N2_P0.2_B4_T0.4_S0_R5_D0.04,19,19,0.01946506714577037,0.01946506714577037,0.0,0.0,1,4,"[[-1, 0], [1], [-1, 2]]","[27, 30, 22]","[0.0028858307601998387, 0.017389288660737315, 0.0028858307609872336]",0.0005,60,8.1
focus_dev_partial_COMPAT_O1001_N2_P0.2_B4_T0.4_S0_R5_D0.04,19,19,0.019447529054023624,0.019447529054023624,0.0,0.0,1,4,"[[-1, 0], [1], [-1, 2]]","[27, 31, 22]","[0.0028858307609864885, 0.01731069480200014, 0.0028858307609872336]",0.0005,62,8.3
focus_dev_partial_COMPAT_O1001_N2_P0.2_B4_T0.4_S0_R5_D0.04,19,19,0.021099353805947896,0.021099353805947896,0.0,0.0,1,4,"[[-1, 0], [1], [-1, 2]]","[27, 31, 22]","[0.0028858307609872336, 0.02642250145435086, 0.0028858307609872336]",0.0005,64,8.5
focus_dev_partial_COMPAT_O1001_N2_P0.2_B4_T0.4_S0_R5_D0.04,19,19,0.021308434910231572,0.021308434910231572,0.0,0.0,1,4,"[[-1, 0], [1], [-1, 2]]","[27, 31, 22]","[0.0028858307609872336, 0.027883923242376107, 0.0028858307609872336]",0.0005,66,8.7
focus_dev_partial_COMPAT_O1001_N2_P0.2_B4_T0.4_S0_R5_D0.04,19,19,0.02286207228863525,0.02286207228863525,0.0,0.0,1,4,"[[-1, 0], [1], [-1, 2]]","[27, 31, 22]","[0.0028858307609872336, 0.04220128220938901, 0.0028858307609872336]",0.0005,68,8.9
focus_dev_partial_COMPAT_O1001_N2_P0.2_B4_T0.4_S0_R5_D0.04,19,19,0.023100015881417666,0.023100015881417666,0.0,0.0,1,4,"[[-1, 0], [1], [-1, 2]]","[27, 31, 22]","[0.0028858307609872336, 0.04512919639249147, 0.0028858307609872336]",0.0005,70,9.1
focus_dev_partial_COMPAT_O1001_N2_P0.2_B4_T0.4_S0_R5_D0.04,6,6,0.01941824335356579,0.01941824335356579,0.00038482907005214784,0.00038482907005214784,1,4,"[[-1, 0], [1], [-1, 2]]","[27, 31, 22]","[0.0028858307609872336, 0.0033073760204940265, 0.0153952008753334]",0.0005,72,9.3
focus_dev_partial_COMPAT_O1001_N2_P0.2_B4_T0.4_S0_R5_D0.04,6,6,0.020752885161349474,0.020752885161349474,0.0,0.0,1,4,"[[-1, 0], [-1, 1], [2]]","[35, 31, 37]","[0.0028855609829879594, 0.0028860690563329273, 0.02417860153895521]",0.0005,74,9.5
focus_dev_partial_COMPAT_O1001_N2_P0.2_B4_T0.4_S0_R5_D0.04,6,6,0.020746565974918998,0.020746565974918998,0.0,0.0,1,4,"[[-1, 0], [-1, 1], [2]]","[35, 31, 38]","[0.0028858305051918808, 0.002885830986925753, 0.024139388017946028]",0.0005,76,9.7
focus_dev_partial_COMPAT_O1001_N2_P0.2_B4_T0.4_S0_R5_D0.04,6,6,0.02065517232320249,0.02065517232320249,0.0,0.0,1,4,"[[-1, 0], [-1, 1], [2]]","[35, 31, 39]","[0.0028858307607447, 0.0028858307612014593, 0.023582285654272627]",0.0005,78,9.9
focus_dev_partial_COMPAT_O1001_N2_P0.2_B4_T0.4_S0_R5_D0.04,6,6,0.01934510745725889,0.01934510745725889,0.0,0.0,1,4,"[[-1, 0], [-1, 1], [2]]","[37, 31, 40]","[0.002885560982987765, 0.0028858307609874365, 0.016859213193937933]",0.0005,80,10.1
focus_dev_partial_COMPAT_O1001_N2_P0.2_B4_T0.4_S0_R5_D0.04,6,6,0.01939509447734561,0.01939509447734561,0.0,0.0,1,4,"[[-1, 0], [-1, 1], [2]]","[37, 31, 41]","[0.0028858305051918816, 0.002885830760987235, 0.01707761829554195]",0.0005,82,10.3
focus_dev_partial_COMPAT_O1001_N2_P0.2_B4_T0.4_S0_R5_D0.04,6,6,0.019416010516919994,0.019416010516919994,0.0,0.0,1,4,"[[-1, 0], [-1, 1], [2]]","[37, 40, 42]","[0.0028858307607447, 0.0028768470855646258, 0.017210177609453457]",0.0005,84,10.5
focus_dev_partial_COMPAT_O1001_N2_P0.2_B4_T0.4_S0_R5_D0.04,6,6,0.019411659150700526,0.019411659150700526,0.0,0.0,1,4,"[[-1, 0], [-1, 1], [2]]","[37, 40, 43]","[0.002885830760987004, 0.0028858222390997063, 0.017150981090278]",0.0005,86,10.7
focus_dev_partial_COMPAT_O1001_N2_P0.2_B4_T0.4_S0_R5_D0.04,6,6,0.019445772601062474,0.019445772601062474,0.0,0.0,1,4,"[[-1, 0], [-1, 1], [2]]","[37, 40, 44]","[0.002885830760987234, 0.0028858307529071475, 0.017302841237704047]",0.0005,88,10.9
focus_dev_partial_COMPAT_O1001_N2_P0.2_B4_T0.4_S0_R5_D0.04,6,6,0.020529650807562326,0.020529650807562326,0.0,0.0,1,4,"[[-1, 0], [-1, 1], [2]]","[37, 40, 45]","[0.0028858307609872336, 0.0028858307609795726, 0.022838580918464874]",0.0005,90,11.1
focus_dev_partial_COMPAT_O1001_N2_P0.2_B4_T0.4_S0_R5_D0.04,6,6,0.020634311328211977,0.020634311328211977,0.0,0.0,1,4,"[[-1, 0], [-1, 1], [2]]","[37, 40, 46]","[0.0028858307609872336, 0.0028858307609872266, 0.023456991739076456]",0.0005,92,11.3
focus_dev_partial_COMPAT_O1001_N2_P0.2_B4_T0.4_S0_R5_D0.04,63,63,0.018949818743747814,0.018949818743747814,0.0006266718936827342,0.0006266718936827342,1,4,"[[-1, 0], [-1, 1], [2]]","[43, 40, 47]","[0.014987025898543093, 0.0028858307609872336, 0.002941250533143698]",0.0005,94,11.5
focus_dev_partial_COMPAT_O1001_N2_P0.2_B4_T0.4_S0_R5_D0.04,63,63,0.02078897700051595,0.02078897700051595,0.0,0.0,1,4,"[[0], [-1, 1], [-1, 2]]","[48, 40, 47]","[0.024407728998380635, 0.0028858307609872336, 0.0028849965708580127]",0.0005,96,11.7
focus_dev_partial_COMPAT_O1001_N2_P0.2_B4_T0.4_S0_R5_D0.04,63,63,0.01942159377798891,0.01942159377798891,0.0,0.0,1,4,"[[0], [-1, 1], [-1, 2]]","[49, 40, 47]","[0.017195059079861883, 0.0028858307609872336, 0.002885829970010269]",0.0005,98,11.9
focus_dev_partial_COMPAT_O1001_N2_P0.2_B4_T0.4_S0_R5_D0.04,63,63,0.02059896861201672,0.02059896861201672,0.0,0.0,1,4,"[[0], [-1, 1], [-1, 2]]","[50, 40, 47]","[0.023246273363623518, 0.0028858307609872336, 0.0028858307602372636]",0.0005,100,12.1
focus_dev_partial_COMPAT_O1001_N2_P0.2_B4_T0.4_S0_R5_D0.04,63,63,0.019413493534371995,0.019413493534371995,0.0,0.0,1,4,"[[0], [-1, 1], [-1, 2]]","[51, 40, 47]","[0.017159080784776258, 0.0028858307609872336, 0.0028858307609865227]",0.0005,102,12.3
focus_dev_partial_COMPAT_O1001_N2_P0.2_B4_T0.4_S0_R5_D0.04,63,63,0.020503526437416646,0.020503526437416646,0.0,0.0,1,4,"[[0], [-1, 1], [-1, 2]]","[52, 40, 47]","[0.022686820980285863, 0.0028858307609872336, 0.0028858307609872336]",0.0005,104,12.5
focus_dev_partial_COMPAT_O1001_N2_P0.2_B4_T0.4_S0_R5_D0.04,63,63,0.020568594406929756,0.020568594406929756,0.0,0.0,1,4,"[[0], [-1, 1], [-1, 2]]","[53, 40, 47]","[0.02306672349691027, 0.0028858307609872336, 0.0028858307609872336]",0.0005,106,12.7
focus_dev_partial_COMPAT_O1001_N2_P0.2_B4_T0.4_S0_R5_D0.04,63,63,0.02074158931934246,0.02074158931934246,0.0,0.0,1,4,"[[0], [-1, 1], [-1, 2]]","[54, 40, 47]","[0.024108704419517655, 0.0028858307609872336, 0.0028858307609872336]",0.0005,108,12.9
focus_dev_partial_COMPAT_O1001_N2_P0.2_B4_T0.4_S0_R5_D0.04,63,63,0.019443384336013652,0.019443384336013652,0.0,0.0,1,4,"[[0], [-1, 1], [-1, 2]]","[55, 40, 47]","[0.017292167728015163, 0.0028858307609872336, 0.0028858307609872336]",0.0005,110,13.1
focus_dev_partial_COMPAT_O1001_N2_P0.2_B4_T0.4_S0_R5_D0.04,63,63,0.019387536725768085,0.019387536725768085,0.0,0.0,1,4,"[[0], [-1, 1], [-1, 2]]","[56, 40, 47]","[0.01704425479661737, 0.0028858307609872336, 0.0028858307609872336]",0.0005,112,13.3
focus_dev_partial_COMPAT_O1001_N2_P0.2_B4_T0.4_S0_R5_D0.04,63,63,0.01932485859426835,0.01932485859426835,0.0,0.0,1,4,"[[0], [-1, 1], [-1, 2]]","[57, 40, 47]","[0.016769803161670743, 0.0028858307609872336, 0.0028858307609872336]",0.0005,114,13.5
focus_dev_partial_COMPAT_O1001_N2_P0.2_B4_T0.4_S0_R5_D0.04,63,63,0.020408019151050002,0.020408019151050002,0.0,0.0,1,4,"[[0], [-1, 1], [-1, 2]]","[58, 40, 47]","[0.0221406102793447, 0.0028858307609872336, 0.0028858307609872336]",0.0005,116,13.7
focus_dev_partial_COMPAT_O1001_N2_P0.2_B4_T0.4_S0_R5_D0.04,63,63,0.019453141017304578,0.019453141017304578,0.0,0.0,1,4,"[[0], [-1, 1], [-1, 2]]","[59, 40, 47]","[0.017335808972199836, 0.0028858307609872336, 0.0028858307609872336]",0.0005,118,13.9
focus_dev_partial_COMPAT_O1001_N2_P0.2_B4_T0.4_S0_R5_D0.04,63,63,0.020669177368299627,0.020669177368299627,0.0,0.0,1,4,"[[0], [-1, 1], [-1, 2]]","[60, 40, 47]","[0.023666787361147898, 0.0028858307609872336, 0.0028858307609872336]",0.0005,120,14.1
focus_dev_partial_COMPAT_O1001_N2_P0.2_B4_T0.4_S0_R5_D0.04,63,63,0.02057609074996025,0.02057609074996025,0.0,0.0,1,4,"[[0], [-1, 1], [-1, 2]]","[61, 40, 47]","[0.023110904507867375, 0.0028858307609872336, 0.0028858307609872336]",0.0005,122,14.3
focus_dev_partial_COMPAT_O1001_N2_P0.2_B4_T0.4_S0_R5_D0.04,63,63,0.02195765383964731,0.02195765383964731,0.0,0.0,1,4,"[[0], [-1, 1], [-1, 2]]","[61, 40, 47]","[0.033029250865978944, 0.0028858307609872336, 0.0028858307609872336]",0.0005,124,14.5
focus_dev_partial_COMPAT_O1001_N2_P0.2_B4_T0.4_S0_R5_D0.04,63,63,0.0228629282916902,0.0228629282916902,0.0,0.0,1,4,"[[0], [-1, 1], [-1, 2]]","[61, 40, 47]","[0.0422113698487141, 0.0028858307609872336, 0.0028858307609872336]",0.0005,126,14.7
focus_dev_partial_COMPAT_O1001_N2_P0.2_B4_T0.4_S0_R5_D0.04,63,63,0.020627699206824276,0.020627699206824276,0.0,0.0,1,4,"[[0], [-1, 1], [-1, 2]]","[64, 40, 47]","[0.02341742114228886, 0.0028858307609872336, 0.0028858307609872336]",0.0005,128,14.9
focus_dev_partial_COMPAT_O1001_N2_P0.2_B4_T0.4_S0_R5_D0.04,63,63,0.01945204355408474,0.01945204355408474,0.0,0.0,1,4,"[[0], [-1, 1], [-1, 2]]","[65, 40, 47]","[0.017330895123973036, 0.0028858307609872336, 0.0028858307609872336]",0.0005,130,15.1
focus_dev_partial_COMPAT_O1001_N2_P0.2_B4_T0.4_S0_R5_D0.04,63,63,0.02068644785363964,0.02068644785363964,0.0,0.0,1,4,"[[0], [-1, 1], [-1, 2]]","[66, 40, 47]","[0.023771420898417092, 0.0028858307609872336, 0.0028858307609872336]",0.0005,132,15.3
focus_dev_partial_COMPAT_O1001_N2_P0.2_B4_T0.4_S0_R5_D0.04,63,63,0.020735789368101665,0.020735789368101665,0.0,0.0,1,4,"[[0], [-1, 1], [-1, 2]]","[67, 40, 47]","[0.024072996027567795, 0.0028858307609872336, 0.0028858307609872336]",0.0005,134,15.5
focus_dev_partial_COMPAT_O1001_N2_P0.2_B4_T0.4_S0_R5_D0.04,6,6,0.01920612226960501,0.01920612226960501,0.00036890133914344037,0.00036890133914344037,1,4,"[[0], [-1, 1], [-1, 2]]","[68, 40, 47]","[0.0030886454982795523, 0.0028858307609872336, 0.015421894190343942]",0.0005,136,15.7
focus_dev_partial_COMPAT_O1001_N2_P0.2_B4_T0.4_S0_R5_D0.04,6,6,0.02189679785431394,0.02189679785431394,0.0,0.0,1,4,"[[-1, 0], [-1, 1], [2]]","[68, 40, 47]","[0.0028860210664333878, 0.0028858307609872336, 0.03250162845618683]",0.0005,138,15.9
focus_dev_partial_COMPAT_O1001_N2_P0.2_B4_T0.4_S0_R5_D0.04,6,6,0.02034701775317272,0.02034701775317272,0.0,0.0,1,4,"[[-1, 0], [-1, 1], [2]]","[68, 40, 68]","[0.002885830941424821, 0.0028858307609872336, 0.02179865514509965]",0.0005,140,16.1
focus_dev_partial_COMPAT_O1001_N2_P0.2_B4_T0.4_S0_R5_D0.04,6,6,0.022363032972841975,0.022363032972841975,0.0,0.0,1,4,"[[-1, 0], [-1, 1], [2]]","[68, 40, 68]","[0.0028858307611583163, 0.0028858307609872336, 0.03680276805411482]",0.0005,142,16.3
focus_dev_partial_COMPAT_O1001_N2_P0.2_B4_T0.4_S0_R5_D0.04,6,6,0.022613676833977577,0.022613676833977577,0.0,0.0,1,4,"[[-1, 0], [-1, 1], [2]]","[68, 40, 71]","[0.002885830760987397, 0.0028858307609872336, 0.03939883306690832]",0.0005,144,16.5
focus_dev_partial_COMPAT_O1001_N2_P0.2_B4_T0.4_S0_R5_D0.04,6,6,0.020587894559781873,0.020587894559781873,0.0,0.0,1,4,"[[-1, 0], [-1, 1], [2]]","[68, 40, 73]","[0.002885830760987235, 0.0028858307609872336, 0.023180647208778674]",0.0005,146,16.7
focus_dev_partial_COMPAT_O1001_N2_P0.2_B4_T0.4_S0_R5_D0.04,6,6,0.02246443764356632,0.02246443764356632,0.0,0.0,1,4,"[[-1, 0], [-1, 1], [2]]","[68, 40, 73]","[0.0028858307609872336, 0.0028858307609872336, 0.037826866064483496]",0.0005,148,16.9
focus_dev_partial_COMPAT_O1001_N2_P0.2_B4_T0.4_S0_R5_D0.04,6,6,0.02062536798726301,0.02062536798726301,0.0,0.0,1,4,"[[-1, 0], [-1, 1], [2]]","[68, 40, 75]","[0.0028858307609872336, 0.0028858307609872336, 0.02340348614852563]",0.0005,150,17.1
focus_dev_partial_COMPAT_O1001_N2_P0.2_B4_T0.4_S0_R5_D0.04,6,6,0.019486697469480743,0.019486697469480743,0.0,0.0,1,4,"[[-1, 0], [-1, 1], [2]]","[68, 40, 76]","[0.0028858307609872336, 0.0028858307609872336, 0.01748666387567974]",0.0005,152,17.3
focus_dev_partial_COMPAT_O1001_N2_P0.2_B4_T0.4_S0_R5_D0.04,6,6,0.019344604343431115,0.019344604343431115,0.0,0.0,1,4,"[[-1, 0], [-1, 1], [2]]","[72, 40, 77]","[0.0028858042128063303, 0.0028858307609872336, 0.01685595359748168]",0.0005,154,17.5
focus_dev_partial_COMPAT_O1001_N2_P0.2_B4_T0.4_S0_R5_D0.04,6,6,0.01939552467729807,0.01939552467729807,0.0,0.0,1,4,"[[-1, 0], [-1, 1], [2]]","[72, 40, 78]","[0.002885830735815367, 0.0028858307609872336, 0.017079518072688055]",0.0005,156,17.7
focus_dev_partial_COMPAT_O1001_N2_P0.2_B4_T0.4_S0_R5_D0.04,6,6,0.0205814421368987,0.0205814421368987,0.0,0.0,1,4,"[[-1, 0], [-1, 1], [2]]","[72, 40, 79]","[0.002885830760963367, 0.0028858307609872336, 0.023142496579821356]",0.0005,158,17.9
focus_dev_partial_COMPAT_O1001_N2_P0.2_B4_T0.4_S0_R5_D0.04,6,6,0.020734154279689103,0.020734154279689103,0.0,0.0,1,4,"[[-1, 0], [-1, 1], [2]]","[72, 40, 80]","[0.002885830760987211, 0.0028858307609872336, 0.024062939234983555]",0.0005,160,18.1
focus_dev_partial_COMPAT_O1001_N2_P0.2_B4_T0.4_S0_R5_D0.04,6,6,0.020698740097994134,0.020698740097994134,0.0,0.0,1,4,"[[-1, 0], [-1, 1], [2]]","[72, 40, 81]","[0.0028858307609872336, 0.0028858307609872336, 0.023846184058080845]",0.0005,162,18.3
focus_dev_partial_COMPAT_O1001_N2_P0.2_B4_T0.4_S0_R5_D0.04,6,6,0.020579419109673272,0.020579419109673272,0.0,0.0,1,4,"[[-1, 0], [-1, 1], [2]]","[72, 40, 82]","[0.0028858307609872336, 0.0028858307609872336, 0.023130548406758253]",0.0005,164,18.5
focus_dev_partial_COMPAT_O1001_N2_P0.2_B4_T0.4_S0_R5_D0.04,63,63,0.0210834011231705,0.0210834011231705,0.0,0.0,1,4,"[[-1, 0], [-1, 1], [2]]","[72, 40, 83]","[0.026339504886821977, 0.0028858307609872336, 0.002882125933341368]",0.0005,166,18.7
focus_dev_partial_COMPAT_O1001_N2_P0.2_B4_T0.4_S0_R5_D0.04,63,63,0.02230209636009132,0.02230209636009132,0.0,0.0,1,4,"[[0], [-1, 1], [-1, 2]]","[81, 40, 83]","[0.03621205326913563, 0.0028858307609872336, 0.0028849667419641647]",0.0005,168,18.9
focus_dev_partial_COMPAT_O1001_N2_P0.2_B4_T0.4_S0_R5_D0.04,19,19,0.021053794693677703,0.021053794693677703,0.0,0.0,1,4,"[[0], [-1, 1], [-1, 2]]","[85, 40, 83]","[0.002883081904858752, 0.026133625818181763, 0.0028858299417253257]",0.0005,170,19.1
focus_dev_partial_COMPAT_O1001_N2_P0.2_B4_T0.4_S0_R5_D0.04,19,19,0.022554462371767243,0.022554462371767243,0.0,0.0,1,4,"[[-1, 0], [1], [-1, 2]]","[85, 40, 83]","[0.0028855587951361287, 0.03876846776434475, 0.002885830760210446]",0.0005,172,19.3
focus_dev_partial_COMPAT_O1001_N2_P0.2_B4_T0.4_S0_R5_D0.04,19,19,0.0229950065017107,0.0229950065017107,0.0,0.0,1,4,"[[-1, 0], [1], [-1, 2]]","[85, 40, 83]","[0.0028858305031173965, 0.04380567653661893, 0.002885830760986498]",0.0005,174,19.5
focus_dev_partial_COMPAT_O1001_N2_P0.2_B4_T0.4_S0_R5_D0.04,19,19,0.02215896768132246,0.02215896768132246,0.0,0.0,1,4,"[[-1, 0], [1], [-1, 2]]","[85, 85, 83]","[0.0028858307607427334, 0.03484217824342849, 0.0028858307609872336]",0.0005,176,19.7
focus_dev_partial_COMPAT_O1001_N2_P0.2_B4_T0.4_S0_R5_D0.04,19,19,0.022974039782718204,0.022974039782718204,0.0,0.0,1,4,"[[-1, 0], [1], [-1, 2]]","[85, 85, 83]","[0.0028858307609870024, 0.04354746759777194, 0.0028858307609872336]",0.0005,178,19.9
focus_dev_partial_COMPAT_O1001_N2_P0.2_B4_T0.4_S0_R5_D0.04,6,6,0.018971121827470492,0.018971121827470492,0.0005752875901058815,0.0005752875901058815,1,4,"[[-1, 0], [1], [-1, 2]]","[85, 88, 83]","[0.002885830760987234, 0.0029405066171462498, 0.015074210262166253]",0.0005,180,20.1
focus_dev_partial_COMPAT_O1001_N2_P0.2_B4_T0.4_S0_R5_D0.04,6,6,0.02078006050252723,0.02078006050252723,0.0,0.0,1,4,"[[-1, 0], [-1, 1], [2]]","[89, 90, 91]","[0.0028768470855646258, 0.0028849961983896553, 0.02440815057245665]",0.0005,182,20.3
focus_dev_partial_COMPAT_O1001_N2_P0.2_B4_T0.4_S0_R5_D0.04,6,6,0.020766731360206202,0.020766731360206202,0.0,0.0,1,4,"[[-1, 0], [-1, 1], [2]]","[89, 90, 92]","[0.0028858222390997063, 0.0028858299696570815, 0.024264190176040486]",0.0005,184,20.5
focus_dev_partial_COMPAT_O1001_N2_P0.2_B4_T0.4_S0_R5_D0.04,6,6,0.020677950983404025,0.020677950983404025,0.0,0.0,1,4,"[[-1, 0], [-1, 1], [2]]","[89, 90, 93]","[0.0028858307529071475, 0.0028858307602369297, 0.0237198830999761]",0.0005,186,20.7
focus_dev_partial_COMPAT_O1001_N2_P0.2_B4_T0.4_S0_R5_D0.04,6,6,0.02063667328731875,0.02063667328731875,0.0,0.0,1,4,"[[-1, 0], [-1, 1], [2]]","[89, 90, 94]","[0.0028858307609795726, 0.002885830760986523, 0.023471143621394682]",0.0005,188,20.9
focus_dev_partial_COMPAT_O1001_N2_P0.2_B4_T0.4_S0_R5_D0.04,6,6,0.02071115294342292,0.02071115294342292,0.0,0.0,1,4,"[[-1, 0], [-1, 1], [2]]","[89, 90, 95]","[0.0028858307609872266, 0.0028858307609872336, 0.02392192707623004]",0.0005,190,21.1
focus_dev_partial_COMPAT_O1001_N2_P0.2_B4_T0.4_S0_R5_D0.04,6,6,0.020442675274194733,0.020442675274194733,0.0,0.0,1,4,"[[-1, 0], [-1, 1], [2]]","[93, 90, 96]","[0.0028858042128063303, 0.0028858307609872336, 0.022337416228393157]",0.0005,192,21.3
focus_dev_partial_COMPAT_O1001_N2_P0.2_B4_T0.4_S0_R5_D0.04,6,6,0.020755705365969088,0.020755705365969088,0.0,0.0,1,4,"[[-1, 0], [-1, 1], [2]]","[93, 90, 97]","[0.002885830735815367, 0.0028858307609872336, 0.024195842206064713]",0.0005,194,21.5
focus_dev_partial_COMPAT_O1001_N2_P0.2_B4_T0.4_S0_R5_D0.04,19,19,0.01918996994699164,0.01918996994699164,0.000405887444018288,0.000405887444018288,1,4,"[[-1, 0], [-1, 1], [2]]","[93, 90, 98]","[0.002885830760963367, 0.015359873991889372, 0.0030878648192821023]",0.0005,196,21.7
focus_dev_partial_COMPAT_O1001_N2_P0.2_B4_T0.4_S0_R5_D0.04,19,19,0.019449035571642938,0.019449035571642938,0.0,0.0,1,4,"[[-1, 0], [1], [-1, 2]]","[93, 99, 98]","[0.002885830760987211, 0.017317932050500463, 0.0028857193066042465]",0.0005,198,21.9
focus_dev_partial_COMPAT_O1300_N1_P0.2_B4_T0.4_S0_R5_D0.04,30,30,0.035650028746078255,0.035650028746078255,0.0,0.0,2,1,"[[0], [1], [2]]","[0, 0, 0]","[0.0034878932001398714, 0.0034878932001398714, 0.20872214396382366]",0.0005,0,2.1
focus_dev_partial_COMPAT_O1300_N1_P0.2_B4_T0.4_S0_R5_D0.04,0,6,0.01927600023426681,0.019608577371281084,0.0019022296875787388,0.0,2,4,"[[-1, 0], [1, 2], [2]]","[0, 0, 1]","[0.002656815543248466, 0.002656815543248466, 0.013962369147769878]",0.0005,2,2.3
focus_dev_partial_COMPAT_O1300_N1_P0.2_B4_T0.4_S0_R5_D0.04,0,0,0.01878692080726159,0.01878692080726159,0.001511445166230304,0.001511445166230304,1,4,"[[-1, 0], [-1, 1], [2]]","[0, 0, 2]","[0.0026541437609557492, 0.0026541437609557492, 0.01347863328535009]",0.0005,4,2.5
focus_dev_partial_COMPAT_O1300_N1_P0.2_B4_T0.4_S0_R5_D0.04,6,6,0.02153288109638998,0.02153288109638998,0.0,0.0,1,8,"[[-1, 0], [-1, 1], [-1, 2]]","[0, 0, 2]","[0.0026541346482253144, 0.0026541346482253144, 0.019731332029037357]",0.0005,6,2.7
focus_dev_partial_COMPAT_O1300_N1_P0.2_B4_T0.4_S0_R5_D0.04,6,6,0.019897458501735986,0.019897458501735986,0.0,0.0,2,4,"[[-1, 0], [-1, 1], [2]]","[0, 0, 4]","[0.0026541346171381533, 0.0026541346171381533, 0.014753923173142024]",0.0005,8,2.9
focus_dev_partial_COMPAT_O1300_N1_P0.2_B4_T0.4_S0_R5_D0.04,0,0,0.018733614010882124,0.018733614010882124,0.0014701264422134312,0.0014701264422134312,1,4,"[[-1, 0], [-1, 1], [2]]","[3, 0, 5]","[0.0026522640199482398, 0.0026541346170321023, 0.013427215373901784]",0.0005,10,3.1
focus_dev_partial_COMPAT_O1300_N1_P0.2_B4_T0.4_S0_R5_D0.04,6,6,0.02168233653928648,0.02168233653928648,0.0,0.0,1,8,"[[-1, 0], [-1, 1], [-1, 2]]","[3, 0, 5]","[0.0026541282348016234, 0.0026541346170317406, 0.02024090935365423]",0.0005,12,3.3
focus_dev_partial_COMPAT_O1300_N1_P0.2_B4_T0.4_S0_R5_D0.04,6,6,0.019897312640157597,0.019897312640157597,0.0,0.0,2,4,"[[-1, 0], [-1, 1], [2]]","[3, 0, 7]","[0.002654025331443871, 0.002654134617031739, 0.014753822975568532]",0.0005,14,3.5
focus_dev_partial_COMPAT_O1300_N1_P0.2_B4_T0.4_S0_R5_D0.04,0,0,0.018688593120810063,0.018688593120810063,0.0014325705660453297,0.0014325705660453297,1,4,"[[-1, 0], [-1, 1], [2]]","[3, 0, 8]","[0.0026540250874893074, 0.002654134617031739, 0.013380433416289018]",0.0005,16,3.7
focus_dev_partial_COMPAT_O1300_N1_P0.2_B4_T0.4_S0_R5_D0.04,6,6,0.022607225199809268,0.022607225199809268,0.0,0.0,1,8,"[[-1, 0], [-1, 1], [-1, 2]]","[7, 0, 8]","[0.00265226376037634, 0.002654134617031739, 0.023639146153064474]",0.0005,18,3.9
focus_dev_partial_COMPAT_O1300_N1_P0.2_B4_T0.4_S0_R5_D0.04,6,6,0.022311624174752253,0.022311624174752253,0.0,0.0,1,4,"[[-1, 0], [-1, 1], [2]]","[7, 0, 10]","[0.0026208794924899963, 0.002654134617031739, 0.022626368379482953]",0.0005,20,4.1
focus_dev_partial_COMPAT_O1300_N1_P0.2_B4_T0.4_S0_R5_D0.04,6,6,0.021870394825709995,0.021870394825709995,0.0,0.0,1,4,"[[-1, 0], [-1, 1], [2]]","[7, 0, 11]","[0.0026540208940600794, 0.002654134617031739, 0.020896974401741465]",0.0005,22,4.3
focus_dev_partial_COMPAT_O1300_N1_P0.2_B4_T0.4_S0_R5_D0.04,6,6,0.021699025160403958,0.021699025160403958,0.0,0.0,1,4,"[[-1, 0], [-1, 1], [2]]","[7, 0, 12]","[0.0026541342290738045, 0.002654134617031739, 0.020298414925904354]",0.0005,24,4.5
focus_dev_partial_COMPAT_O1300_N1_P0.2_B4_T0.4_S0_R5_D0.04,6,6,0.024115529719233593,0.024115529719233593,0.0,0.0,1,4,"[[-1, 0], [-1, 1], [2]]","[7, 0, 12]","[0.0026541346157082585, 0.002654134617031739, 0.03019550094999857]",0.0005,26,4.7
focus_dev_partial_COMPAT_O1300_N1_P0.2_B4_T0.4_S0_R5_D0.04,6,6,0.021856733121968803,0.021856733121968803,0.0,0.0,1,4,"[[-1, 0], [-1, 1], [2]]","[7, 0, 14]","[0.002654134617027224, 0.002654134617031739, 0.020848384548170413]",0.0005,28,4.9
focus_dev_partial_COMPAT_O1300_N1_P0.2_B4_T0.4_S0_R5_D0.04,6,6,0.024152554086401563,0.024152554086401563,0.0,0.0,1,4,"[[-1, 0], [-1, 1], [2]]","[7, 0, 14]","[0.002654134617031724, 0.002654134617031739, 0.030375503461596964]",0.0005,30,5.1
focus_dev_partial_COMPAT_O1300_N1_P0.2_B4_T0.4_S0_R5_D0.04,0,6,0.01922617400750372,0.019586365370523787,0.0018661568723125944,0.0,2,4,"[[-1, 0], [-1, 1], [2]]","[7, 0, 16]","[0.002654134617031739, 0.002654134617031739, 0.013917904773440239]",0.0005,32,5.3
focus_dev_partial_COMPAT_O1300_N1_P0.2_B4_T0.4_S0_R5_D0.04,6,6,0.023034003712844545,0.023034003712844545,0.0,0.0,1,4,"[[-1, 0], [-1, 1], [2]]","[7, 0, 16]","[0.002654134617031739, 0.002654134617031739, 0.025347734191548822]",0.0005,34,5.5
focus_dev_partial_COMPAT_O1300_N1_P0.2_B4_T0.4_S0_R5_D0.04,6,6,0.02176462190365626,0.02176462190365626,0.0,0.0,1,4,"[[-1, 0], [-1, 1], [2]]","[7, 16, 18]","[0.002654134617031739, 0.002644506790725497, 0.020559302811218268]",0.0005,36,5.7
focus_dev_partial_COMPAT_O1300_N1_P0.2_B4_T0.4_S0_R5_D0.04,6,6,0.021630796001079824,0.021630796001079824,0.0,0.0,1,4,"[[-1, 0], [-1, 1], [2]]","[7, 16, 19]","[0.002654134617031739, 0.0026444797680636825, 0.02009706507965455]",0.0005,38,5.9
focus_dev_partial_COMPAT_O1300_N1_P0.2_B4_T0.4_S0_R5_D0.04,6,6,0.02180380323704362,0.02180380323704362,0.0,0.0,1,4,"[[-1, 0], [-1, 1], [2]]","[7, 16, 20]","[0.002654134617031739, 0.0026541016572092443, 0.02066262996283449]",0.0005,40,6.1
focus_dev_partial_COMPAT_O1300_N1_P0.2_B4_T0.4_S0_R5_D0.04,6,6,0.02162727277115967,0.02162727277115967,0.0,0.0,1,4,"[[-1, 0], [-1, 1], [2]]","[7, 16, 21]","[0.002654134617031739, 0.0026541345045922823, 0.020051980725397912]",0.0005,42,6.3
focus_dev_partial_COMPAT_O1300_N1_P0.2_B4_T0.4_S0_R5_D0.04,6,6,0.021705330730645782,0.021705330730645782,0.0,0.0,1,4,"[[-1, 0], [-1, 1], [2]]","[7, 16, 22]","[0.002654134617031739, 0.002654134616648164, 0.020320182251232312]",0.0005,44,6.5
focus_dev_partial_COMPAT_O1300_N1_P0.2_B4_T0.4_S0_R5_D0.04,6,6,0.021783847943937867,0.021783847943937867,0.0,0.0,1,4,"[[-1, 0], [-1, 1], [2]]","[7, 16, 23]","[0.002654134617031739, 0.0026541346170304314, 0.020592778818829097]",0.0005,46,6.7
focus_dev_partial_COMPAT_O1300_N1_P0.2_B4_T0.4_S0_R5_D0.04,6,6,0.02180286939619621,0.02180286939619621,0.0,0.0,1,4,"[[-1, 0], [-1, 1], [2]]","[7, 16, 24]","[0.002654134617031739, 0.002654134617031735, 0.020659247090196023]",0.0005,48,6.9
focus_dev_partial_COMPAT_O1300_N1_P0.2_B4_T0.4_S0_R5_D0.04,19,19,0.02083994900813921,0.02083994900813921,0.0008893026833092094,0.0008893026833092094,1,4,"[[-1, 0], [-1, 1], [2]]","[7, 16, 25]","[0.002654134617031739, 0.017569441714039714, 0.0026299531333819175]",0.0005,50,7.1
focus_dev_partial_COMPAT_O1300_N1_P0.2_B4_T0.4_S0_R5_D0.04,19,19,0.022065819080757516,0.022065819080757516,0.0,0.0,1,4,"[[-1, 0], [1], [-1, 2]]","[7, 26, 25]","[0.002654134617031739, 0.021602616169832677, 0.002652206541691341]",0.0005,52,7.3
focus_dev_partial_COMPAT_O1300_N1_P0.2_B4_T0.4_S0_R5_D0.04,0,19,0.01967966931748579,0.01975659626774346,0.0022354673386310135,0.0,2,4,"[[-1, 0], [1], [-1, 2]]","[7, 27, 25]","[0.002654134617031739, 0.014371406661788285, 0.0026541280386657663]",0.0005,54,7.5
focus_dev_partial_COMPAT_O1300_N1_P0.2_B4_T0.4_S0_R5_D0.04,19,19,0.020901919029292525,0.020901919029292525,0.0,0.0,1,4,"[[-1, 0], [1], [-1, 2]]","[7, 28, 25]","[0.002654134617031739, 0.01768667620425203, 0.002654134594590281]",0.0005,56,7.7
focus_dev_partial_COMPAT_O1300_N1_P0.2_B4_T0.4_S0_R5_D0.04,0,19,0.01902402597675701,0.01950931615986154,0.0017025445404012796,0.0,2,4,"[[-1, 0], [1], [-1, 2]]","[7, 29, 25]","[0.002654134617031739, 0.013715756742770088, 0.0026541346169551825]",0.0005,58,7.9
focus_dev_partial_COMPAT_O1300_N1_P0.2_B4_T0.4_S0_R5_D0.04,0,0,0.01890999267781307,0.01890999267781307,0.0016105322740891936,0.0016105322740891936,1,4,"[[-1, 0], [1], [-1, 2]]","[7, 30, 25]","[0.002654134617031739, 0.013601723443749854, 0.002654134617031478]",0.0005,60,8.1
focus_dev_partial_COMPAT_O1300_N1_P0.2_B4_T0.4_S0_R5_D0.04,19,19,0.021601167711187672,0.021601167711187672,0.0,0.0,1,8,"[[-1, 0], [-1, 1], [-1, 2]]","[7, 30, 25]","[0.002654134617031739, 0.01996290150211715, 0.002654134617031738]",0.0005,62,8.3
focus_dev_partial_COMPAT_O1300_N1_P0.2_B4_T0.4_S0_R5_D0.04,19,19,0.020011059020831834,0.020011059020831834,0.0,0.0,2,4,"[[-1, 0], [1], [-1, 2]]","[7, 32, 25]","[0.002654134617031739, 0.015067335772478142, 0.0026541346170317393]",0.0005,64,8.5
focus_dev_partial_COMPAT_O1300_N1_P0.2_B4_T0.4_S0_R5_D0.04,0,0,0.018969353638275212,0.018969353638275212,0.0016584042887131112,0.0016584042887131112,1,4,"[[-1, 0], [1], [-1, 2]]","[7, 33, 25]","[0.002654134617031739, 0.013661084404211736, 0.002654134617031739]",0.0005,66,8.7
focus_dev_partial_COMPAT_O1300_N1_P0.2_B4_T0.4_S0_R5_D0.04,19,19,0.02266467642281715,0.02266467642281715,0.0,0.0,1,8,"[[-1, 0], [-1, 1], [-1, 2]]","[7, 33, 25]","[0.002654134617031739, 0.023856928521233563, 0.002654134617031739]",0.0005,68,8.9
focus_dev_partial_COMPAT_O1300_N1_P0.2_B4_T0.4_S0_R5_D0.04,19,19,0.02000614891098795,0.02000614891098795,0.0,0.0,2,4,"[[-1, 0], [1], [-1, 2]]","[7, 35, 25]","[0.002654134617031739, 0.015053697408452447, 0.002654134617031739]",0.0005,70,9.1
focus_dev_partial_COMPAT_O1300_N1_P0.2_B4_T0.4_S0_R5_D0.04,19,19,0.020927872609544255,0.020927872609544255,0.0,0.0,1,4,"[[-1, 0], [1], [-1, 2]]","[7, 36, 25]","[0.002654134617031739, 0.01776752432909147, 0.002654134617031739]",0.0005,72,9.3
focus_dev_partial_COMPAT_O1300_N1_P0.2_B4_T0.4_S0_R5_D0.04,19,19,0.021697970043935765,0.021697970043935765,0.0,0.0,1,4,"[[-1, 0], [1], [-1, 2]]","[7, 37, 25]","[0.002654134617031739, 0.02029477279601656, 0.002654134617031739]",0.0005,74,9.5
focus_dev_partial_COMPAT_O1300_N1_P0.2_B4_T0.4_S0_R5_D0.04,19,19,0.021740922038984076,0.021740922038984076,0.0,0.0,1,4,"[[-1, 0], [1], [-1, 2]]","[7, 38, 25]","[0.002654134617031739, 0.020443396016228913, 0.002654134617031739]",0.0005,76,9.7
focus_dev_partial_COMPAT_O1300_N1_P0.2_B4_T0.4_S0_R5_D0.04,19,19,0.021838907458487898,0.021838907458487898,0.0,0.0,1,4,"[[-1, 0], [1], [-1, 2]]","[7, 39, 25]","[0.002654134617031739, 0.020785640871208277, 0.002654134617031739]",0.0005,78,9.9
focus_dev_partial_COMPAT_O1300_N1_P0.2_B4_T0.4_S0_R5_D0.04,0,19,0.01904519480049182,0.019517419005553507,0.0017196480511635567,0.0,2,4,"[[-1, 0], [1], [-1, 2]]","[7, 40, 25]","[0.002654134617031739, 0.01373692556642834, 0.002654134617031739]",0.0005,80,10.1
focus_dev_partial_COMPAT_O1300_N1_P0.2_B4_T0.4_S0_R5_D0.04,0,0,0.018979275904977257,0.018979275904977257,0.0016664116199134917,0.0016664116199134917,1,4,"[[-1, 0], [1], [-1, 2]]","[7, 41, 25]","[0.002654134617031739, 0.013671006670913779, 0.002654134617031739]",0.0005,82,10.3
focus_dev_partial_COMPAT_O1300_N1_P0.2_B4_T0.4_S0_R5_D0.04,19,19,0.02174732799900612,0.02174732799900612,0.0,0.0,1,8,"[[-1, 0], [-1, 1], [-1, 2]]","[7, 41, 25]","[0.002654134617031739, 0.020465634764810954, 0.002654134617031739]",0.0005,84,10.5
focus_dev_partial_COMPAT_O1300_N1_P0.2_B4_T0.4_S0_R5_D0.04,19,19,0.02417070545781644,0.02417070545781644,0.0,0.0,1,8,"[[-1, 0], [-1, 1], [-1, 2]]","[41, 41, 25]","[0.0026522640199479874, 0.03047326324420373, 0.002654134617031739]",0.0005,86,10.7
focus_dev_partial_COMPAT_O1300_N1_P0.2_B4_T0.4_S0_R5_D0.04,19,19,0.022003991547962024,0.022003991547962024,0.0,0.0,1,4,"[[-1, 0], [1], [-1, 2]]","[41, 44, 25]","[0.002654128234801622, 0.02137249948907735, 0.002654134617031739]",0.0005,88,10.9
focus_dev_partial_COMPAT_O1300_N1_P0.2_B4_T0.4_S0_R5_D0.04,19,19,0.023941945584369552,0.023941945584369552,0.0,0.0,1,4,"[[-1, 0], [1], [-1, 2]]","[43, 44, 25]","[0.0026208825593222193, 0.02952223555713474, 0.002654134617031739]",0.0005,90,11.1
focus_dev_partial_COMPAT_O1300_N1_P0.2_B4_T0.4_S0_R5_D0.04,0,19,0.019636860304423208,0.01974061127466055,0.0022005628745267146,0.0,2,4,"[[-1, 0], [1], [-1, 2]]","[43, 46, 25]","[0.002654020904573314, 0.01432870478281815, 0.002654134617031739]",0.0005,92,11.3
focus_dev_partial_COMPAT_O1300_N1_P0.2_B4_T0.4_S0_R5_D0.04,0,0,0.018908949680885967,0.018908949680885967,0.001609691957020938,0.001609691957020938,1,4,"[[-1, 0], [1], [-1, 2]]","[43, 47, 25]","[0.00265413422910967, 0.013600680834744557, 0.002654134617031739]",0.0005,94,11.5
focus_dev_partial_COMPAT_O1300_N1_P0.2_B4_T0.4_S0_R5_D0.04,19,19,0.021683523996328603,0.021683523996328603,0.0,0.0,1,8,"[[-1, 0], [-1, 1], [-1, 2]]","[43, 47, 25]","[0.0026541346157083817, 0.0202449763805268, 0.002654134617031739]",0.0005,96,11.7
focus_dev_partial_COMPAT_O1300_N1_P0.2_B4_T0.4_S0_R5_D0.04,19,19,0.02216855155723623,0.02216855155723623,0.0,0.0,1,4,"[[-1, 0], [1], [-1, 2]]","[43, 49, 25]","[0.0026541346170272243, 0.021970553696113757, 0.002654134617031739]",0.0005,98,11.9
focus_dev_partial_COMPAT_O1300_N1_P0.2_B4_T0.4_S0_R5_D0.04,19,19,0.021836639434896454,0.021836639434896454,0.0,0.0,1,4,"[[-1, 0], [1], [-1, 2]]","[43, 50, 25]","[0.002654134617031724, 0.020777668465750906, 0.002654134617031739]",0.0005,100,12.1
focus_dev_partial_COMPAT_O1300_N1_P0.2_B4_T0.4_S0_R5_D0.04,19,19,0.023209828453852607,0.023209828453852607,0.0,0.0,1,4,"[[-1, 0], [1], [-1, 2]]","[43, 50, 25]","[0.002654134617031739, 0.026085167016411816, 0.002654134617031739]",0.0005,102,12.3
focus_dev_partial_COMPAT_O1300_N1_P0.2_B4_T0.4_S0_R5_D0.04,19,19,0.02470794596902321,0.02470794596902321,0.0,0.0,1,4,"[[-1, 0], [1], [-1, 2]]","[43, 50, 25]","[0.002654134617031739, 0.03320090464732291, 0.002654134617031739]",0.0005,104,12.5
focus_dev_partial_COMPAT_O1300_N1_P0.2_B4_T0.4_S0_R5_D0.04,19,19,0.021972580565072432,0.021972580565072432,0.0,0.0,1,4,"[[-1, 0], [1], [-1, 2]]","[43, 52, 25]","[0.002654134617031739, 0.02125981531305892, 0.002654134617031739]",0.0005,106,12.7
focus_dev_partial_COMPAT_O1300_N1_P0.2_B4_T0.4_S0_R5_D0.04,19,19,0.023893395326357505,0.023893395326357505,0.0,0.0,1,4,"[[-1, 0], [1], [-1, 2]]","[43, 52, 25]","[0.002654134617031739, 0.02913622331539814, 0.002654134617031739]",0.0005,108,12.9
focus_dev_partial_COMPAT_O1300_N1_P0.2_B4_T0.4_S0_R5_D0.04,19,19,0.023184410523968458,0.023184410523968458,0.0,0.0,1,4,"[[-1, 0], [1], [-1, 2]]","[43, 54, 53]","[0.002654134617031739, 0.026118455297355098, 0.0026208825698177366]",0.0005,110,13.1
focus_dev_partial_COMPAT_O1300_N1_P0.2_B4_T0.4_S0_R5_D0.04,19,19,0.024604985746545783,0.024604985746545783,0.0,0.0,1,4,"[[-1, 0], [1], [-1, 2]]","[43, 54, 53]","[0.002654134617031739, 0.03265935583806932, 0.0026540209046092924]",0.0005,112,13.3
focus_dev_partial_COMPAT_O1300_N1_P0.2_B4_T0.4_S0_R5_D0.04,19,19,0.0219288176537618,0.0219288176537618,0.0,0.0,1,4,"[[-1, 0], [1], [-1, 2]]","[43, 57, 53]","[0.002654134617031739, 0.021103642653171443, 0.002654134229109793]",0.0005,114,13.5
focus_dev_partial_COMPAT_O1300_N1_P0.2_B4_T0.4_S0_R5_D0.04,19,19,0.02177186454587715,0.02177186454587715,0.0,0.0,1,4,"[[-1, 0], [1], [-1, 2]]","[43, 58, 53]","[0.002654134617031739, 0.0205509905615612, 0.002654134615708382]",0.0005,116,13.7
focus_dev_partial_COMPAT_O1300_N1_P0.2_B4_T0.4_S0_R5_D0.04,19,19,0.021552371207127562,0.021552371207127562,0.0,0.0,1,4,"[[-1, 0], [1], [-1, 2]]","[43, 59, 53]","[0.002654134617031739, 0.019797213359507224, 0.0026541346170272243]",0.0005,118,13.9
focus_dev_partial_COMPAT_O1300_N1_P0.2_B4_T0.4_S0_R5_D0.04,19,19,0.02180720602192552,0.02180720602192552,0.0,0.0,1,4,"[[-1, 0], [1], [-1, 2]]","[43, 60, 53]","[0.002654134617031739, 0.020674424517061366, 0.002654134617031724]",0.0005,120,14.1
focus_dev_partial_COMPAT_O1300_N1_P0.2_B4_T0.4_S0_R5_D0.04,19,19,0.01983104256778072,0.01983104256778072,0.0,0.0,2,4,"[[-1, 0], [1], [-1, 2]]","[43, 61, 53]","[0.002654134617031739, 0.01457272752691254, 0.002654134617031739]",0.0005,122,14.3
focus_dev_partial_COMPAT_O1300_N1_P0.2_B4_T0.4_S0_R5_D0.04,0,0,0.018787939607353074,0.018787939607353074,0.0015122789975468183,0.0015122789975468183,1,4,"[[-1, 0], [1], [-1, 2]]","[43, 62, 53]","[0.002654134617031739, 0.013479670373289598, 0.002654134617031739]",0.0005,124,14.5
focus_dev_partial_COMPAT_O1300_N1_P0.2_B4_T0.4_S0_R5_D0.04,19,19,0.021696780399762264,0.021696780399762264,0.0,0.0,1,8,"[[-1, 0], [-1, 1], [-1, 2]]","[43, 62, 53]","[0.002654134617031739, 0.020290668413837743, 0.002654134617031739]",0.0005,126,14.7
focus_dev_partial_COMPAT_O1300_N1_P0.2_B4_T0.4_S0_R5_D0.04,19,19,0.020031423702516656,0.020031423702516656,0.0,0.0,2,4,"[[-1, 0], [1], [-1, 2]]","[43, 64, 53]","[0.002654134617031739, 0.015123990097955474, 0.002654134617031739]",0.0005,128,14.9
focus_dev_partial_COMPAT_O1300_N1_P0.2_B4_T0.4_S0_R5_D0.04,0,0,0.01879964926848792,0.01879964926848792,0.00152169491637269,0.00152169491637269,1,4,"[[-1, 0], [1], [-1, 2]]","[43, 65, 53]","[0.002654134617031739, 0.013491380034424443, 0.002654134617031739]",0.0005,130,15.1
focus_dev_partial_COMPAT_O1300_N1_P0.2_B4_T0.4_S0_R5_D0.04,19,19,0.021717365609096283,0.021717365609096283,0.0,0.0,1,8,"[[-1, 0], [-1, 1], [-1, 2]]","[43, 65, 53]","[0.002654134617031739, 0.0203617807370287, 0.002654134617031739]",0.0005,132,15.3
focus_dev_partial_COMPAT_O1300_N1_P0.2_B4_T0.4_S0_R5_D0.04,19,19,0.02238736386086206,0.02238736386086206,0.0,0.0,1,4,"[[-1, 0], [1], [-1, 2]]","[65, 67, 53]","[0.0026536002265402144, 0.022788773694542387, 0.002654134617031739]",0.0005,134,15.5
focus_dev_partial_COMPAT_O1300_N1_P0.2_B4_T0.4_S0_R5_D0.04,19,19,0.021764057457191427,0.021764057457191427,0.0,0.0,1,4,"[[-1, 0], [1], [-1, 2]]","[65, 68, 53]","[0.00265413279394004, 0.020523808004862816, 0.002654134617031739]",0.0005,136,15.7
focus_dev_partial_COMPAT_O1300_N1_P0.2_B4_T0.4_S0_R5_D0.04,19,19,0.021801145272089477,0.021801145272089477,0.0,0.0,1,4,"[[-1, 0], [1], [-1, 2]]","[65, 69, 53]","[0.0026541033979835815, 0.020653324599818394, 0.002654134617031739]",0.0005,138,15.9
focus_dev_partial_COMPAT_O1300_N1_P0.2_B4_T0.4_S0_R5_D0.04,19,19,0.02180483305364698,0.02180483305364698,0.0,0.0,1,4,"[[-1, 0], [1], [-1, 2]]","[65, 70, 53]","[0.0026541033070087514, 0.020666228036074125, 0.002654134617031739]",0.0005,140,16.1
focus_dev_partial_COMPAT_O1300_N1_P0.2_B4_T0.4_S0_R5_D0.04,19,19,0.02177566865649084,0.02177566865649084,0.0,0.0,1,4,"[[-1, 0], [1], [-1, 2]]","[65, 71, 69]","[0.002654134510220437, 0.02056611236661585, 0.0026536002265402144]",0.0005,142,16.3
focus_dev_partial_COMPAT_O1300_N1_P0.2_B4_T0.4_S0_R5_D0.04,19,19,0.02163886036156218,0.02163886036156218,0.0,0.0,1,4,"[[-1, 0], [1], [-1, 2]]","[65, 72, 69]","[0.002654134616667363, 0.020091625784503065, 0.00265413279394004]",0.0005,144,16.5
focus_dev_partial_COMPAT_O1300_N1_P0.2_B4_T0.4_S0_R5_D0.04,0,0,0.016070467696070918,0.016070467696070918,0.0,0.0,1,4,"[[-1, 0], [1], [-1, 2]]","[65, 73, 69]","[0.010399312814188655, 0.003017051483898681, 0.0026541033979835815]",0.0005,146,16.7
focus_dev_partial_COMPAT_O1300_N1_P0.2_B4_T0.4_S0_R5_D0.04,63,63,0.022648333945673,0.022648333945673,0.0,0.0,1,8,"[[-1, 0], [-1, 1], [-1, 2]]","[65, 73, 69]","[0.023796830759480445, 0.0026530871385482438, 0.0026541345105307902]",0.0005,148,16.9
focus_dev_partial_COMPAT_O1300_N1_P0.2_B4_T0.4_S0_R5_D0.04,63,63,0.024706171414762026,0.024706171414762026,0.0,0.0,1,4,"[[0], [-1, 1], [-1, 2]]","[65, 73, 69]","[0.03319150594770252, 0.0026541310433885463, 0.0026541346166684215]",0.0005,150,17.1
focus_dev_partial_COMPAT_O1300_N1_P0.2_B4_T0.4_S0_R5_D0.04,63,63,0.021894153033040833,0.021894153033040833,0.0,0.0,1,4,"[[0], [-1, 1], [-1, 2]]","[73, 73, 69]","[0.02098058409452537, 0.002654134604840605, 0.0026541346170305003]",0.0005,152,17.3
focus_dev_partial_COMPAT_O1300_N1_P0.2_B4_T0.4_S0_R5_D0.04,63,63,0.024045283951762926,0.024045283951762926,0.0,0.0,1,4,"[[0], [-1, 1], [-1, 2]]","[73, 73, 69]","[0.029856720428519033, 0.002654134616990151, 0.0026541346170317346]",0.0005,154,17.5
focus_dev_partial_COMPAT_O1300_N1_P0.2_B4_T0.4_S0_R5_D0.04,63,63,0.024906017372147888,0.024906017372147888,0.0,0.0,1,4,"[[0], [-1, 1], [-1, 2]]","[73, 73, 69]","[0.03426868155786882, 0.002654134617031597, 0.002654134617031739]",0.0005,156,17.7
focus_dev_partial_COMPAT_O1300_N1_P0.2_B4_T0.4_S0_R5_D0.04,0,0,0.016503329643363,0.016503329643363,0.0,0.0,1,4,"[[0], [-1, 1], [-1, 2]]","[73, 73, 69]","[0.0032515822779657275, 0.0026541346170317385, 0.010597612748365532]",0.0005,158,17.9
focus_dev_partial_COMPAT_O1300_N1_P0.2_B4_T0.4_S0_R5_D0.04,6,6,0.022530064268548883,0.022530064268548883,0.0,0.0,1,8,"[[-1, 0], [-1, 1], [-1, 2]]","[77, 73, 69]","[0.0026553571767883285, 0.002654134617031739, 0.023327620415676906]",0.0005,160,18.1
focus_dev_partial_COMPAT_O1300_N1_P0.2_B4_T0.4_S0_R5_D0.04,6,6,0.02006889543102299,0.02006889543102299,0.0,0.0,2,4,"[[-1, 0], [-1, 1], [2]]","[77, 79, 81]","[0.0026541387873012592, 0.0026536002265402144, 0.015230096797654255]",0.0005,162,18.3
focus_dev_partial_COMPAT_O1300_N1_P0.2_B4_T0.4_S0_R5_D0.04,6,6,0.0216217873231199,0.0216217873231199,0.0,0.0,1,4,"[[-1, 0], [-1, 1], [2]]","[80, 79, 81]","[0.0026522640298308774, 0.00265413279394004, 0.020039633163292516]",0.0005,164,18.5
focus_dev_partial_COMPAT_O1300_N1_P0.2_B4_T0.4_S0_R5_D0.04,0,0,0.018901703119008347,0.018901703119008347,0.0016038567224999772,0.0016038567224999772,1,4,"[[-1, 0], [-1, 1], [2]]","[80, 79, 83]","[0.0026541282348353456, 0.0026541346108124413, 0.013593440273360558]",0.0005,166,18.7
focus_dev_partial_COMPAT_O1300_N1_P0.2_B4_T0.4_S0_R5_D0.04,19,19,0.020956373877187632,0.020956373877187632,0.0007602113641298619,0.0007602113641298619,1,8,"[[-1, 0], [-1, 1], [-1, 2]]","[80, 79, 83]","[0.002654134595259495, 0.017827986305942005, 0.002663283090491508]",0.0005,168,18.9
focus_dev_partial_COMPAT_O1300_N1_P0.2_B4_T0.4_S0_R5_D0.04,19,19,0.023789692115640408,0.023789692115640408,0.0,0.0,1,4,"[[-1, 0], [1], [-1, 2]]","[80, 79, 83]","[0.0026541346169574654, 0.02865339379247788, 0.0026541658052948954]",0.0005,170,19.1
focus_dev_partial_COMPAT_O1300_N1_P0.2_B4_T0.4_S0_R5_D0.04,19,19,0.02186736101582748,0.02186736101582748,0.0,0.0,1,4,"[[-1, 0], [1], [-1, 2]]","[80, 86, 83]","[0.002654134617031485, 0.020885863898865778, 0.0026541347234271826]",0.0005,172,19.3
focus_dev_partial_COMPAT_O1300_N1_P0.2_B4_T0.4_S0_R5_D0.04,19,19,0.02180792198314333,0.02180792198314333,0.0,0.0,1,4,"[[-1, 0], [1], [-1, 2]]","[80, 87, 83]","[0.002654134617031739, 0.02067693109763462, 0.002654134617394697]",0.0005,174,19.5
focus_dev_partial_COMPAT_O1300_N1_P0.2_B4_T0.4_S0_R5_D0.04,0,19,0.019100176404779883,0.019538426843863626,0.0017641036724302603,0.0,2,4,"[[-1, 0], [1], [-1, 2]]","[80, 88, 83]","[0.002654134617031739, 0.013791907170715169, 0.002654134617032978]",0.0005,176,19.7
focus_dev_partial_COMPAT_O1300_N1_P0.2_B4_T0.4_S0_R5_D0.04,0,0,0.01608951977898139,0.01608951977898139,0.0,0.0,1,4,"[[-1, 0], [1], [-1, 2]]","[80, 89, 83]","[0.010445129314286376, 0.0029902558476632727, 0.0026541346170317432]",0.0005,178,19.9
focus_dev_partial_COMPAT_O1300_N1_P0.2_B4_T0.4_S0_R5_D0.04,63,63,0.022400739303076424,0.022400739303076424,0.0,0.0,1,8,"[[-1, 0], [-1, 1], [-1, 2]]","[80, 89, 83]","[0.02283563123288141, 0.0026546106420946127, 0.0026541346170317393]",0.0005,180,20.1
focus_dev_partial_COMPAT_O1300_N1_P0.2_B4_T0.4_S0_R5_D0.04,63,63,0.02179421838871967,0.02179421838871967,0.0,0.0,1,4,"[[0], [-1, 1], [-1, 2]]","[87, 89, 83]","[0.020628990591489683, 0.0026541362408878362, 0.002654134617031739]",0.0005,182,20.3
focus_dev_partial_COMPAT_O1300_N1_P0.2_B4_T0.4_S0_R5_D0.04,63,63,0.021709353817615927,0.021709353817615927,0.0,0.0,1,4,"[[0], [-1, 1], [-1, 2]]","[92, 89, 83]","[0.020334080615982745, 0.0026541346225713637, 0.002654134617031739]",0.0005,184,20.5
focus_dev_partial_COMPAT_O1300_N1_P0.2_B4_T0.4_S0_R5_D0.04,63,63,0.021806478785432643,0.021806478785432643,0.0,0.0,1,4,"[[0], [-1, 1], [-1, 2]]","[93, 89, 83]","[0.020671878705190896, 0.002654134617050638, 0.002654134617031739]",0.0005,186,20.7
focus_dev_partial_COMPAT_O1300_N1_P0.2_B4_T0.4_S0_R5_D0.04,63,63,0.02410789222024927,0.02410789222024927,0.0,0.0,1,4,"[[0], [-1, 1], [-1, 2]]","[93, 89, 83]","[0.03015849385052873, 0.002654134617031803, 0.002654134617031739]",0.0005,188,20.9
focus_dev_partial_COMPAT_O1300_N1_P0.2_B4_T0.4_S0_R5_D0.04,63,63,0.02446628383597884,0.02446628383597884,0.0,0.0,1,4,"[[0], [-1, 1], [-1, 2]]","[93, 89, 83]","[0.031941929878997084, 0.00265413461703174, 0.002654134617031739]",0.0005,190,21.1
focus_dev_partial_COMPAT_O1300_N1_P0.2_B4_T0.4_S0_R5_D0.04,63,63,0.021036039398688963,0.021036039398688963,0.0,0.0,1,4,"[[0], [-1, 1], [-1, 2]]","[96, 89, 83]","[0.018107399836686074, 0.002654134617031739, 0.002654134617031739]",0.0005,192,21.3
focus_dev_partial_COMPAT_O1300_N1_P0.2_B4_T0.4_S0_R5_D0.04,63,63,0.02169875662135322,0.02169875662135322,0.0,0.0,1,4,"[[0], [-1, 1], [-1, 2]]","[97, 89, 83]","[0.020297486916353927, 0.002654134617031739, 0.002654134617031739]",0.0005,194,21.5
focus_dev_partial_COMPAT_O1300_N1_P0.2_B4_T0.4_S0_R5_D0.04,0,63,0.01979318683058348,0.019798658617415515,0.0023283795637356088,0.0,2,4,"[[0], [-1, 1], [-1, 2]]","[98, 89, 83]","[0.014484917596520005, 0.002654134617031739, 0.002654134617031739]",0.0005,196,21.7
focus_dev_partial_COMPAT_O1300_N1_P0.2_B4_T0.4_S0_R5_D0.04,63,63,0.020898498393067164,0.020898498393067164,0.0,0.0,1,4,"[[0], [-1, 1], [-1, 2]]","[99, 89, 83]","[0.017676040584780034, 0.002654134617031739, 0.002654134617031739]",0.0005,198,21.9
focus_dev_partial_COMPAT_O1300_N2_P0.2_B4_T0.4_S0_R5_D0.04,30,30,0.035650028746078255,0.035650028746078255,0.0,0.0,2,1,"[[0], [1], [2]]","[0, 0, 0]","[0.0034878932001398714, 0.0034878932001398714, 0.20872214396382366]",0.0005,0,2.1
focus_dev_partial_COMPAT_O1300_N2_P0.2_B4_T0.4_S0_R5_D0.04,0,0,0.018497774855015782,0.018497774855015782,0.0012775918774951475,0.0012775918774951475,1,4,"[[-1, 0], [1, 2], [2]]","[0, 1, 1]","[0.002654055229588525, 0.002656815543248466, 0.01318690408217879]",0.0005,2,2.3
focus_dev_partial_COMPAT_O1300_N2_P0.2_B4_T0.4_S0_R5_D0.04,6,6,0.021596864908685356,0.021596864908685356,0.0,0.0,1,8,"[[-1, 0], [-1, 1], [-1, 2]]","[0, 1, 1]","[0.002654134346207729, 0.0026541437609557492, 0.019948218223657214]",0.0005,4,2.5
focus_dev_partial_COMPAT_O1300_N2_P0.2_B4_T0.4_S0_R5_D0.04,6,6,0.019878720429084583,0.019878720429084583,0.0,0.0,2,4,"[[-1, 0], [-1, 1], [2]]","[0, 1, 3]","[0.0026541346161078495, 0.0026541346482253144, 0.014702650616870443]",0.0005,6,2.7
focus_dev_partial_COMPAT_O1300_N2_P0.2_B4_T0.4_S0_R5_D0.04,0,0,0.0187446267712511,0.0187446267712511,0.001477469814220974,0.001477469814220974,1,4,"[[-1, 0], [-1, 1], [2]]","[0, 1, 4]","[0.0026541346170285873, 0.0026541346171381533, 0.01343635753708436]",0.0005,8,2.9
focus_dev_partial_COMPAT_O1300_N2_P0.2_B4_T0.4_S0_R5_D0.04,6,6,0.02153765526738594,0.02153765526738594,0.0,0.0,1,8,"[[-1, 0], [-1, 1], [-1, 2]]","[0, 1, 4]","[0.0026541346170317285, 0.0026541346170321023, 0.019747454409643202]",0.0005,10,3.1
focus_dev_partial_COMPAT_O1300_N2_P0.2_B4_T0.4_S0_R5_D0.04,6,6,0.019971914497090425,0.019971914497090425,0.0,0.0,2,4,"[[-1, 0], [-1, 1], [2]]","[3, 1, 6]","[0.0026541034036256434, 0.0026541346170317406, 0.014958925447152022]",0.0005,12,3.3
focus_dev_partial_COMPAT_O1300_N2_P0.2_B4_T0.4_S0_R5_D0.04,0,0,0.018744753569107424,0.018744753569107424,0.0014775717588197783,0.0014775717588197783,1,4,"[[-1, 0], [-1, 1], [2]]","[3, 1, 7]","[0.002654134510550038, 0.002654134617031739, 0.013436484441525648]",0.0005,14,3.5
focus_dev_partial_COMPAT_O1300_N2_P0.2_B4_T0.4_S0_R5_D0.04,6,6,0.02152174748042182,0.02152174748042182,0.0,0.0,1,8,"[[-1, 0], [-1, 1], [-1, 2]]","[3, 1, 7]","[0.002654134616668487, 0.002654134617031739, 0.019693773860092224]",0.0005,16,3.7
focus_dev_partial_COMPAT_O1300_N2_P0.2_B4_T0.4_S0_R5_D0.04,6,6,0.0241251007486654,0.0241251007486654,0.0,0.0,1,4,"[[-1, 0], [-1, 1], [2]]","[3, 1, 7]","[0.0026541346170305, 0.002654134617031739, 0.03024193679351582]",0.0005,18,3.9
focus_dev_partial_COMPAT_O1300_N2_P0.2_B4_T0.4_S0_R5_D0.04,6,6,0.02191234614547493,0.02191234614547493,0.0,0.0,1,4,"[[-1, 0], [-1, 1], [2]]","[8, 1, 10]","[0.0026208825698177344, 0.002654134617031739, 0.021163416660011973]",0.0005,20,4.1
focus_dev_partial_COMPAT_O1300_N2_P0.2_B4_T0.4_S0_R5_D0.04,6,6,0.024259228870359247,0.024259228870359247,0.0,0.0,1,4,"[[-1, 0], [-1, 1], [2]]","[8, 1, 10]","[0.0026540209046092924, 0.002654134617031739, 0.03090034009984036]",0.0005,22,4.3
focus_dev_partial_COMPAT_O1300_N2_P0.2_B4_T0.4_S0_R5_D0.04,6,6,0.021772451469147112,0.021772451469147112,0.0,0.0,1,4,"[[-1, 0], [-1, 1], [2]]","[8, 1, 10]","[0.002654134229109793, 0.002654134617031739, 0.020553037064009218]",0.0005,24,4.5
focus_dev_partial_COMPAT_O1300_N2_P0.2_B4_T0.4_S0_R5_D0.04,6,6,0.02176152237328831,0.02176152237328831,0.0,0.0,1,4,"[[-1, 0], [-1, 1], [2]]","[8, 1, 13]","[0.002654134615708382, 0.002654134617031739, 0.020514979073803806]",0.0005,26,4.7
focus_dev_partial_COMPAT_O1300_N2_P0.2_B4_T0.4_S0_R5_D0.04,6,6,0.021777217242775624,0.021777217242775624,0.0,0.0,1,4,"[[-1, 0], [-1, 1], [2]]","[8, 1, 14]","[0.0026541346170272243, 0.002654134617031739, 0.02056964813729993]",0.0005,28,4.9
focus_dev_partial_COMPAT_O1300_N2_P0.2_B4_T0.4_S0_R5_D0.04,6,6,0.019822809833944112,0.019822809833944112,0.0,0.0,2,4,"[[-1, 0], [-1, 1], [2]]","[8, 1, 15]","[0.002654134617031724, 0.002654134617031739, 0.014550370835484348]",0.0005,30,5.1
focus_dev_partial_COMPAT_O1300_N2_P0.2_B4_T0.4_S0_R5_D0.04,0,0,0.01897119779678412,0.01897119779678412,0.0016598924181739395,0.0016598924181739395,1,4,"[[-1, 0], [-1, 1], [2]]","[8, 1, 16]","[0.002654134617031739, 0.002654134617031739, 0.013662928562720644]",0.0005,32,5.3
focus_dev_partial_COMPAT_O1300_N2_P0.2_B4_T0.4_S0_R5_D0.04,6,6,0.021574767077733602,0.021574767077733602,0.0,0.0,1,8,"[[-1, 0], [-1, 1], [-1, 2]]","[8, 1, 16]","[0.002654134617031739, 0.002654134617031739, 0.01987312592025835]",0.0005,34,5.5
focus_dev_partial_COMPAT_O1300_N2_P0.2_B4_T0.4_S0_R5_D0.04,6,6,0.02206547350607179,0.02206547350607179,0.0,0.0,1,4,"[[-1, 0], [-1, 1], [2]]","[8, 16, 18]","[0.002654134617031739, 0.002644506790725497, 0.02162929000222995]",0.0005,36,5.7
focus_dev_partial_COMPAT_O1300_N2_P0.2_B4_T0.4_S0_R5_D0.04,6,6,0.021641471801662378,0.021641471801662378,0.0,0.0,1,4,"[[-1, 0], [-1, 1], [2]]","[16, 16, 19]","[0.0026208825698177366, 0.0026444797680636825, 0.02024791993137843]",0.0005,38,5.9
focus_dev_partial_COMPAT_O1300_N2_P0.2_B4_T0.4_S0_R5_D0.04,6,6,0.021810479366658975,0.021810479366658975,0.0,0.0,1,4,"[[-1, 0], [-1, 1], [2]]","[16, 16, 20]","[0.0026540209046092924, 0.0026541016572092443, 0.020686400161818264]",0.0005,40,6.1
focus_dev_partial_COMPAT_O1300_N2_P0.2_B4_T0.4_S0_R5_D0.04,6,6,0.02162774299911253,0.02162774299911253,0.0,0.0,1,4,"[[-1, 0], [-1, 1], [2]]","[19, 16, 21]","[0.00265359987464833, 0.0026541345045922823, 0.020055416154914702]",0.0005,42,6.3
focus_dev_partial_COMPAT_O1300_N2_P0.2_B4_T0.4_S0_R5_D0.04,6,6,0.02170548106573278,0.02170548106573278,0.0,0.0,1,4,"[[-1, 0], [-1, 1], [2]]","[19, 16, 22]","[0.002654132792739502, 0.002654134616648164, 0.02032070777470974]",0.0005,44,6.5
focus_dev_partial_COMPAT_O1300_N2_P0.2_B4_T0.4_S0_R5_D0.04,6,6,0.021783871446201947,0.021783871446201947,0.0,0.0,1,4,"[[-1, 0], [-1, 1], [2]]","[19, 16, 23]","[0.0026541346108083447, 0.0026541346170304314, 0.02059286086266867]",0.0005,46,6.7
focus_dev_partial_COMPAT_O1300_N2_P0.2_B4_T0.4_S0_R5_D0.04,6,6,0.021802873027006377,0.021802873027006377,0.0,0.0,1,4,"[[-1, 0], [-1, 1], [2]]","[19, 16, 24]","[0.002654134617010509, 0.002654134617031735, 0.020659259793799276]",0.0005,48,6.9
focus_dev_partial_COMPAT_O1300_N2_P0.2_B4_T0.4_S0_R5_D0.04,19,19,0.020839949010099664,0.020839949010099664,0.0008893026833092094,0.0008893026833092094,1,4,"[[-1, 0], [-1, 1], [2]]","[19, 16, 25]","[0.0026541346170316673, 0.017569441714039714, 0.002629953135342443]",0.0005,50,7.1
focus_dev_partial_COMPAT_O1300_N2_P0.2_B4_T0.4_S0_R5_D0.04,19,19,0.02206581908076219,0.02206581908076219,0.0,0.0,1,4,"[[-1, 0], [1], [-1, 2]]","[19, 26, 25]","[0.0026541346170317393, 0.021602616169832677, 0.0026522065416960143]",0.0005,52,7.3
focus_dev_partial_COMPAT_O1300_N2_P0.2_B4_T0.4_S0_R5_D0.04,0,19,0.019679669317485805,0.019756596267743478,0.0022354673386310135,0.0,2,4,"[[-1, 0], [1], [-1, 2]]","[19, 27, 25]","[0.002654134617031739, 0.014371406661788285, 0.002654128038665782]",0.0005,54,7.5
focus_dev_partial_COMPAT_O1300_N2_P0.2_B4_T0.4_S0_R5_D0.04,19,19,0.020901919029292525,0.020901919029292525,0.0,0.0,1,4,"[[-1, 0], [1], [-1, 2]]","[19, 28, 25]","[0.002654134617031739, 0.01768667620425203, 0.0026541345945902814]",0.0005,56,7.7
focus_dev_partial_COMPAT_O1300_N2_P0.2_B4_T0.4_S0_R5_D0.04,0,19,0.01902402597675701,0.01950931615986154,0.0017025445404012796,0.0,2,4,"[[-1, 0], [1], [-1, 2]]","[19, 29, 25]","[0.002654134617031739, 0.013715756742770088, 0.0026541346169551825]",0.0005,58,7.9
focus_dev_partial_COMPAT_O1300_N2_P0.2_B4_T0.4_S0_R5_D0.04,19,19,0.021677375023451042,0.021677375023451042,0.0,0.0,1,4,"[[-1, 0], [1], [-1, 2]]","[19, 29, 25]","[0.002654134617031739, 0.020223809402532673, 0.002654134617031478]",0.0005,60,8.1
focus_dev_partial_COMPAT_O1300_N2_P0.2_B4_T0.4_S0_R5_D0.04,0,0,0.018970009063140374,0.018970009063140374,0.001658933172571899,0.001658933172571899,1,4,"[[-1, 0], [1], [-1, 2]]","[19, 30, 25]","[0.002654134617031739, 0.013661739829076897, 0.002654134617031738]",0.0005,62,8.3
focus_dev_partial_COMPAT_O1300_N2_P0.2_B4_T0.4_S0_R5_D0.04,19,19,0.023239423896171764,0.023239423896171764,0.0,0.0,1,8,"[[-1, 0], [-1, 1], [-1, 2]]","[19, 30, 25]","[0.002654134617031739, 0.02621111775247058, 0.0026541346170317393]",0.0005,64,8.5
focus_dev_partial_COMPAT_O1300_N2_P0.2_B4_T0.4_S0_R5_D0.04,0,0,0.018956221476839438,0.018956221476839438,0.0016478089514454855,0.0016478089514454855,1,8,"[[-1, 0], [-1, 1], [-1, 2]]","[19, 30, 25]","[0.002654134617031739, 0.01364795224277596, 0.002654134617031739]",0.0005,66,8.7
focus_dev_partial_COMPAT_O1300_N2_P0.2_B4_T0.4_S0_R5_D0.04,19,19,0.022663243938505915,0.022663243938505915,0.0,0.0,1,8,"[[-1, 0], [-1, 1], [-1, 2]]","[19, 33, 25]","[0.002654134617031739, 0.0238512944939542, 0.002654134617031739]",0.0005,68,8.9
focus_dev_partial_COMPAT_O1300_N2_P0.2_B4_T0.4_S0_R5_D0.04,19,19,0.020006045408093597,0.020006045408093597,0.0,0.0,2,4,"[[-1, 0], [1], [-1, 2]]","[19, 35, 25]","[0.002654134617031739, 0.015053410007727254, 0.002654134617031739]",0.0005,70,9.1
focus_dev_partial_COMPAT_O1300_N2_P0.2_B4_T0.4_S0_R5_D0.04,19,19,0.023504142841331205,0.023504142841331205,0.0,0.0,1,4,"[[-1, 0], [1], [-1, 2]]","[19, 35, 25]","[0.002654134617031739, 0.027361794511820966, 0.002654134617031739]",0.0005,72,9.3
focus_dev_partial_COMPAT_O1300_N2_P0.2_B4_T0.4_S0_R5_D0.04,19,19,0.023746104835272192,0.023746104835272192,0.0,0.0,1,4,"[[-1, 0], [1], [-1, 2]]","[19, 35, 25]","[0.002654134617031739, 0.028452853721525565, 0.002654134617031739]",0.0005,74,9.5
focus_dev_partial_COMPAT_O1300_N2_P0.2_B4_T0.4_S0_R5_D0.04,19,19,0.023702911046680347,0.023702911046680347,0.0,0.0,1,4,"[[-1, 0], [1], [-1, 2]]","[19, 37, 25]","[0.002654134617031739, 0.02825524481615286, 0.002654134617031739]",0.0005,76,9.7
focus_dev_partial_COMPAT_O1300_N2_P0.2_B4_T0.4_S0_R5_D0.04,19,19,0.02212809798643485,0.02212809798643485,0.0,0.0,1,4,"[[-1, 0], [1], [-1, 2]]","[19, 39, 25]","[0.002654134617031739, 0.021822295235000646, 0.002654134617031739]",0.0005,78,9.9
focus_dev_partial_COMPAT_O1300_N2_P0.2_B4_T0.4_S0_R5_D0.04,0,19,0.019061640429653012,0.019523708378597585,0.001732940277863089,0.0,2,4,"[[-1, 0], [1], [-1, 2]]","[19, 39, 25]","[0.002654134617031739, 0.013753371195589536, 0.002654134617031739]",0.0005,80,10.1
focus_dev_partial_COMPAT_O1300_N2_P0.2_B4_T0.4_S0_R5_D0.04,19,19,0.02175423882525217,0.02175423882525217,0.0,0.0,1,4,"[[-1, 0], [1], [-1, 2]]","[19, 39, 25]","[0.002654134617031739, 0.02048964743364547, 0.002654134617031739]",0.0005,82,10.3
focus_dev_partial_COMPAT_O1300_N2_P0.2_B4_T0.4_S0_R5_D0.04,19,19,0.02101747775048934,0.02101747775048934,0.0,0.0,1,4,"[[-1, 0], [1], [-1, 2]]","[19, 39, 25]","[0.002654134617031739, 0.01804873906844581, 0.002654134617031739]",0.0005,84,10.5
focus_dev_partial_COMPAT_O1300_N2_P0.2_B4_T0.4_S0_R5_D0.04,19,19,0.0238403986203456,0.0238403986203456,0.0,0.0,1,4,"[[-1, 0], [1], [-1, 2]]","[19, 39, 25]","[0.002654134617031739, 0.028888627102159083, 0.002654134617031739]",0.0005,86,10.7
focus_dev_partial_COMPAT_O1300_N2_P0.2_B4_T0.4_S0_R5_D0.04,19,19,0.0217240609441159,0.0217240609441159,0.0,0.0,1,4,"[[-1, 0], [1], [-1, 2]]","[19, 42, 25]","[0.002654134617031739, 0.020384951905847392, 0.002654134617031739]",0.0005,88,10.9
focus_dev_partial_COMPAT_O1300_N2_P0.2_B4_T0.4_S0_R5_D0.04,19,19,0.02158615731239978,0.02158615731239978,0.0,0.0,1,4,"[[-1, 0], [1], [-1, 2]]","[19, 45, 25]","[0.002654134617031739, 0.019911820139737184, 0.002654134617031739]",0.0005,90,11.1
focus_dev_partial_COMPAT_O1300_N2_P0.2_B4_T0.4_S0_R5_D0.04,0,19,0.01955772153620327,0.019711173641704903,0.00213585270936692,0.0,2,4,"[[-1, 0], [1], [-1, 2]]","[19, 46, 25]","[0.002654134617031739, 0.014249452302139795, 0.002654134617031739]",0.0005,92,11.3
focus_dev_partial_COMPAT_O1300_N2_P0.2_B4_T0.4_S0_R5_D0.04,0,0,0.01890671194024581,0.01890671194024581,0.0016078881393759466,0.0016078881393759466,1,4,"[[-1, 0], [1], [-1, 2]]","[19, 47, 25]","[0.002654134617031739, 0.013598442706182332, 0.002654134617031739]",0.0005,94,11.5
focus_dev_partial_COMPAT_O1300_N2_P0.2_B4_T0.4_S0_R5_D0.04,19,19,0.02168342744045181,0.02168342744045181,0.0,0.0,1,8,"[[-1, 0], [-1, 1], [-1, 2]]","[19, 47, 25]","[0.002654134617031739, 0.0202446438626295, 0.002654134617031739]",0.0005,96,11.7
focus_dev_partial_COMPAT_O1300_N2_P0.2_B4_T0.4_S0_R5_D0.04,19,19,0.023982049014475995,0.023982049014475995,0.0,0.0,1,4,"[[-1, 0], [1], [-1, 2]]","[19, 47, 25]","[0.002654134617031739, 0.029554779623214383, 0.002654134617031739]",0.0005,98,11.9
focus_dev_partial_COMPAT_O1300_N2_P0.2_B4_T0.4_S0_R5_D0.04,19,19,0.02209262919394001,0.02209262919394001,0.0,0.0,1,4,"[[-1, 0], [1], [-1, 2]]","[19, 48, 25]","[0.002654134617031739, 0.021692970885496855, 0.002654134617031739]",0.0005,100,12.1
focus_dev_partial_COMPAT_O1300_N2_P0.2_B4_T0.4_S0_R5_D0.04,19,19,0.024302522430410083,0.024302522430410083,0.0,0.0,1,4,"[[-1, 0], [1], [-1, 2]]","[19, 48, 25]","[0.002654134617031739, 0.03111497552934681, 0.002654134617031739]",0.0005,102,12.3
focus_dev_partial_COMPAT_O1300_N2_P0.2_B4_T0.4_S0_R5_D0.04,0,19,0.019196547249309158,0.019575118625854048,0.0018421382803607833,0.0,2,4,"[[-1, 0], [1], [-1, 2]]","[19, 50, 25]","[0.002654134617031739, 0.013888278015245682, 0.002654134617031739]",0.0005,104,12.5
focus_dev_partial_COMPAT_O1300_N2_P0.2_B4_T0.4_S0_R5_D0.04,0,0,0.018724171326755558,0.018724171326755558,0.0014610410239182248,0.0014610410239182248,1,4,"[[-1, 0], [1], [-1, 2]]","[19, 53, 25]","[0.002654134617031739, 0.01341590209269208, 0.002654134617031739]",0.0005,106,12.7
focus_dev_partial_COMPAT_O1300_N2_P0.2_B4_T0.4_S0_R5_D0.04,19,19,0.02229661334416508,0.02229661334416508,0.0,0.0,1,8,"[[-1, 0], [-1, 1], [-1, 2]]","[19, 53, 25]","[0.002654134617031739, 0.022445286381965107, 0.002654134617031739]",0.0005,108,12.9
focus_dev_partial_COMPAT_O1300_N2_P0.2_B4_T0.4_S0_R5_D0.04,19,19,0.02238481604030028,0.02238481604030028,0.0,0.0,1,4,"[[-1, 0], [1], [-1, 2]]","[19, 55, 25]","[0.002654134617031739, 0.022777105927304864, 0.002654134617031739]",0.0005,110,13.1
focus_dev_partial_COMPAT_O1300_N2_P0.2_B4_T0.4_S0_R5_D0.04,19,19,0.024228836197558015,0.024228836197558015,0.0,0.0,1,4,"[[-1, 0], [1], [-1, 2]]","[19, 55, 25]","[0.002654134617031739, 0.030749544988774528, 0.002654134617031739]",0.0005,112,13.3
focus_dev_partial_COMPAT_O1300_N2_P0.2_B4_T0.4_S0_R5_D0.04,19,19,0.021899425491813874,0.021899425491813874,0.0,0.0,1,4,"[[-1, 0], [1], [-1, 2]]","[19, 55, 25]","[0.002654134617031739, 0.020999264153879118, 0.002654134617031739]",0.0005,114,13.5
focus_dev_partial_COMPAT_O1300_N2_P0.2_B4_T0.4_S0_R5_D0.04,19,19,0.021767480082271216,0.021767480082271216,0.0,0.0,1,4,"[[-1, 0], [1], [-1, 2]]","[19, 58, 25]","[0.002654134617031739, 0.020535717786896623, 0.002654134617031739]",0.0005,116,13.7
focus_dev_partial_COMPAT_O1300_N2_P0.2_B4_T0.4_S0_R5_D0.04,19,19,0.022913554872428573,0.022913554872428573,0.0,0.0,1,4,"[[-1, 0], [1], [-1, 2]]","[19, 58, 25]","[0.002654134617031739, 0.02485303549678023, 0.002654134617031739]",0.0005,118,13.9
focus_dev_partial_COMPAT_O1300_N2_P0.2_B4_T0.4_S0_R5_D0.04,19,19,0.024854281291150287,0.024854281291150287,0.0,0.0,1,4,"[[-1, 0], [1], [-1, 2]]","[19, 58, 25]","[0.002654134617031739, 0.033986569245881997, 0.002654134617031739]",0.0005,120,14.1
focus_dev_partial_COMPAT_O1300_N2_P0.2_B4_T0.4_S0_R5_D0.04,19,19,0.019875759859407278,0.019875759859407278,0.0,0.0,2,4,"[[-1, 0], [1], [-1, 2]]","[19, 61, 25]","[0.002654134617031739, 0.014694560682030833, 0.002654134617031739]",0.0005,122,14.3
focus_dev_partial_COMPAT_O1300_N2_P0.2_B4_T0.4_S0_R5_D0.04,0,0,0.018791211704254247,0.018791211704254247,0.0015149099174873622,0.0015149099174873622,1,4,"[[-1, 0], [1], [-1, 2]]","[19, 62, 25]","[0.002654134617031739, 0.013482942470190766, 0.002654134617031739]",0.0005,124,14.5
focus_dev_partial_COMPAT_O1300_N2_P0.2_B4_T0.4_S0_R5_D0.04,19,19,0.02169692505288067,0.02169692505288067,0.0,0.0,1,8,"[[-1, 0], [-1, 1], [-1, 2]]","[19, 62, 25]","[0.002654134617031739, 0.0202911674458625, 0.002654134617031739]",0.0005,126,14.7
focus_dev_partial_COMPAT_O1300_N2_P0.2_B4_T0.4_S0_R5_D0.04,19,19,0.020031435080806202,0.020031435080806202,0.0,0.0,2,4,"[[-1, 0], [1], [-1, 2]]","[19, 64, 25]","[0.002654134617031739, 0.01512402179246963, 0.002654134617031739]",0.0005,128,14.9
focus_dev_partial_COMPAT_O1300_N2_P0.2_B4_T0.4_S0_R5_D0.04,0,0,0.018799650088506335,0.018799650088506335,0.0015216955758398515,0.0015216955758398515,1,4,"[[-1, 0], [1], [-1, 2]]","[19, 65, 25]","[0.002654134617031739, 0.01349138085444286, 0.002654134617031739]",0.0005,130,15.1
focus_dev_partial_COMPAT_O1300_N2_P0.2_B4_T0.4_S0_R5_D0.04,19,19,0.021717365645405246,0.021717365645405246,0.0,0.0,1,8,"[[-1, 0], [-1, 1], [-1, 2]]","[19, 65, 25]","[0.002654134617031739, 0.020361780862630675, 0.002654134617031739]",0.0005,132,15.3
focus_dev_partial_COMPAT_O1300_N2_P0.2_B4_T0.4_S0_R5_D0.04,19,19,0.022387867047114325,0.022387867047114325,0.0,0.0,1,4,"[[-1, 0], [1], [-1, 2]]","[62, 67, 25]","[0.0026541034036256434, 0.022788773729250943, 0.002654134617031739]",0.0005,134,15.5
focus_dev_partial_COMPAT_O1300_N2_P0.2_B4_T0.4_S0_R5_D0.04,19,19,0.023211726681705153,0.023211726681705153,0.0,0.0,1,4,"[[-1, 0], [1], [-1, 2]]","[62, 67, 25]","[0.002654134510550038, 0.026093229895506186, 0.002654134617031739]",0.0005,136,15.7
focus_dev_partial_COMPAT_O1300_N2_P0.2_B4_T0.4_S0_R5_D0.04,19,19,0.024898608081474836,0.024898608081474836,0.0,0.0,1,4,"[[-1, 0], [1], [-1, 2]]","[62, 67, 25]","[0.002654134616668487, 0.03422813812008123, 0.002654134617031739]",0.0005,138,15.9
focus_dev_partial_COMPAT_O1300_N2_P0.2_B4_T0.4_S0_R5_D0.04,19,19,0.024689382824931713,0.024689382824931713,0.0,0.0,1,4,"[[-1, 0], [1], [-1, 2]]","[62, 69, 25]","[0.0026541346170305, 0.0331025175629365, 0.002654134617031739]",0.0005,140,16.1
focus_dev_partial_COMPAT_O1300_N2_P0.2_B4_T0.4_S0_R5_D0.04,19,19,0.02554492854652956,0.02554492854652956,0.0,0.0,1,4,"[[-1, 0], [1], [-1, 2]]","[68, 69, 69]","[0.0026541034036256395, 0.03801064259213935, 0.002644506790725497]",0.0005,142,16.3
focus_dev_partial_COMPAT_O1300_N2_P0.2_B4_T0.4_S0_R5_D0.04,19,19,0.02570173380554475,0.02570173380554475,0.0,0.0,1,4,"[[-1, 0], [1], [-1, 2]]","[68, 69, 69]","[0.002644506703192297, 0.03903642612543183, 0.0026444797680636825]",0.0005,144,16.5
focus_dev_partial_COMPAT_O1300_N2_P0.2_B4_T0.4_S0_R5_D0.04,0,0,0.01630795407990953,0.01630795407990953,0.0,0.0,1,4,"[[-1, 0], [1], [-1, 2]]","[68, 69, 69]","[0.010398808247703124, 0.003255044174997162, 0.0026541016572092443]",0.0005,146,16.7
focus_dev_partial_COMPAT_O1300_N2_P0.2_B4_T0.4_S0_R5_D0.04,63,63,0.022648454054898688,0.022648454054898688,0.0,0.0,1,8,"[[-1, 0], [-1, 1], [-1, 2]]","[68, 73, 69]","[0.023796457642472003, 0.002653302313403233, 0.0026541345045922823]",0.0005,148,16.9
focus_dev_partial_COMPAT_O1300_N2_P0.2_B4_T0.4_S0_R5_D0.04,63,63,0.024706126667842897,0.024706126667842897,0.0,0.0,1,4,"[[0], [-1, 1], [-1, 2]]","[68, 73, 69]","[0.033191264611162376, 0.0026541317775372135, 0.002654134616648164]",0.0005,150,17.1
focus_dev_partial_COMPAT_O1300_N2_P0.2_B4_T0.4_S0_R5_D0.04,63,63,0.02502325950891441,0.02502325950891441,0.0,0.0,1,4,"[[0], [-1, 1], [-1, 2]]","[68, 73, 69]","[0.0349165916852199, 0.002654134607345082, 0.0026541346170304314]",0.0005,152,17.3
focus_dev_partial_COMPAT_O1300_N2_P0.2_B4_T0.4_S0_R5_D0.04,63,63,0.022056947398921053,0.022056947398921053,0.0,0.0,1,4,"[[0], [-1, 1], [-1, 2]]","[74, 73, 69]","[0.021563493000033143, 0.0026541346169986937, 0.002654134617031735]",0.0005,154,17.5
focus_dev_partial_COMPAT_O1300_N2_P0.2_B4_T0.4_S0_R5_D0.04,63,63,0.024026943531349782,0.024026943531349782,0.0,0.0,1,4,"[[0], [-1, 1], [-1, 2]]","[74, 73, 69]","[0.029768853110224716, 0.002654134617031627, 0.002654134617031739]",0.0005,156,17.7
focus_dev_partial_COMPAT_O1300_N2_P0.2_B4_T0.4_S0_R5_D0.04,0,0,0.01648418018693034,0.01648418018693034,0.0,0.0,1,4,"[[0], [-1, 1], [-1, 2]]","[74, 73, 69]","[0.003232432821533071, 0.0026541346170317385, 0.010597612748365532]",0.0005,158,17.9
focus_dev_partial_COMPAT_O1300_N2_P0.2_B4_T0.4_S0_R5_D0.04,6,6,0.022530734518562412,0.022530734518562412,0.0,0.0,1,8,"[[-1, 0], [-1, 1], [-1, 2]]","[74, 73, 69]","[0.002656027426801855, 0.002654134617031739, 0.023327620415676906]",0.0005,160,18.1
focus_dev_partial_COMPAT_O1300_N2_P0.2_B4_T0.4_S0_R5_D0.04,6,6,0.02006943210748588,0.02006943210748588,0.0,0.0,2,4,"[[-1, 0], [-1, 1], [2]]","[74, 73, 81]","[0.0026541410732726267, 0.002654134617031739, 0.015230096797654255]",0.0005,162,18.3
focus_dev_partial_COMPAT_O1300_N2_P0.2_B4_T0.4_S0_R5_D0.04,0,0,0.01881033942205275,0.01881033942205275,0.001530292953238116,0.001530292953238116,1,4,"[[-1, 0], [-1, 1], [2]]","[74, 73, 82]","[0.002654134639056558, 0.002654134617031739, 0.01350207016596445]",0.0005,164,18.5
focus_dev_partial_COMPAT_O1300_N2_P0.2_B4_T0.4_S0_R5_D0.04,6,6,0.02158691846795776,0.02158691846795776,0.0,0.0,1,8,"[[-1, 0], [-1, 1], [-1, 2]]","[74, 73, 82]","[0.0026541346171068745, 0.002654134617031739, 0.019914407965410004]",0.0005,166,18.7
focus_dev_partial_COMPAT_O1300_N2_P0.2_B4_T0.4_S0_R5_D0.04,19,19,0.020953112456816633,0.020953112456816633,0.0007733798611343837,0.0007733798611343837,1,4,"[[-1, 0], [-1, 1], [2]]","[74, 81, 84]","[0.002654134617031996, 0.017801713319036412, 0.002668425250024178]",0.0005,168,18.9
focus_dev_partial_COMPAT_O1300_N2_P0.2_B4_T0.4_S0_R5_D0.04,19,19,0.02209218385076627,0.02209218385076627,0.0,0.0,1,4,"[[-1, 0], [1], [-1, 2]]","[74, 85, 84]","[0.00265413461703174, 0.021693134131751862, 0.0026536443943210894]",0.0005,170,19.1
focus_dev_partial_COMPAT_O1300_N2_P0.2_B4_T0.4_S0_R5_D0.04,19,19,0.021867043524384466,0.021867043524384466,0.0,0.0,1,4,"[[-1, 0], [1], [-1, 2]]","[74, 86, 84]","[0.002654134617031739, 0.020884749757620072, 0.002654132944625355]",0.0005,172,19.3
focus_dev_partial_COMPAT_O1300_N2_P0.2_B4_T0.4_S0_R5_D0.04,19,19,0.021807873803132646,0.021807873803132646,0.0,0.0,1,4,"[[-1, 0], [1], [-1, 2]]","[74, 87, 84]","[0.002654134617031739, 0.02067676243304881, 0.0026541346113264893]",0.0005,174,19.5
focus_dev_partial_COMPAT_O1300_N2_P0.2_B4_T0.4_S0_R5_D0.04,0,19,0.019100173542873924,0.019538425751760017,0.0017641013572106574,0.0,2,4,"[[-1, 0], [1], [-1, 2]]","[74, 88, 84]","[0.002654134617031739, 0.013791904308829908, 0.0026541346170122766]",0.0005,176,19.7
focus_dev_partial_COMPAT_O1300_N2_P0.2_B4_T0.4_S0_R5_D0.04,0,0,0.015941979689577328,0.015941979689577328,0.0,0.0,1,4,"[[-1, 0], [1], [-1, 2]]","[87, 89, 84]","[0.010297589239579494, 0.0029902558329661594, 0.002654134617031673]",0.0005,178,19.9
focus_dev_partial_COMPAT_O1300_N2_P0.2_B4_T0.4_S0_R5_D0.04,63,63,0.022374554517295517,0.022374554517295517,0.0,0.0,1,8,"[[-1, 0], [-1, 1], [-1, 2]]","[87, 89, 84]","[0.022736497133980644, 0.002654610642051695, 0.0026541346170317393]",0.0005,180,20.1
focus_dev_partial_COMPAT_O1300_N2_P0.2_B4_T0.4_S0_R5_D0.04,63,63,0.02238754014195852,0.02238754014195852,0.0,0.0,1,4,"[[0], [-1, 1], [-1, 2]]","[91, 89, 84]","[0.022787411664024267, 0.0026541362408876897, 0.002654134617031739]",0.0005,182,20.3
focus_dev_partial_COMPAT_O1300_N2_P0.2_B4_T0.4_S0_R5_D0.04,63,63,0.02179635633811159,0.02179635633811159,0.0,0.0,1,4,"[[0], [-1, 1], [-1, 2]]","[92, 89, 84]","[0.020636468981333925, 0.002654134622571363, 0.002654134617031739]",0.0005,184,20.5
focus_dev_partial_COMPAT_O1300_N2_P0.2_B4_T0.4_S0_R5_D0.04,63,63,0.021819821547091563,0.021819821547091563,0.0,0.0,1,4,"[[0], [-1, 1], [-1, 2]]","[93, 89, 84]","[0.020718626541530668, 0.002654134617050638, 0.002654134617031739]",0.0005,186,20.7
focus_dev_partial_COMPAT_O1300_N2_P0.2_B4_T0.4_S0_R5_D0.04,63,63,0.02094530696904822,0.02094530696904822,0.0,0.0,1,4,"[[0], [-1, 1], [-1, 2]]","[94, 89, 84]","[0.01782198594824545, 0.002654134617031803, 0.002654134617031739]",0.0005,188,20.9
focus_dev_partial_COMPAT_O1300_N2_P0.2_B4_T0.4_S0_R5_D0.04,63,63,0.023023184850941177,0.023023184850941177,0.0,0.0,1,4,"[[0], [-1, 1], [-1, 2]]","[94, 89, 84]","[0.025302955616853137, 0.00265413461703174, 0.002654134617031739]",0.0005,190,21.1
focus_dev_partial_COMPAT_O1300_N2_P0.2_B4_T0.4_S0_R5_D0.04,63,63,0.02097130163398458,0.02097130163398458,0.0,0.0,1,4,"[[0], [-1, 1], [-1, 2]]","[96, 89, 84]","[0.01790341562176763, 0.002654134617031739, 0.002654134617031739]",0.0005,192,21.3
focus_dev_partial_COMPAT_O1300_N2_P0.2_B4_T0.4_S0_R5_D0.04,63,63,0.02391550400568103,0.02391550400568103,0.0,0.0,1,4,"[[0], [-1, 1], [-1, 2]]","[96, 89, 84]","[0.029240088888825976, 0.002654134617031739, 0.002654134617031739]",0.0005,194,21.5
focus_dev_partial_COMPAT_O1300_N2_P0.2_B4_T0.4_S0_R5_D0.04,63,63,0.023282681789429188,0.023282681789429188,0.0,0.0,1,4,"[[0], [-1, 1], [-1, 2]]","[97, 89, 84]","[0.026396173084080196, 0.002654134617031739, 0.002654134617031739]",0.0005,196,21.7
focus_dev_partial_COMPAT_O1300_N2_P0.2_B4_T0.4_S0_R5_D0.04,63,63,0.021104404432587674,0.021104404432587674,0.0,0.0,1,4,"[[0], [-1, 1], [-1, 2]]","[97, 89, 84]","[0.018324672799126765, 0.002654134617031739, 0.002654134617031739]",0.0005,198,21.9
focus_dev_partial_COMPAT_O1301_N1_P0.2_B4_T0.4_S0_R5_D0.04,134,134,0.03744173394715578,0.03744173394715578,0.0,0.0,1,1,"[[0], [1], [2]]","[0, 0, 0]","[0.003487961161124542, 0.21215969125117692, 0.003487961161124542]",0.0005,0,2.1
focus_dev_partial_COMPAT_O1301_N1_P0.2_B4_T0.4_S0_R5_D0.04,19,19,0.02744663979884756,0.02744663979884756,0.0009394000923873685,0.0009394000923873685,1,4,"[[0, 1], [1], [-1, 2]]","[0, 1, 0]","[0.0029011956433948843, 0.04078446004424971, 0.002900532238241299]",0.0005,2,2.3
focus_dev_partial_COMPAT_O1301_N1_P0.2_B4_T0.4_S0_R5_D0.04,19,19,0.02490290834051586,0.02490290834051586,0.0,0.0,1,4,"[[-1, 0], [1], [-1, 2]]","[0, 2, 0]","[0.0029007057669543585, 0.028291070259707028, 0.0029007051967095475]",0.0005,4,2.5
focus_dev_partial_COMPAT_O1301_N1_P0.2_B4_T0.4_S0_R5_D0.04,19,19,0.025051354974959486,0.025051354974959486,0.0,0.0,1,4,"[[-1, 0], [1], [-1, 2]]","[0, 3, 0]","[0.002900705345873732, 0.02891054643852262, 0.002900705345383557]",0.0005,6,2.7
focus_dev_partial_COMPAT_O1301_N1_P0.2_B4_T0.4_S0_R5_D0.04,19,19,0.024953826384461662,0.024953826384461662,0.0,0.0,1,4,"[[-1, 0], [1], [-1, 2]]","[0, 4, 0]","[0.002900705345511778, 0.028502244411057157, 0.002900705345511357]",0.0005,8,2.9
focus_dev_partial_COMPAT_O1301_N1_P0.2_B4_T0.4_S0_R5_D0.04,19,19,0.024968322811051085,0.024968322811051085,0.0,0.0,1,4,"[[-1, 0], [1], [-1, 2]]","[0, 5, 0]","[0.002900705345511466, 0.028562614655368215, 0.0029007053455114653]",0.0005,10,3.1
focus_dev_partial_COMPAT_O1301_N1_P0.2_B4_T0.4_S0_R5_D0.04,19,19,0.024980084892243105,0.024980084892243105,0.0,0.0,1,4,"[[-1, 0], [1], [-1, 2]]","[0, 6, 0]","[0.002900705345511466, 0.028611679215623895, 0.002900705345511466]",0.0005,12,3.3
focus_dev_partial_COMPAT_O1301_N1_P0.2_B4_T0.4_S0_R5_D0.04,19,19,0.02778357688593978,0.02778357688593978,0.0,0.0,1,4,"[[-1, 0], [1], [-1, 2]]","[0, 6, 0]","[0.002900705345511466, 0.04279815425406105, 0.002900705345511466]",0.0005,14,3.5
focus_dev_partial_COMPAT_O1301_N1_P0.2_B4_T0.4_S0_R5_D0.04,19,19,0.022566068215474085,0.022566068215474085,0.0,0.0,1,4,"[[-1, 0], [1], [-1, 2]]","[0, 8, 0]","[0.002900705345511466, 0.01988712459733927, 0.002900705345511466]",0.0005,16,3.7
focus_dev_partial_COMPAT_O1301_N1_P0.2_B4_T0.4_S0_R5_D0.04,19,19,0.024727606388252395,0.024727606388252395,0.0,0.0,1,4,"[[-1, 0], [1], [-1, 2]]","[0, 9, 0]","[0.002900705345511466, 0.027574311367632682, 0.002900705345511466]",0.0005,18,3.9
focus_dev_partial_COMPAT_O1301_N1_P0.2_B4_T0.4_S0_R5_D0.04,19,19,0.022412571837079905,0.022412571837079905,0.0,0.0,1,4,"[[-1, 0], [1], [-1, 2]]","[0, 10, 0]","[0.002900705345511466, 0.019412163382909662, 0.002900705345511466]",0.0005,20,4.1
focus_dev_partial_COMPAT_O1301_N1_P0.2_B4_T0.4_S0_R5_D0.04,19,19,0.022603271900211743,0.022603271900211743,0.0,0.0,1,4,"[[-1, 0], [1], [-1, 2]]","[9, 11, 0]","[0.002900204992939919, 0.020005078025166077, 0.002900705345511466]",0.0005,22,4.3
focus_dev_partial_COMPAT_O1301_N1_P0.2_B4_T0.4_S0_R5_D0.04,19,19,0.022360554923516907,0.022360554923516907,0.0,0.0,1,4,"[[-1, 0], [1], [-1, 2]]","[9, 12, 0]","[0.00290070491540446, 0.019253094659297833, 0.002900705345511466]",0.0005,24,4.5
focus_dev_partial_COMPAT_O1301_N1_P0.2_B4_T0.4_S0_R5_D0.04,19,19,0.02410061878480369,0.02410061878480369,0.0,0.0,1,4,"[[-1, 0], [1], [-1, 2]]","[11, 13, 0]","[0.0029002049926860557, 0.025136800750239417, 0.002900705345511466]",0.0005,26,4.7
focus_dev_partial_COMPAT_O1301_N1_P0.2_B4_T0.4_S0_R5_D0.04,19,19,0.02483486245065238,0.02483486245065238,0.0,0.0,1,4,"[[-1, 0], [1], [-1, 2]]","[11, 14, 0]","[0.0029007049154042403, 0.028010975256160385, 0.002900705345511466]",0.0005,28,4.9
focus_dev_partial_COMPAT_O1301_N1_P0.2_B4_T0.4_S0_R5_D0.04,19,19,0.024887879956245307,0.024887879956245307,0.0,0.0,1,4,"[[-1, 0], [1], [-1, 2]]","[11, 15, 0]","[0.0029007053451417515, 0.028229003058593653, 0.002900705345511466]",0.0005,30,5.1
focus_dev_partial_COMPAT_O1301_N1_P0.2_B4_T0.4_S0_R5_D0.04,19,19,0.026790913543683677,0.026790913543683677,0.0,0.0,1,4,"[[-1, 0], [1], [-1, 2]]","[14, 15, 0]","[0.002895358566819581, 0.03716825582813215, 0.002900705345511466]",0.0005,32,5.3
focus_dev_partial_COMPAT_O1301_N1_P0.2_B4_T0.4_S0_R5_D0.04,19,19,0.022635469311298662,0.022635469311298662,0.0,0.0,1,4,"[[-1, 0], [1], [-1, 2]]","[14, 17, 0]","[0.002900700748256464, 0.020104650569744666, 0.002900705345511466]",0.0005,34,5.5
focus_dev_partial_COMPAT_O1301_N1_P0.2_B4_T0.4_S0_R5_D0.04,19,19,0.024241465541783407,0.024241465541783407,0.0,0.0,1,4,"[[-1, 0], [1], [-1, 2]]","[14, 18, 0]","[0.002900705341559728, 0.025666624803588084, 0.002900705345511466]",0.0005,36,5.7
focus_dev_partial_COMPAT_O1301_N1_P0.2_B4_T0.4_S0_R5_D0.04,19,19,0.02414376464085539,0.02414376464085539,0.0,0.0,1,4,"[[-1, 0], [1], [-1, 2]]","[14, 19, 0]","[0.00290070534550807, 0.025296833098920658, 0.002900705345511466]",0.0005,38,5.9
focus_dev_partial_COMPAT_O1301_N1_P0.2_B4_T0.4_S0_R5_D0.04,19,19,0.024987329882551475,0.024987329882551475,0.0,0.0,1,4,"[[-1, 0], [1], [-1, 2]]","[14, 20, 0]","[0.0029007053455114627, 0.0286419374969082, 0.002900705345511466]",0.0005,40,6.1
focus_dev_partial_COMPAT_O1301_N1_P0.2_B4_T0.4_S0_R5_D0.04,19,19,0.02481059753759067,0.02481059753759067,0.0,0.0,1,4,"[[-1, 0], [1], [-1, 2]]","[14, 21, 0]","[0.002900705345511466, 0.02791167058152966, 0.002900705345511466]",0.0005,42,6.3
focus_dev_partial_COMPAT_O1301_N1_P0.2_B4_T0.4_S0_R5_D0.04,19,19,0.024903081046148898,0.024903081046148898,0.0,0.0,1,4,"[[-1, 0], [1], [-1, 2]]","[14, 22, 0]","[0.002900705345511466, 0.02829178535800795, 0.002900705345511466]",0.0005,44,6.5
focus_dev_partial_COMPAT_O1301_N1_P0.2_B4_T0.4_S0_R5_D0.04,19,19,0.025093096117057102,0.025093096117057102,0.0,0.0,1,4,"[[-1, 0], [1], [-1, 2]]","[14, 23, 0]","[0.002900705345511466, 0.02908684617311089, 0.002900705345511466]",0.0005,46,6.7
focus_dev_partial_COMPAT_O1301_N1_P0.2_B4_T0.4_S0_R5_D0.04,19,19,0.024886819394697356,0.024886819394697356,0.0,0.0,1,4,"[[-1, 0], [1], [-1, 2]]","[14, 24, 0]","[0.002900705345511466, 0.028224627303329936, 0.002900705345511466]",0.0005,48,6.9
focus_dev_partial_COMPAT_O1301_N1_P0.2_B4_T0.4_S0_R5_D0.04,19,19,0.02269068163685767,0.02269068163685767,0.0,0.0,1,4,"[[-1, 0], [1], [-1, 2]]","[14, 25, 0]","[0.002900705345511466, 0.020278925005306942, 0.002900705345511466]",0.0005,50,7.1
focus_dev_partial_COMPAT_O1301_N1_P0.2_B4_T0.4_S0_R5_D0.04,19,19,0.022591767134117,0.022591767134117,0.0,0.0,1,4,"[[-1, 0], [1], [-1, 2]]","[14, 26, 0]","[0.002900705345511466, 0.019967465630360122, 0.002900705345511466]",0.0005,52,7.3
focus_dev_partial_COMPAT_O1301_N1_P0.2_B4_T0.4_S0_R5_D0.04,19,19,0.022645446165273864,0.022645446165273864,0.0,0.0,1,4,"[[-1, 0], [1], [-1, 2]]","[14, 27, 0]","[0.002900705345511466, 0.020136047964264908, 0.002900705345511466]",0.0005,54,7.5
focus_dev_partial_COMPAT_O1301_N1_P0.2_B4_T0.4_S0_R5_D0.04,19,19,0.024773067849230317,0.024773067849230317,0.0,0.0,1,4,"[[-1, 0], [1], [-1, 2]]","[14, 28, 0]","[0.002900705345511466, 0.02775867725321556, 0.002900705345511466]",0.0005,56,7.7
focus_dev_partial_COMPAT_O1301_N1_P0.2_B4_T0.4_S0_R5_D0.04,19,19,0.022841941178743608,0.022841941178743608,0.0,0.0,1,4,"[[-1, 0], [1], [-1, 2]]","[14, 29, 0]","[0.002900705345511466, 0.020762144007486605, 0.002900705345511466]",0.0005,58,7.9
focus_dev_partial_COMPAT_O1301_N1_P0.2_B4_T0.4_S0_R5_D0.04,19,19,0.024738976642569986,0.024738976642569986,0.0,0.0,1,4,"[[-1, 0], [1], [-1, 2]]","[14, 30, 0]","[0.002900705345511466, 0.027620324227349814, 0.002900705345511466]",0.0005,60,8.1
focus_dev_partial_COMPAT_O1301_N1_P0.2_B4_T0.4_S0_R5_D0.04,19,19,0.024577023418268062,0.024577023418268062,0.0,0.0,1,4,"[[-1, 0], [1], [-1, 2]]","[14, 31, 0]","[0.002900705345511466, 0.026971060796326368, 0.002900705345511466]",0.0005,62,8.3
focus_dev_partial_COMPAT_O1301_N1_P0.2_B4_T0.4_S0_R5_D0.04,63,63,0.021564539798952786,0.021564539798952786,0.0020276186034628094,0.0020276186034628094,1,4,"[[-1, 0], [1], [-1, 2]]","[14, 31, 0]","[0.015924302038672362, 0.0032698405882999357, 0.002900705345511466]",0.0005,64,8.5
focus_dev_partial_COMPAT_O1301_N1_P0.2_B4_T0.4_S0_R5_D0.04,63,63,0.02653964560536767,0.02653964560536767,0.0,0.0,1,8,"[[-1, 0], [-1, 1], [-1, 2]]","[14, 31, 0]","[0.03582755381459292, 0.0029010168585763474, 0.002900705345511466]",0.0005,66,8.7
focus_dev_partial_COMPAT_O1301_N1_P0.2_B4_T0.4_S0_R5_D0.04,63,63,0.02853646934749901,0.02853646934749901,0.0,0.0,1,4,"[[0], [-1, 1], [-1, 2]]","[14, 31, 0]","[0.04771120162683196, 0.0028956813339385914, 0.002900705345511466]",0.0005,68,8.9
focus_dev_partial_COMPAT_O1301_N1_P0.2_B4_T0.4_S0_R5_D0.04,63,63,0.02534721118201516,0.02534721118201516,0.0,0.0,1,4,"[[0], [-1, 1], [-1, 2]]","[27, 31, 0]","[0.030180682990673037, 0.002900701025847576, 0.002900705345511466]",0.0005,70,9.1
focus_dev_partial_COMPAT_O1301_N1_P0.2_B4_T0.4_S0_R5_D0.04,6,6,0.024423334515280316,0.024423334515280316,0.0,0.0,1,4,"[[0], [-1, 1], [-1, 2]]","[27, 31, 0]","[0.0029105841406295557, 0.0029007053417983426, 0.026328462761307906]",0.0005,72,9.3
focus_dev_partial_COMPAT_O1301_N1_P0.2_B4_T0.4_S0_R5_D0.04,6,6,0.022800047109278125,0.022800047109278125,0.0,0.0,1,4,"[[-1, 0], [-1, 1], [2]]","[27, 31, 37]","[0.0029006964062957222, 0.0029007053455082743, 0.02062748773711984]",0.0005,74,9.5
focus_dev_partial_COMPAT_O1301_N1_P0.2_B4_T0.4_S0_R5_D0.04,6,6,0.02254046320813764,0.02254046320813764,0.0,0.0,1,4,"[[-1, 0], [-1, 1], [2]]","[27, 31, 38]","[0.0029007053378274365, 0.002900705345511464, 0.019807312939163307]",0.0005,76,9.7
focus_dev_partial_COMPAT_O1301_N1_P0.2_B4_T0.4_S0_R5_D0.04,6,6,0.024415371072041576,0.024415371072041576,0.0,0.0,1,4,"[[-1, 0], [-1, 1], [2]]","[27, 31, 39]","[0.0029007053455048608, 0.002900705345511466, 0.02633591245074541]",0.0005,78,9.9
focus_dev_partial_COMPAT_O1301_N1_P0.2_B4_T0.4_S0_R5_D0.04,6,6,0.02496079542939499,0.02496079542939499,0.0,0.0,1,4,"[[-1, 0], [-1, 1], [2]]","[27, 31, 40]","[0.002900705345511461, 0.002900705345511466, 0.028531253116123933]",0.0005,80,10.1
focus_dev_partial_COMPAT_O1301_N1_P0.2_B4_T0.4_S0_R5_D0.04,6,6,0.024846012245564986,0.024846012245564986,0.0,0.0,1,4,"[[-1, 0], [-1, 1], [2]]","[27, 31, 41]","[0.002900705345511466, 0.002900705345511466, 0.028056705187335714]",0.0005,82,10.3
focus_dev_partial_COMPAT_O1301_N1_P0.2_B4_T0.4_S0_R5_D0.04,6,6,0.02682152878130412,0.02682152878130412,0.0,0.0,1,4,"[[-1, 0], [-1, 1], [2]]","[27, 31, 41]","[0.002900705345511466, 0.002900705345511466, 0.03730271059899951]",0.0005,84,10.5
focus_dev_partial_COMPAT_O1301_N1_P0.2_B4_T0.4_S0_R5_D0.04,6,6,0.022814408381821777,0.022814408381821777,0.0,0.0,1,4,"[[-1, 0], [-1, 1], [2]]","[27, 31, 42]","[0.002900705345511466, 0.002900705345511466, 0.020673555322505834]",0.0005,86,10.7
focus_dev_partial_COMPAT_O1301_N1_P0.2_B4_T0.4_S0_R5_D0.04,6,6,0.02473221015156129,0.02473221015156129,0.0,0.0,1,4,"[[-1, 0], [-1, 1], [2]]","[27, 31, 42]","[0.002900705345511466, 0.002900705345511466, 0.027592933868810083]",0.0005,88,10.9
focus_dev_partial_COMPAT_O1301_N1_P0.2_B4_T0.4_S0_R5_D0.04,6,6,0.02500434576299929,0.02500434576299929,0.0,0.0,1,4,"[[-1, 0], [-1, 1], [2]]","[27, 31, 45]","[0.002900705345511466, 0.002900705345511466, 0.028713112671636242]",0.0005,90,11.1
focus_dev_partial_COMPAT_O1301_N1_P0.2_B4_T0.4_S0_R5_D0.04,6,6,0.025044329295670263,0.025044329295670263,0.0,0.0,1,4,"[[-1, 0], [-1, 1], [2]]","[27, 31, 46]","[0.002900705345511466, 0.002900705345511466, 0.028880964365351237]",0.0005,92,11.3
focus_dev_partial_COMPAT_O1301_N1_P0.2_B4_T0.4_S0_R5_D0.04,6,6,0.02258300028996759,0.02258300028996759,0.0,0.0,1,4,"[[-1, 0], [-1, 1], [2]]","[44, 31, 47]","[0.0028835551767458496, 0.002900705345511466, 0.019993725360821866]",0.0005,94,11.5
focus_dev_partial_COMPAT_O1301_N1_P0.2_B4_T0.4_S0_R5_D0.04,6,6,0.02243014894863107,0.02243014894863107,0.0,0.0,1,4,"[[-1, 0], [-1, 1], [2]]","[44, 31, 48]","[0.0029006905907204097, 0.002900705345511466, 0.019466174580087627]",0.0005,96,11.7
focus_dev_partial_COMPAT_O1301_N1_P0.2_B4_T0.4_S0_R5_D0.04,6,6,0.024596699232220562,0.024596699232220562,0.0,0.0,1,4,"[[-1, 0], [-1, 1], [2]]","[44, 31, 49]","[0.0029007053328284414, 0.002900705345511466, 0.027049242456146445]",0.0005,98,11.9
focus_dev_partial_COMPAT_O1301_N1_P0.2_B4_T0.4_S0_R5_D0.04,6,6,0.02288690426221687,0.02288690426221687,0.0,0.0,1,4,"[[-1, 0], [-1, 1], [2]]","[44, 31, 50]","[0.002900705345500563, 0.002900705345511466, 0.020907426045905262]",0.0005,100,12.1
focus_dev_partial_COMPAT_O1301_N1_P0.2_B4_T0.4_S0_R5_D0.04,6,6,0.024001254745193063,0.024001254745193063,0.0,0.0,1,4,"[[-1, 0], [-1, 1], [2]]","[44, 31, 51]","[0.0029007053455114566, 0.002900705345511466, 0.024765281995735158]",0.0005,102,12.3
focus_dev_partial_COMPAT_O1301_N1_P0.2_B4_T0.4_S0_R5_D0.04,6,6,0.024608386412165686,0.024608386412165686,0.0,0.0,1,4,"[[-1, 0], [-1, 1], [2]]","[44, 31, 52]","[0.002900705345511466, 0.002900705345511466, 0.027095771977264305]",0.0005,104,12.5
focus_dev_partial_COMPAT_O1301_N1_P0.2_B4_T0.4_S0_R5_D0.04,6,6,0.022548585663398478,0.022548585663398478,0.0,0.0,1,4,"[[-1, 0], [-1, 1], [2]]","[44, 31, 53]","[0.002900705345511466, 0.002900705345511466, 0.019832605454682167]",0.0005,106,12.7
focus_dev_partial_COMPAT_O1301_N1_P0.2_B4_T0.4_S0_R5_D0.04,6,6,0.024159305979179663,0.024159305979179663,0.0,0.0,1,4,"[[-1, 0], [-1, 1], [2]]","[44, 31, 54]","[0.002900705345511466, 0.002900705345511466, 0.02535536112014187]",0.0005,108,12.9
focus_dev_partial_COMPAT_O1301_N1_P0.2_B4_T0.4_S0_R5_D0.04,6,6,0.02487988777907427,0.02487988777907427,0.0,0.0,1,4,"[[-1, 0], [-1, 1], [2]]","[44, 31, 55]","[0.002900705345511466, 0.002900705345511466, 0.028196042669223386]",0.0005,110,13.1
focus_dev_partial_COMPAT_O1301_N1_P0.2_B4_T0.4_S0_R5_D0.04,6,6,0.022687101920135587,0.022687101920135587,0.0,0.0,1,4,"[[-1, 0], [-1, 1], [2]]","[44, 31, 56]","[0.002900705345511466, 0.002900705345511466, 0.020267591209436556]",0.0005,112,13.3
focus_dev_partial_COMPAT_O1301_N1_P0.2_B4_T0.4_S0_R5_D0.04,6,6,0.02236541444996764,0.02236541444996764,0.0,0.0,1,4,"[[-1, 0], [-1, 1], [2]]","[44, 54, 57]","[0.002900705345511466, 0.002895681115139399, 0.019283245587533644]",0.0005,114,13.5
focus_dev_partial_COMPAT_O1301_N1_P0.2_B4_T0.4_S0_R5_D0.04,6,6,0.022621004897098923,0.022621004897098923,0.0,0.0,1,4,"[[-1, 0], [-1, 1], [2]]","[44, 54, 58]","[0.002900705345511466, 0.002900701025659405, 0.020059172940897346]",0.0005,116,13.7
focus_dev_partial_COMPAT_O1301_N1_P0.2_B4_T0.4_S0_R5_D0.04,6,6,0.022615873191338946,0.022615873191338946,0.0,0.0,1,4,"[[-1, 0], [-1, 1], [2]]","[44, 54, 59]","[0.002900705345511466, 0.002900705341798179, 0.02004304328515555]",0.0005,118,13.9
focus_dev_partial_COMPAT_O1301_N1_P0.2_B4_T0.4_S0_R5_D0.04,6,6,0.02253999785091396,0.02253999785091396,0.0,0.0,1,4,"[[-1, 0], [-1, 1], [2]]","[44, 54, 60]","[0.002900705345511466, 0.002900705345508274, 0.019805864552701273]",0.0005,120,14.1
focus_dev_partial_COMPAT_O1301_N1_P0.2_B4_T0.4_S0_R5_D0.04,6,6,0.022575089470258086,0.022575089470258086,0.0,0.0,1,4,"[[-1, 0], [-1, 1], [2]]","[44, 54, 61]","[0.002900705345511466, 0.002900705345511464, 0.019915300172440482]",0.0005,122,14.3
focus_dev_partial_COMPAT_O1301_N1_P0.2_B4_T0.4_S0_R5_D0.04,19,19,0.021355170458843636,0.021355170458843636,0.0019677716653008284,0.0019677716653008284,1,4,"[[-1, 0], [-1, 1], [2]]","[44, 54, 62]","[0.002900705345511466, 0.01606097500748973, 0.0030095261758959595]",0.0005,124,14.5
focus_dev_partial_COMPAT_O1301_N1_P0.2_B4_T0.4_S0_R5_D0.04,19,19,0.02661495415651683,0.02661495415651683,0.0,0.0,1,8,"[[-1, 0], [-1, 1], [-1, 2]]","[44, 54, 62]","[0.002900705345511466, 0.03621753744217982, 0.0029006457884406295]",0.0005,126,14.7
focus_dev_partial_COMPAT_O1301_N1_P0.2_B4_T0.4_S0_R5_D0.04,63,63,0.02433870699048552,0.02433870699048552,0.0,0.0,1,4,"[[-1, 0], [1], [-1, 2]]","[44, 63, 62]","[0.02600210334288241, 0.002910312220162573, 0.002900705294316875]",0.0005,128,14.9
focus_dev_partial_COMPAT_O1301_N1_P0.2_B4_T0.4_S0_R5_D0.04,63,63,0.022488215688738676,0.022488215688738676,0.0,0.0,1,4,"[[0], [-1, 1], [-1, 2]]","[61, 63, 62]","[0.019645156377294668, 0.0029007135994554263, 0.0029007053454674593]",0.0005,130,15.1
focus_dev_partial_COMPAT_O1301_N1_P0.2_B4_T0.4_S0_R5_D0.04,63,63,0.02262672706040799,0.02262672706040799,0.0,0.0,1,4,"[[0], [-1, 1], [-1, 2]]","[66, 64, 62]","[0.020131877095218555, 0.0028833103075635853, 0.0029007053455114276]",0.0005,132,15.3
focus_dev_partial_COMPAT_O1301_N1_P0.2_B4_T0.4_S0_R5_D0.04,63,63,0.024281393727003248,0.024281393727003248,0.0,0.0,1,4,"[[0], [-1, 1], [-1, 2]]","[67, 64, 62]","[0.025819085642115165, 0.0029006903798676044, 0.002900705345511466]",0.0005,134,15.5
focus_dev_partial_COMPAT_O1301_N1_P0.2_B4_T0.4_S0_R5_D0.04,63,63,0.02485271722795122,0.02485271722795122,0.0,0.0,1,4,"[[0], [-1, 1], [-1, 2]]","[68, 64, 62]","[0.028084237129873117, 0.0029007053326471953, 0.002900705345511466]",0.0005,136,15.7
focus_dev_partial_COMPAT_O1301_N1_P0.2_B4_T0.4_S0_R5_D0.04,63,63,0.024671031580187682,0.024671031580187682,0.0,0.0,1,4,"[[0], [-1, 1], [-1, 2]]","[69, 64, 62]","[0.0273463363999534, 0.0029007053455004073, 0.002900705345511466]",0.0005,138,15.9
focus_dev_partial_COMPAT_O1301_N1_P0.2_B4_T0.4_S0_R5_D0.04,63,63,0.024624376236292714,0.024624376236292714,0.0,0.0,1,4,"[[0], [-1, 1], [-1, 2]]","[70, 64, 62]","[0.027159541249786562, 0.0029007053455114558, 0.002900705345511466]",0.0005,140,16.1
focus_dev_partial_COMPAT_O1301_N1_P0.2_B4_T0.4_S0_R5_D0.04,63,63,0.025017362217201466,0.025017362217201466,0.0,0.0,1,4,"[[0], [-1, 1], [-1, 2]]","[71, 64, 62]","[0.02876766253613817, 0.002900705345511466, 0.002900705345511466]",0.0005,142,16.3
focus_dev_partial_COMPAT_O1301_N1_P0.2_B4_T0.4_S0_R5_D0.04,63,63,0.02503334921117436,0.02503334921117436,0.0,0.0,1,4,"[[0], [-1, 1], [-1, 2]]","[72, 64, 62]","[0.028834784857189894, 0.002900705345511466, 0.002900705345511466]",0.0005,144,16.5
focus_dev_partial_COMPAT_O1301_N1_P0.2_B4_T0.4_S0_R5_D0.04,63,63,0.027844158738046278,0.027844158738046278,0.0,0.0,1,4,"[[0], [-1, 1], [-1, 2]]","[72, 64, 62]","[0.043170577947603386, 0.002900705345511466, 0.002900705345511466]",0.0005,146,16.7
focus_dev_partial_COMPAT_O1301_N1_P0.2_B4_T0.4_S0_R5_D0.04,63,63,0.027005370058758693,0.027005370058758693,0.0,0.0,1,4,"[[0], [-1, 1], [-1, 2]]","[72, 64, 62]","[0.03829538026991676, 0.002900705345511466, 0.002900705345511466]",0.0005,148,16.9
focus_dev_partial_COMPAT_O1301_N1_P0.2_B4_T0.4_S0_R5_D0.04,6,6,0.021448283977841952,0.021448283977841952,0.0021876406192767456,0.0021876406192767456,2,4,"[[0], [-1, 1], [-1, 2]]","[72, 64, 62]","[0.003292661969863718, 0.002900705345511466, 0.01555508037174699]",0.0005,150,17.1
focus_dev_partial_COMPAT_O1301_N1_P0.2_B4_T0.4_S0_R5_D0.04,6,6,0.02456879923930821,0.02456879923930821,0.0,0.0,1,4,"[[-1, 0], [-1, 1], [2]]","[72, 64, 76]","[0.0029010357447637916, 0.002900705345511466, 0.02693712890867649]",0.0005,152,17.3
focus_dev_partial_COMPAT_O1301_N1_P0.2_B4_T0.4_S0_R5_D0.04,6,6,0.025052851108936056,0.025052851108936056,0.0,0.0,1,4,"[[-1, 0], [-1, 1], [2]]","[72, 64, 77]","[0.0029007056295133815, 0.002900705345511466, 0.028916848222867976]",0.0005,154,17.5
focus_dev_partial_COMPAT_O1301_N1_P0.2_B4_T0.4_S0_R5_D0.04,6,6,0.024816870826802097,0.024816870826802097,0.0,0.0,1,4,"[[-1, 0], [-1, 1], [2]]","[72, 64, 78]","[0.0028835551768972246, 0.002900705345511466, 0.028007524806509126]",0.0005,156,17.7
focus_dev_partial_COMPAT_O1301_N1_P0.2_B4_T0.4_S0_R5_D0.04,6,6,0.024690923608966558,0.024690923608966558,0.0,0.0,1,4,"[[-1, 0], [-1, 1], [2]]","[72, 64, 79]","[0.0029006905907205407, 0.002900705345511466, 0.027426369372734086]",0.0005,158,17.9
focus_dev_partial_COMPAT_O1301_N1_P0.2_B4_T0.4_S0_R5_D0.04,6,6,0.02501525191498015,0.02501525191498015,0.0,0.0,1,4,"[[-1, 0], [-1, 1], [2]]","[72, 64, 80]","[0.0029007053328284423, 0.002900705345511466, 0.02875881253355404]",0.0005,160,18.1
focus_dev_partial_COMPAT_O1301_N1_P0.2_B4_T0.4_S0_R5_D0.04,6,6,0.025023020877137158,0.025023020877137158,0.0,0.0,1,4,"[[-1, 0], [-1, 1], [2]]","[72, 64, 81]","[0.002900705345500563, 0.002900705345511466, 0.028791405176803446]",0.0005,162,18.3
focus_dev_partial_COMPAT_O1301_N1_P0.2_B4_T0.4_S0_R5_D0.04,6,6,0.024959336525094716,0.024959336525094716,0.0,0.0,1,4,"[[-1, 0], [-1, 1], [2]]","[72, 64, 82]","[0.0029007053455114566, 0.002900705345511466, 0.028525178298236115]",0.0005,164,18.5
focus_dev_partial_COMPAT_O1301_N1_P0.2_B4_T0.4_S0_R5_D0.04,6,6,0.024755747029524985,0.024755747029524985,0.0,0.0,1,4,"[[-1, 0], [-1, 1], [2]]","[72, 64, 83]","[0.002900705345511466, 0.002900705345511466, 0.027688309938196994]",0.0005,166,18.7
focus_dev_partial_COMPAT_O1301_N1_P0.2_B4_T0.4_S0_R5_D0.04,6,6,0.022645045216030214,0.022645045216030214,0.0,0.0,1,4,"[[-1, 0], [-1, 1], [2]]","[72, 64, 84]","[0.002900705345511466, 0.002900705345511466, 0.02013478488929767]",0.0005,168,18.9
focus_dev_partial_COMPAT_O1301_N1_P0.2_B4_T0.4_S0_R5_D0.04,6,6,0.022554629605546436,0.022554629605546436,0.0,0.0,1,4,"[[-1, 0], [-1, 1], [2]]","[72, 64, 85]","[0.002900705345511466, 0.002900705345511466, 0.01985144103062205]",0.0005,170,19.1
focus_dev_partial_COMPAT_O1301_N1_P0.2_B4_T0.4_S0_R5_D0.04,6,6,0.024322085285127863,0.024322085285127863,0.0,0.0,1,4,"[[-1, 0], [-1, 1], [2]]","[72, 64, 85]","[0.002900705345511466, 0.002900705345511466, 0.025975116150990747]",0.0005,172,19.3
focus_dev_partial_COMPAT_O1301_N1_P0.2_B4_T0.4_S0_R5_D0.04,6,6,0.024950278947554198,0.024950278947554198,0.0,0.0,1,4,"[[-1, 0], [-1, 1], [2]]","[72, 64, 85]","[0.002900705345511466, 0.002900705345511466, 0.02848748799668754]",0.0005,174,19.5
focus_dev_partial_COMPAT_O1301_N1_P0.2_B4_T0.4_S0_R5_D0.04,19,19,0.021593247703938882,0.021593247703938882,0.0019948067498105904,0.0019948067498105904,1,4,"[[-1, 0], [-1, 1], [2]]","[86, 64, 85]","[0.0029005618103847175, 0.015999327650716363, 0.003270690611037609]",0.0005,176,19.7
focus_dev_partial_COMPAT_O1301_N1_P0.2_B4_T0.4_S0_R5_D0.04,19,19,0.026137460036350788,0.026137460036350788,0.0,0.0,1,4,"[[-1, 0], [1], [-1, 2]]","[86, 64, 88]","[0.0029007052221297585, 0.0338224624772125, 0.0029007735882598247]",0.0005,178,19.9
focus_dev_partial_COMPAT_O1301_N1_P0.2_B4_T0.4_S0_R5_D0.04,19,19,0.0224280694339401,0.0224280694339401,0.0,0.0,1,4,"[[-1, 0], [1], [-1, 2]]","[86, 90, 88]","[0.0029007053454054095, 0.019459738793026125, 0.0029007054041717893]",0.0005,180,20.1
focus_dev_partial_COMPAT_O1301_N1_P0.2_B4_T0.4_S0_R5_D0.04,19,19,0.022638364718803934,0.022638364718803934,0.0,0.0,1,4,"[[-1, 0], [1], [-1, 2]]","[86, 91, 88]","[0.002900705345511374, 0.020113748497076537, 0.002900705345561889]",0.0005,182,20.3
focus_dev_partial_COMPAT_O1301_N1_P0.2_B4_T0.4_S0_R5_D0.04,19,19,0.022644489825403076,0.022644489825403076,0.0,0.0,1,4,"[[-1, 0], [1], [-1, 2]]","[86, 92, 88]","[0.002900705345511466, 0.020133035387738855, 0.0029007053455115087]",0.0005,184,20.5
focus_dev_partial_COMPAT_O1301_N1_P0.2_B4_T0.4_S0_R5_D0.04,19,19,0.02432654436928698,0.02432654436928698,0.0,0.0,1,4,"[[-1, 0], [1], [-1, 2]]","[86, 93, 88]","[0.002900705345511466, 0.02599226814987827, 0.002900705345511466]",0.0005,186,20.7
focus_dev_partial_COMPAT_O1301_N1_P0.2_B4_T0.4_S0_R5_D0.04,19,19,0.024839567559715416,0.024839567559715416,0.0,0.0,1,4,"[[-1, 0], [1], [-1, 2]]","[86, 94, 88]","[0.002900705345511466, 0.028030264014867686, 0.002900705345511466]",0.0005,188,20.9
focus_dev_partial_COMPAT_O1301_N1_P0.2_B4_T0.4_S0_R5_D0.04,19,19,0.024966265223427944,0.024966265223427944,0.0,0.0,1,4,"[[-1, 0], [1], [-1, 2]]","[86, 95, 88]","[0.002900705345511466, 0.02855403910320017, 0.002900705345511466]",0.0005,190,21.1
focus_dev_partial_COMPAT_O1301_N1_P0.2_B4_T0.4_S0_R5_D0.04,19,19,0.024898887143735587,0.024898887143735587,0.0,0.0,1,4,"[[-1, 0], [1], [-1, 2]]","[86, 96, 88]","[0.002900705345511466, 0.02827445201524165, 0.002900705345511466]",0.0005,192,21.3
focus_dev_partial_COMPAT_O1301_N1_P0.2_B4_T0.4_S0_R5_D0.04,19,19,0.02470131999173428,0.02470131999173428,0.0,0.0,1,4,"[[-1, 0], [1], [-1, 2]]","[86, 96, 88]","[0.002900705345511466, 0.027468186591736596, 0.002900705345511466]",0.0005,194,21.5
focus_dev_partial_COMPAT_O1301_N1_P0.2_B4_T0.4_S0_R5_D0.04,19,19,0.02724715698386139,0.02724715698386139,0.0,0.0,1,4,"[[-1, 0], [1], [-1, 2]]","[86, 96, 88]","[0.002900705345511466, 0.03964077177555571, 0.002900705345511466]",0.0005,196,21.7
focus_dev_partial_COMPAT_O1301_N1_P0.2_B4_T0.4_S0_R5_D0.04,19,19,0.02592192491081772,0.02592192491081772,0.0,0.0,1,4,"[[-1, 0], [1], [-1, 2]]","[86, 98, 88]","[0.002900705345511466, 0.03279147763415743, 0.002900705345511466]",0.0005,198,21.9
focus_dev_partial_COMPAT_O1301_N2_P0.2_B4_T0.4_S0_R5_D0.04,134,134,0.03744173394715578,0.03744173394715578,0.0,0.0,1,1,"[[0], [1], [2]]","[0, 0, 0]","[0.003487961161124542, 0.21215969125117692, 0.003487961161124542]",0.0005,0,2.1
focus_dev_partial_COMPAT_O1301_N2_P0.2_B4_T0.4_S0_R5_D0.04,19,19,0.025335992033421233,0.025335992033421233,0.0,0.0,1,4,"[[0, 1], [1], [-1, 2]]","[1, 1, 0]","[0.002900532238241299, 0.030133128158114152, 0.002900532238241299]",0.0005,2,2.3
focus_dev_partial_COMPAT_O1301_N2_P0.2_B4_T0.4_S0_R5_D0.04,19,19,0.024407975759926235,0.024407975759926235,0.0,0.0,1,4,"[[-1, 0], [1], [-1, 2]]","[1, 2, 0]","[0.0029007051967095475, 0.026307159488544733, 0.0029007051967095475]",0.0005,4,2.5
focus_dev_partial_COMPAT_O1301_N2_P0.2_B4_T0.4_S0_R5_D0.04,19,19,0.02500071576828122,0.02500071576828122,0.0,0.0,1,4,"[[-1, 0], [1], [-1, 2]]","[1, 3, 0]","[0.002900705345383557, 0.028697916000516525, 0.002900705345383557]",0.0005,6,2.7
focus_dev_partial_COMPAT_O1301_N2_P0.2_B4_T0.4_S0_R5_D0.04,19,19,0.024948840776696294,0.024948840776696294,0.0,0.0,1,4,"[[-1, 0], [1], [-1, 2]]","[1, 4, 0]","[0.002900705345511357, 0.028481507466243602, 0.002900705345511357]",0.0005,8,2.9
focus_dev_partial_COMPAT_O1301_N2_P0.2_B4_T0.4_S0_R5_D0.04,19,19,0.024950687782404085,0.024950687782404085,0.0,0.0,1,4,"[[-1, 0], [1], [-1, 2]]","[1, 5, 3]","[0.0029007053455114653, 0.028560593669694587, 0.0028835551767458487]",0.0005,10,3.1
focus_dev_partial_COMPAT_O1301_N2_P0.2_B4_T0.4_S0_R5_D0.04,19,19,0.024980022665533456,0.024980022665533456,0.0,0.0,1,4,"[[-1, 0], [1], [-1, 2]]","[1, 6, 3]","[0.002900705345511466, 0.02861148104347378, 0.0029006905907204097]",0.0005,12,3.3
focus_dev_partial_COMPAT_O1301_N2_P0.2_B4_T0.4_S0_R5_D0.04,19,19,0.022670155461890485,0.022670155461890485,0.0,0.0,1,4,"[[-1, 0], [1], [-1, 2]]","[1, 7, 3]","[0.002900705345511466, 0.020214000329872937, 0.0029007053328284414]",0.0005,14,3.5
focus_dev_partial_COMPAT_O1301_N2_P0.2_B4_T0.4_S0_R5_D0.04,19,19,0.022509420096671996,0.022509420096671996,0.0,0.0,1,4,"[[-1, 0], [1], [-1, 2]]","[1, 8, 3]","[0.002900705345511466, 0.01971086480411926, 0.002900705345500563]",0.0005,16,3.7
focus_dev_partial_COMPAT_O1301_N2_P0.2_B4_T0.4_S0_R5_D0.04,19,19,0.02472140481042087,0.02472140481042087,0.0,0.0,1,4,"[[-1, 0], [1], [-1, 2]]","[1, 9, 3]","[0.002900705345511466, 0.027549242570972438, 0.0029007053455114566]",0.0005,18,3.9
focus_dev_partial_COMPAT_O1301_N2_P0.2_B4_T0.4_S0_R5_D0.04,19,19,0.02239510134608,0.02239510134608,0.0,0.0,1,4,"[[-1, 0], [1], [-1, 2]]","[7, 10, 3]","[0.002883303380975559, 0.019411953202945406, 0.002900705345511466]",0.0005,20,4.1
focus_dev_partial_COMPAT_O1301_N2_P0.2_B4_T0.4_S0_R5_D0.04,19,19,0.0226037562678911,0.0226037562678911,0.0,0.0,1,4,"[[-1, 0], [1], [-1, 2]]","[7, 11, 3]","[0.002900690373903159, 0.02000507484832349, 0.002900705345511466]",0.0005,22,4.3
focus_dev_partial_COMPAT_O1301_N2_P0.2_B4_T0.4_S0_R5_D0.04,19,19,0.02236055532672998,0.02236055532672998,0.0,0.0,1,4,"[[-1, 0], [1], [-1, 2]]","[7, 12, 3]","[0.002900705332642068, 0.019253094616537528, 0.002900705345511466]",0.0005,24,4.5
focus_dev_partial_COMPAT_O1301_N2_P0.2_B4_T0.4_S0_R5_D0.04,19,19,0.02410111913704561,0.02410111913704561,0.0,0.0,1,4,"[[-1, 0], [1], [-1, 2]]","[7, 13, 3]","[0.0029007053455004043, 0.025136800748096898, 0.002900705345511466]",0.0005,26,4.7
focus_dev_partial_COMPAT_O1301_N2_P0.2_B4_T0.4_S0_R5_D0.04,19,19,0.024834862880702892,0.024834862880702892,0.0,0.0,1,4,"[[-1, 0], [1], [-1, 2]]","[7, 14, 3]","[0.0029007053455114558, 0.02801097525592799, 0.002900705345511466]",0.0005,28,4.9
focus_dev_partial_COMPAT_O1301_N2_P0.2_B4_T0.4_S0_R5_D0.04,19,19,0.024887879956609432,0.024887879956609432,0.0,0.0,1,4,"[[-1, 0], [1], [-1, 2]]","[7, 15, 3]","[0.002900705345511466, 0.02822900305857058, 0.002900705345511466]",0.0005,30,5.1
focus_dev_partial_COMPAT_O1301_N2_P0.2_B4_T0.4_S0_R5_D0.04,19,19,0.025028269039771487,0.025028269039771487,0.0,0.0,1,4,"[[-1, 0], [1], [-1, 2]]","[7, 16, 3]","[0.002900705345511466, 0.028813440696219047, 0.002900705345511466]",0.0005,32,5.3
focus_dev_partial_COMPAT_O1301_N2_P0.2_B4_T0.4_S0_R5_D0.04,19,19,0.022617085380714025,0.022617085380714025,0.0,0.0,1,4,"[[-1, 0], [1], [-1, 2]]","[7, 17, 3]","[0.002900705345511466, 0.02004684928901393, 0.002900705345511466]",0.0005,34,5.5
focus_dev_partial_COMPAT_O1301_N2_P0.2_B4_T0.4_S0_R5_D0.04,19,19,0.02424071149570637,0.02424071149570637,0.0,0.0,1,4,"[[-1, 0], [1], [-1, 2]]","[7, 18, 3]","[0.002900705345511466, 0.02566375380994437, 0.002900705345511466]",0.0005,36,5.7
focus_dev_partial_COMPAT_O1301_N2_P0.2_B4_T0.4_S0_R5_D0.04,19,19,0.02414373936124286,0.02414373936124286,0.0,0.0,1,4,"[[-1, 0], [1], [-1, 2]]","[7, 19, 3]","[0.002900705345511466, 0.02529673798737465, 0.002900705345511466]",0.0005,38,5.9
focus_dev_partial_COMPAT_O1301_N2_P0.2_B4_T0.4_S0_R5_D0.04,19,19,0.024987327259548404,0.024987327259548404,0.0,0.0,1,4,"[[-1, 0], [1], [-1, 2]]","[7, 20, 3]","[0.002900705345511466, 0.028641926537061727, 0.002900705345511466]",0.0005,40,6.1
focus_dev_partial_COMPAT_O1301_N2_P0.2_B4_T0.4_S0_R5_D0.04,19,19,0.02481059728546188,0.02481059728546188,0.0,0.0,1,4,"[[-1, 0], [1], [-1, 2]]","[7, 21, 3]","[0.002900705345511466, 0.027911669551278502, 0.002900705345511466]",0.0005,42,6.3
focus_dev_partial_COMPAT_O1301_N2_P0.2_B4_T0.4_S0_R5_D0.04,19,19,0.024903081021243934,0.024903081021243934,0.0,0.0,1,4,"[[-1, 0], [1], [-1, 2]]","[7, 22, 3]","[0.002900705345511466, 0.028291785255048833, 0.002900705345511466]",0.0005,44,6.5
focus_dev_partial_COMPAT_O1301_N2_P0.2_B4_T0.4_S0_R5_D0.04,19,19,0.02509309611452165,0.02509309611452165,0.0,0.0,1,4,"[[-1, 0], [1], [-1, 2]]","[7, 23, 3]","[0.002900705345511466, 0.029086846162373576, 0.002900705345511466]",0.0005,46,6.7
focus_dev_partial_COMPAT_O1301_N2_P0.2_B4_T0.4_S0_R5_D0.04,19,19,0.02488681939445066,0.02488681939445066,0.0,0.0,1,4,"[[-1, 0], [1], [-1, 2]]","[7, 24, 3]","[0.002900705345511466, 0.028224627302312157, 0.002900705345511466]",0.0005,48,6.9
focus_dev_partial_COMPAT_O1301_N2_P0.2_B4_T0.4_S0_R5_D0.04,19,19,0.022690681636850417,0.022690681636850417,0.0,0.0,1,4,"[[-1, 0], [1], [-1, 2]]","[7, 25, 3]","[0.002900705345511466, 0.020278925005283974, 0.002900705345511466]",0.0005,50,7.1
focus_dev_partial_COMPAT_O1301_N2_P0.2_B4_T0.4_S0_R5_D0.04,19,19,0.022591767134116893,0.022591767134116893,0.0,0.0,1,4,"[[-1, 0], [1], [-1, 2]]","[7, 26, 3]","[0.002900705345511466, 0.019967465630359796, 0.002900705345511466]",0.0005,52,7.3
focus_dev_partial_COMPAT_O1301_N2_P0.2_B4_T0.4_S0_R5_D0.04,19,19,0.022645446165273857,0.022645446165273857,0.0,0.0,1,4,"[[-1, 0], [1], [-1, 2]]","[7, 27, 3]","[0.002900705345511466, 0.020136047964264905, 0.002900705345511466]",0.0005,54,7.5
focus_dev_partial_COMPAT_O1301_N2_P0.2_B4_T0.4_S0_R5_D0.04,19,19,0.024773063640937353,0.024773063640937353,0.0,0.0,1,4,"[[-1, 0], [1], [-1, 2]]","[23, 28, 3]","[0.0029007011372185025, 0.02775867725321556, 0.002900705345511466]",0.0005,56,7.7
focus_dev_partial_COMPAT_O1301_N2_P0.2_B4_T0.4_S0_R5_D0.04,19,19,0.022841941175126217,0.022841941175126217,0.0,0.0,1,4,"[[-1, 0], [1], [-1, 2]]","[23, 29, 3]","[0.002900705341894074, 0.020762144007486605, 0.002900705345511466]",0.0005,58,7.9
focus_dev_partial_COMPAT_O1301_N2_P0.2_B4_T0.4_S0_R5_D0.04,19,19,0.024738833107440125,0.024738833107440125,0.0,0.0,1,4,"[[-1, 0], [1], [-1, 2]]","[23, 30, 28]","[0.0029007053455083567, 0.027620324227349814, 0.0029005618103847175]",0.0005,60,8.1
focus_dev_partial_COMPAT_O1301_N2_P0.2_B4_T0.4_S0_R5_D0.04,19,19,0.024577023294886355,0.024577023294886355,0.0,0.0,1,4,"[[-1, 0], [1], [-1, 2]]","[23, 31, 28]","[0.002900705345511464, 0.026971060796326368, 0.0029007052221297585]",0.0005,62,8.3
focus_dev_partial_COMPAT_O1301_N2_P0.2_B4_T0.4_S0_R5_D0.04,63,63,0.02144718613289199,0.02144718613289199,0.0020276186034628094,0.0020276186034628094,1,4,"[[-1, 0], [1], [-1, 2]]","[23, 32, 28]","[0.015924302038672362, 0.003152486922345194, 0.0029007053454054095]",0.0005,64,8.5
focus_dev_partial_COMPAT_O1301_N2_P0.2_B4_T0.4_S0_R5_D0.04,63,63,0.026539383087546723,0.026539383087546723,0.0,0.0,1,8,"[[-1, 0], [-1, 1], [-1, 2]]","[23, 32, 28]","[0.03582755381459292, 0.0029007543407554943, 0.002900705345511374]",0.0005,66,8.7
focus_dev_partial_COMPAT_O1301_N2_P0.2_B4_T0.4_S0_R5_D0.04,63,63,0.028541493401187418,0.028541493401187418,0.0,0.0,1,4,"[[0], [-1, 1], [-1, 2]]","[23, 32, 28]","[0.04771120162683196, 0.0029007053876269986, 0.002900705345511466]",0.0005,68,8.9
focus_dev_partial_COMPAT_O1301_N2_P0.2_B4_T0.4_S0_R5_D0.04,63,63,0.026749103810832942,0.026749103810832942,0.0,0.0,1,4,"[[0], [-1, 1], [-1, 2]]","[32, 32, 28]","[0.03691859500642916, 0.002900705345547668, 0.002900705345511466]",0.0005,70,9.1
focus_dev_partial_COMPAT_O1301_N2_P0.2_B4_T0.4_S0_R5_D0.04,6,6,0.024398606372376227,0.024398606372376227,0.0,0.0,1,4,"[[0], [-1, 1], [-1, 2]]","[32, 32, 28]","[0.0028858559940123114, 0.0029007053455114974, 0.026328462761307906]",0.0005,72,9.3
focus_dev_partial_COMPAT_O1301_N2_P0.2_B4_T0.4_S0_R5_D0.04,6,6,0.02728850824939709,0.02728850824939709,0.0,0.0,1,4,"[[-1, 0], [-1, 1], [2]]","[36, 32, 28]","[0.0029005502590396166, 0.0029007053455114666, 0.03987642482517313]",0.0005,74,9.5
focus_dev_partial_COMPAT_O1301_N2_P0.2_B4_T0.4_S0_R5_D0.04,6,6,0.02254046308251044,0.02254046308251044,0.0,0.0,1,4,"[[-1, 0], [-1, 1], [2]]","[36, 32, 38]","[0.002900705212200233, 0.002900705345511466, 0.019807312939163307]",0.0005,76,9.7
focus_dev_partial_COMPAT_O1301_N2_P0.2_B4_T0.4_S0_R5_D0.04,6,6,0.02441487071936204,0.02441487071936204,0.0,0.0,1,4,"[[-1, 0], [-1, 1], [2]]","[36, 36, 39]","[0.0029007053453968734, 0.002900204992939919, 0.02633591245074541]",0.0005,78,9.9
focus_dev_partial_COMPAT_O1301_N2_P0.2_B4_T0.4_S0_R5_D0.04,6,6,0.02496079499928789,0.02496079499928789,0.0,0.0,1,4,"[[-1, 0], [-1, 1], [2]]","[36, 36, 40]","[0.002900705345511367, 0.00290070491540446, 0.028531253116123933]",0.0005,80,10.1
focus_dev_partial_COMPAT_O1301_N2_P0.2_B4_T0.4_S0_R5_D0.04,6,6,0.02484601224519527,0.02484601224519527,0.0,0.0,1,4,"[[-1, 0], [-1, 1], [2]]","[36, 36, 41]","[0.0029007053455114653, 0.002900705345141751, 0.028056705187335714]",0.0005,82,10.3
focus_dev_partial_COMPAT_O1301_N2_P0.2_B4_T0.4_S0_R5_D0.04,6,6,0.025034511535942102,0.025034511535942102,0.0,0.0,1,4,"[[-1, 0], [-1, 1], [2]]","[38, 36, 42]","[0.002900701137218502, 0.0029007053455111487, 0.028839687948675804]",0.0005,84,10.5
focus_dev_partial_COMPAT_O1301_N2_P0.2_B4_T0.4_S0_R5_D0.04,6,6,0.022764303765425355,0.022764303765425355,0.0,0.0,1,4,"[[-1, 0], [-1, 1], [2]]","[38, 36, 43]","[0.002900705341894074, 0.002900705345511465, 0.020513063978313352]",0.0005,86,10.7
focus_dev_partial_COMPAT_O1301_N2_P0.2_B4_T0.4_S0_R5_D0.04,6,6,0.024726756024214997,0.024726756024214997,0.0,0.0,1,4,"[[-1, 0], [-1, 1], [2]]","[41, 36, 44]","[0.002900701137215691, 0.002900705345511466, 0.02757088978402134]",0.0005,88,10.9
focus_dev_partial_COMPAT_O1301_N2_P0.2_B4_T0.4_S0_R5_D0.04,6,6,0.025003801260158727,0.025003801260158727,0.0,0.0,1,4,"[[-1, 0], [-1, 1], [2]]","[41, 36, 45]","[0.0029007011339479563, 0.002900705345511466, 0.02871085034387384]",0.0005,90,11.1
focus_dev_partial_COMPAT_O1301_N2_P0.2_B4_T0.4_S0_R5_D0.04,6,6,0.025044275035704628,0.025044275035704628,0.0,0.0,1,4,"[[-1, 0], [-1, 1], [2]]","[41, 36, 46]","[0.0029007053418912635, 0.002900705345511466, 0.028880736018259183]",0.0005,92,11.3
focus_dev_partial_COMPAT_O1301_N2_P0.2_B4_T0.4_S0_R5_D0.04,6,6,0.02260000631980773,0.02260000631980773,0.0,0.0,1,4,"[[-1, 0], [-1, 1], [2]]","[41, 45, 47]","[0.002900705345508354, 0.0029005618103847175, 0.01999372346859395]",0.0005,94,11.5
focus_dev_partial_COMPAT_O1301_N2_P0.2_B4_T0.4_S0_R5_D0.04,6,6,0.022412768530236927,0.022412768530236927,0.0,0.0,1,4,"[[-1, 0], [-1, 1], [2]]","[46, 45, 48]","[0.002883310304218191, 0.0029007052221297585, 0.01946617455393293]",0.0005,96,11.7
focus_dev_partial_COMPAT_O1301_N2_P0.2_B4_T0.4_S0_R5_D0.04,6,6,0.0245966842782504,0.0245966842782504,0.0,0.0,1,4,"[[-1, 0], [-1, 1], [2]]","[46, 45, 49]","[0.0029006903798647226, 0.0029007053454054095, 0.02704924245256439]",0.0005,98,11.9
focus_dev_partial_COMPAT_O1301_N2_P0.2_B4_T0.4_S0_R5_D0.04,6,6,0.02288640389676369,0.02288640389676369,0.0,0.0,1,4,"[[-1, 0], [-1, 1], [2]]","[46, 47, 50]","[0.0029007053326471923, 0.0029002049929398566, 0.020907426045813894]",0.0005,100,12.1
focus_dev_partial_COMPAT_O1301_N2_P0.2_B4_T0.4_S0_R5_D0.04,6,6,0.024001254315073953,0.024001254315073953,0.0,0.0,1,4,"[[-1, 0], [-1, 1], [2]]","[46, 47, 51]","[0.0029007053455004073, 0.00290070491540446, 0.024765281995731254]",0.0005,102,12.3
focus_dev_partial_COMPAT_O1301_N2_P0.2_B4_T0.4_S0_R5_D0.04,6,6,0.024608382203538347,0.024608382203538347,0.0,0.0,1,4,"[[-1, 0], [-1, 1], [2]]","[46, 47, 52]","[0.0029007053455114558, 0.0029007011368842373, 0.0270957719772639]",0.0005,104,12.5
focus_dev_partial_COMPAT_O1301_N2_P0.2_B4_T0.4_S0_R5_D0.04,6,6,0.022548585659780795,0.022548585659780795,0.0,0.0,1,4,"[[-1, 0], [-1, 1], [2]]","[46, 47, 53]","[0.002900705345511466, 0.0029007053418937867, 0.019832605454682163]",0.0005,106,12.7
focus_dev_partial_COMPAT_O1301_N2_P0.2_B4_T0.4_S0_R5_D0.04,6,6,0.02415880562660501,0.02415880562660501,0.0,0.0,1,4,"[[-1, 0], [-1, 1], [2]]","[50, 47, 54]","[0.002900204992939919, 0.002900705345508357, 0.02535536112014187]",0.0005,108,12.9
focus_dev_partial_COMPAT_O1301_N2_P0.2_B4_T0.4_S0_R5_D0.04,6,6,0.024879387131163767,0.024879387131163767,0.0,0.0,1,4,"[[-1, 0], [-1, 1], [2]]","[50, 47, 55]","[0.0029002046976009644, 0.002900705345511464, 0.028196042669223386]",0.0005,110,13.1
focus_dev_partial_COMPAT_O1301_N2_P0.2_B4_T0.4_S0_R5_D0.04,6,6,0.0226871014897747,0.0226871014897747,0.0,0.0,1,4,"[[-1, 0], [-1, 1], [2]]","[50, 47, 56]","[0.002900704915150578, 0.002900705345511466, 0.020267591209436556]",0.0005,112,13.3
focus_dev_partial_COMPAT_O1301_N2_P0.2_B4_T0.4_S0_R5_D0.04,6,6,0.022370438679969774,0.022370438679969774,0.0,0.0,1,4,"[[-1, 0], [-1, 1], [2]]","[50, 47, 57]","[0.002900705345141533, 0.002900705345511466, 0.019283245587533644]",0.0005,114,13.5
focus_dev_partial_COMPAT_O1301_N2_P0.2_B4_T0.4_S0_R5_D0.04,6,6,0.022621009216950667,0.022621009216950667,0.0,0.0,1,4,"[[-1, 0], [-1, 1], [2]]","[50, 47, 58]","[0.0029007053455111474, 0.002900705345511466, 0.020059172940897346]",0.0005,116,13.7
focus_dev_partial_COMPAT_O1301_N2_P0.2_B4_T0.4_S0_R5_D0.04,6,6,0.022615873195052233,0.022615873195052233,0.0,0.0,1,4,"[[-1, 0], [-1, 1], [2]]","[50, 47, 59]","[0.002900705345511465, 0.002900705345511466, 0.02004304328515555]",0.0005,118,13.9
focus_dev_partial_COMPAT_O1301_N2_P0.2_B4_T0.4_S0_R5_D0.04,6,6,0.022539997850917155,0.022539997850917155,0.0,0.0,1,4,"[[-1, 0], [-1, 1], [2]]","[50, 47, 60]","[0.002900705345511466, 0.002900705345511466, 0.019805864552701273]",0.0005,120,14.1
focus_dev_partial_COMPAT_O1301_N2_P0.2_B4_T0.4_S0_R5_D0.04,6,6,0.022575089470258092,0.022575089470258092,0.0,0.0,1,4,"[[-1, 0], [-1, 1], [2]]","[50, 47, 61]","[0.002900705345511466, 0.002900705345511466, 0.019915300172440482]",0.0005,122,14.3
focus_dev_partial_COMPAT_O1301_N2_P0.2_B4_T0.4_S0_R5_D0.04,19,19,0.021355170458843636,0.021355170458843636,0.0019677716653008284,0.0019677716653008284,1,4,"[[-1, 0], [-1, 1], [2]]","[50, 47, 62]","[0.002900705345511466, 0.01606097500748973, 0.0030095261758959595]",0.0005,124,14.5
focus_dev_partial_COMPAT_O1301_N2_P0.2_B4_T0.4_S0_R5_D0.04,19,19,0.02661495415651683,0.02661495415651683,0.0,0.0,1,8,"[[-1, 0], [-1, 1], [-1, 2]]","[50, 47, 62]","[0.002900705345511466, 0.03621753744217982, 0.0029006457884406295]",0.0005,126,14.7
focus_dev_partial_COMPAT_O1301_N2_P0.2_B4_T0.4_S0_R5_D0.04,63,63,0.024336432988590676,0.024336432988590676,0.0,0.0,1,4,"[[-1, 0], [1], [-1, 2]]","[50, 63, 62]","[0.02600210334288241, 0.0029080382182677285, 0.002900705294316875]",0.0005,128,14.9
focus_dev_partial_COMPAT_O1301_N2_P0.2_B4_T0.4_S0_R5_D0.04,63,63,0.027351948938470406,0.027351948938470406,0.0,0.0,1,4,"[[0], [-1, 1], [-1, 2]]","[50, 64, 62]","[0.04023923357336975, 0.00290056750644456, 0.0029007053454674593]",0.0005,130,15.1
focus_dev_partial_COMPAT_O1301_N2_P0.2_B4_T0.4_S0_R5_D0.04,63,63,0.02264931834603156,0.02264931834603156,0.0,0.0,1,4,"[[0], [-1, 1], [-1, 2]]","[62, 64, 62]","[0.02014824953187944, 0.0029007052270260836, 0.0029007053455114276]",0.0005,132,15.3
focus_dev_partial_COMPAT_O1301_N2_P0.2_B4_T0.4_S0_R5_D0.04,63,63,0.024281624216795507,0.024281624216795507,0.0,0.0,1,4,"[[0], [-1, 1], [-1, 2]]","[67, 64, 62]","[0.025819910314674153, 0.002900705345409617, 0.002900705345511466]",0.0005,134,15.5
focus_dev_partial_COMPAT_O1301_N2_P0.2_B4_T0.4_S0_R5_D0.04,63,63,0.02485273846761138,0.02485273846761138,0.0,0.0,1,4,"[[0], [-1, 1], [-1, 2]]","[68, 64, 62]","[0.02808432432790822, 0.0029007053455113786, 0.002900705345511466]",0.0005,136,15.7
focus_dev_partial_COMPAT_O1301_N2_P0.2_B4_T0.4_S0_R5_D0.04,63,63,0.024671033592022516,0.024671033592022516,0.0,0.0,1,4,"[[0], [-1, 1], [-1, 2]]","[69, 64, 62]","[0.027346344478212624, 0.0029007053455114653, 0.002900705345511466]",0.0005,138,15.9
focus_dev_partial_COMPAT_O1301_N2_P0.2_B4_T0.4_S0_R5_D0.04,63,63,0.027188573309336363,0.027188573309336363,0.0,0.0,1,4,"[[0], [-1, 1], [-1, 2]]","[69, 64, 62]","[0.03931053289305437, 0.002900705345511466, 0.002900705345511466]",0.0005,140,16.1
focus_dev_partial_COMPAT_O1301_N2_P0.2_B4_T0.4_S0_R5_D0.04,63,63,0.025261844285561892,0.025261844285561892,0.0,0.0,1,4,"[[0], [-1, 1], [-1, 2]]","[71, 64, 62]","[0.029809227311213136, 0.002900705345511466, 0.002900705345511466]",0.0005,142,16.3
focus_dev_partial_COMPAT_O1301_N2_P0.2_B4_T0.4_S0_R5_D0.04,63,63,0.027945417531424932,0.027945417531424932,0.0,0.0,1,4,"[[0], [-1, 1], [-1, 2]]","[71, 70, 62]","[0.04390824609627461, 0.0028835551767458496, 0.002900705345511466]",0.0005,144,16.5
focus_dev_partial_COMPAT_O1301_N2_P0.2_B4_T0.4_S0_R5_D0.04,63,63,0.02431393475687897,0.02431393475687897,0.0,0.0,1,4,"[[0], [-1, 1], [-1, 2]]","[73, 70, 62]","[0.025943845879735184, 0.0029006905907204097, 0.002900705345511466]",0.0005,146,16.7
focus_dev_partial_COMPAT_O1301_N2_P0.2_B4_T0.4_S0_R5_D0.04,63,63,0.027306903003136103,0.027306903003136103,0.0,0.0,1,4,"[[0], [-1, 1], [-1, 2]]","[73, 70, 62]","[0.03998042512493571, 0.0029007053328284414, 0.002900705345511466]",0.0005,148,16.9
focus_dev_partial_COMPAT_O1301_N2_P0.2_B4_T0.4_S0_R5_D0.04,6,6,0.021451920319392557,0.021451920319392557,0.0021876406192767456,0.0021876406192767456,2,4,"[[0], [-1, 1], [-1, 2]]","[73, 70, 62]","[0.0032962983114252263, 0.002900705345500563, 0.01555508037174699]",0.0005,150,17.1
focus_dev_partial_COMPAT_O1301_N2_P0.2_B4_T0.4_S0_R5_D0.04,6,6,0.024568802244687892,0.024568802244687892,0.0,0.0,1,4,"[[-1, 0], [-1, 1], [2]]","[73, 70, 76]","[0.00290103875014348, 0.0029007053455114566, 0.02693712890867649]",0.0005,152,17.3
focus_dev_partial_COMPAT_O1301_N2_P0.2_B4_T0.4_S0_R5_D0.04,6,6,0.025052851111519354,0.025052851111519354,0.0,0.0,1,4,"[[-1, 0], [-1, 1], [2]]","[73, 70, 76]","[0.0029007056320966766, 0.002900705345511466, 0.028916848222867976]",0.0005,154,17.5
focus_dev_partial_COMPAT_O1301_N2_P0.2_B4_T0.4_S0_R5_D0.04,6,6,0.024834020995662683,0.024834020995662683,0.0,0.0,1,4,"[[-1, 0], [-1, 1], [2]]","[73, 70, 76]","[0.00290070534575781, 0.002900705345511466, 0.028007524806509126]",0.0005,156,17.7
focus_dev_partial_COMPAT_O1301_N2_P0.2_B4_T0.4_S0_R5_D0.04,6,6,0.024690938363757697,0.024690938363757697,0.0,0.0,1,4,"[[-1, 0], [-1, 1], [2]]","[73, 70, 76]","[0.002900705345511678, 0.002900705345511466, 0.027426369372734086]",0.0005,158,17.9
focus_dev_partial_COMPAT_O1301_N2_P0.2_B4_T0.4_S0_R5_D0.04,6,6,0.02501525192766317,0.02501525192766317,0.0,0.0,1,4,"[[-1, 0], [-1, 1], [2]]","[73, 70, 76]","[0.0029007053455114653, 0.002900705345511466, 0.02875881253355404]",0.0005,160,18.1
focus_dev_partial_COMPAT_O1301_N2_P0.2_B4_T0.4_S0_R5_D0.04,6,6,0.025023020877148063,0.025023020877148063,0.0,0.0,1,4,"[[-1, 0], [-1, 1], [2]]","[73, 70, 81]","[0.002900705345511466, 0.002900705345511466, 0.028791405176803446]",0.0005,162,18.3
focus_dev_partial_COMPAT_O1301_N2_P0.2_B4_T0.4_S0_R5_D0.04,6,6,0.02495933652509473,0.02495933652509473,0.0,0.0,1,4,"[[-1, 0], [-1, 1], [2]]","[73, 70, 82]","[0.002900705345511466, 0.002900705345511466, 0.028525178298236115]",0.0005,164,18.5
focus_dev_partial_COMPAT_O1301_N2_P0.2_B4_T0.4_S0_R5_D0.04,6,6,0.024755747029524985,0.024755747029524985,0.0,0.0,1,4,"[[-1, 0], [-1, 1], [2]]","[73, 70, 83]","[0.002900705345511466, 0.002900705345511466, 0.027688309938196994]",0.0005,166,18.7
focus_dev_partial_COMPAT_O1301_N2_P0.2_B4_T0.4_S0_R5_D0.04,6,6,0.022645045216030214,0.022645045216030214,0.0,0.0,1,4,"[[-1, 0], [-1, 1], [2]]","[73, 70, 84]","[0.002900705345511466, 0.002900705345511466, 0.02013478488929767]",0.0005,168,18.9
focus_dev_partial_COMPAT_O1301_N2_P0.2_B4_T0.4_S0_R5_D0.04,6,6,0.022554629605546436,0.022554629605546436,0.0,0.0,1,4,"[[-1, 0], [-1, 1], [2]]","[73, 70, 85]","[0.002900705345511466, 0.002900705345511466, 0.01985144103062205]",0.0005,170,19.1
focus_dev_partial_COMPAT_O1301_N2_P0.2_B4_T0.4_S0_R5_D0.04,6,6,0.024322085285127863,0.024322085285127863,0.0,0.0,1,4,"[[-1, 0], [-1, 1], [2]]","[73, 70, 86]","[0.002900705345511466, 0.002900705345511466, 0.025975116150990747]",0.0005,172,19.3
focus_dev_partial_COMPAT_O1301_N2_P0.2_B4_T0.4_S0_R5_D0.04,6,6,0.024950278947554198,0.024950278947554198,0.0,0.0,1,4,"[[-1, 0], [-1, 1], [2]]","[73, 70, 87]","[0.002900705345511466, 0.002900705345511466, 0.02848748799668754]",0.0005,174,19.5
focus_dev_partial_COMPAT_O1301_N2_P0.2_B4_T0.4_S0_R5_D0.04,19,19,0.02147486005601408,0.02147486005601408,0.0019948067498105904,0.0019948067498105904,1,4,"[[-1, 0], [-1, 1], [2]]","[73, 70, 88]","[0.002900705345511466, 0.015999327650716363, 0.0031521594279860566]",0.0005,176,19.7
focus_dev_partial_COMPAT_O1301_N2_P0.2_B4_T0.4_S0_R5_D0.04,19,19,0.022597927967552337,0.022597927967552337,0.0,0.0,1,4,"[[-1, 0], [1], [-1, 2]]","[73, 89, 88]","[0.002900705345511466, 0.019986608478842805, 0.0029007540943464193]",0.0005,178,19.9
focus_dev_partial_COMPAT_O1301_N2_P0.2_B4_T0.4_S0_R5_D0.04,19,19,0.02242756906471801,0.02242756906471801,0.0,0.0,1,4,"[[-1, 0], [1], [-1, 2]]","[88, 90, 88]","[0.002900204992939919, 0.019459738793026125, 0.0029007053874151884]",0.0005,180,20.1
focus_dev_partial_COMPAT_O1301_N2_P0.2_B4_T0.4_S0_R5_D0.04,19,19,0.02263836428868262,0.02263836428868262,0.0,0.0,1,4,"[[-1, 0], [1], [-1, 2]]","[88, 91, 88]","[0.00290070491540446, 0.020113748497076537, 0.0029007053455474855]",0.0005,182,20.3
focus_dev_partial_COMPAT_O1301_N2_P0.2_B4_T0.4_S0_R5_D0.04,19,19,0.02264448982503335,0.02264448982503335,0.0,0.0,1,4,"[[-1, 0], [1], [-1, 2]]","[88, 92, 88]","[0.002900705345141751, 0.020133035387738855, 0.002900705345511497]",0.0005,184,20.5
focus_dev_partial_COMPAT_O1301_N2_P0.2_B4_T0.4_S0_R5_D0.04,19,19,0.02432654436928667,0.02432654436928667,0.0,0.0,1,4,"[[-1, 0], [1], [-1, 2]]","[88, 93, 88]","[0.0029007053455111487, 0.02599226814987827, 0.0029007053455114666]",0.0005,186,20.7
focus_dev_partial_COMPAT_O1301_N2_P0.2_B4_T0.4_S0_R5_D0.04,19,19,0.024839567559715413,0.024839567559715413,0.0,0.0,1,4,"[[-1, 0], [1], [-1, 2]]","[88, 94, 88]","[0.002900705345511465, 0.028030264014867686, 0.002900705345511466]",0.0005,188,20.9
focus_dev_partial_COMPAT_O1301_N2_P0.2_B4_T0.4_S0_R5_D0.04,19,19,0.024966265223427944,0.024966265223427944,0.0,0.0,1,4,"[[-1, 0], [1], [-1, 2]]","[88, 95, 88]","[0.002900705345511466, 0.02855403910320017, 0.002900705345511466]",0.0005,190,21.1
focus_dev_partial_COMPAT_O1301_N2_P0.2_B4_T0.4_S0_R5_D0.04,19,19,0.024898887143735587,0.024898887143735587,0.0,0.0,1,4,"[[-1, 0], [1], [-1, 2]]","[88, 96, 88]","[0.002900705345511466, 0.02827445201524165, 0.002900705345511466]",0.0005,192,21.3
focus_dev_partial_COMPAT_O1301_N2_P0.2_B4_T0.4_S0_R5_D0.04,19,19,0.024701305321687923,0.024701305321687923,0.0,0.0,1,4,"[[-1, 0], [1], [-1, 2]]","[94, 97, 88]","[0.002900690675465106, 0.027468186591736596, 0.002900705345511466]",0.0005,194,21.5
focus_dev_partial_COMPAT_O1301_N2_P0.2_B4_T0.4_S0_R5_D0.04,19,19,0.022613878154685945,0.022613878154685945,0.0,0.0,1,4,"[[-1, 0], [1], [-1, 2]]","[94, 98, 88]","[0.0029007053329012868, 0.020036780481287014, 0.002900705345511466]",0.0005,196,21.7
focus_dev_partial_COMPAT_O1301_N2_P0.2_B4_T0.4_S0_R5_D0.04,19,19,0.022555015479735478,0.022555015479735478,0.0,0.0,1,4,"[[-1, 0], [1], [-1, 2]]","[94, 99, 88]","[0.002900705345500626, 0.019852644028365677, 0.002900705345511466]",0.0005,198,21.9
focus_dev_reliable_COMPAT_O1000_N1_P0.5_B4_T1.0_S0_R5_D0.04,134,134,0.04005861238338364,0.04005861238338364,0.0,0.0,1,1,"[[0], [1], [2]]","[0, 0, 0]","[0.003487952734749409, 0.20003958262279878, 0.003487952734749409]",0.0005,0,2.1
focus_dev_reliable_COMPAT_O1000_N1_P0.5_B4_T1.0_S0_R5_D0.04,19,19,0.02492642563588155,0.02492642563588155,0.0,0.0,1,4,"[[0, 1], [1], [-1, 2]]","[0, 1, 0]","[0.0028783828168543126, 0.025084029791304484, 0.0028783828168543126]",0.0005,5,2.6
focus_dev_reliable_COMPAT_O1000_N1_P0.5_B4_T1.0_S0_R5_D0.04,19,19,0.023094275762118102,0.023094275762118102,0.0,0.0,1,4,"[[-1, 0], [1], [-1, 2]]","[1, 2, 0]","[0.0028783828195077994, 0.019554127792337023, 0.0028783828195077994]",0.0005,10,3.1
focus_dev_reliable_COMPAT_O1000_N1_P0.5_B4_T1.0_S0_R5_D0.04,19,19,0.023225693633213425,0.023225693633213425,0.0,0.0,1,4,"[[-1, 0], [1], [-1, 2]]","[1, 3, 0]","[0.0028783828195078002, 0.01991904995889527, 0.0028783828195078002]",0.0005,15,3.6
focus_dev_reliable_COMPAT_O1000_N1_P0.5_B4_T1.0_S0_R5_D0.04,19,19,0.024932101160028575,0.024932101160028575,0.0,0.0,1,4,"[[-1, 0], [1], [-1, 2]]","[1, 4, 0]","[0.0028783828195078002, 0.025102749540191007, 0.0028783828195078002]",0.0005,20,4.1
focus_dev_reliable_COMPAT_O1000_N1_P0.5_B4_T1.0_S0_R5_D0.04,63,63,0.027153045447730347,0.027153045447730347,0.0,0.0,1,4,"[[-1, 0], [1], [-1, 2]]","[1, 5, 0]","[0.0333474772547068, 0.0028739893110803784, 0.0028783828195078002]",0.0005,25,4.6
focus_dev_reliable_COMPAT_O1000_N1_P0.5_B4_T1.0_S0_R5_D0.04,6,6,0.028832460403889554,0.028832460403889554,0.0,0.0,1,4,"[[0], [-1, 1], [-1, 2]]","[6, 5, 0]","[0.002862169176857943, 0.0028783828149662742, 0.04107335580091255]",0.0005,30,5.1
focus_dev_reliable_COMPAT_O1000_N1_P0.5_B4_T1.0_S0_R5_D0.04,6,6,0.023252595990759194,0.023252595990759194,0.0,0.0,1,4,"[[-1, 0], [-1, 1], [2]]","[6, 5, 7]","[0.0028783828034423774, 0.0028783828195077994, 0.019994316934547104]",0.0005,35,5.6
focus_dev_reliable_COMPAT_O1000_N1_P0.5_B4_T1.0_S0_R5_D0.04,6,6,0.025963690660038723,0.025963690660038723,0.0,0.0,1,4,"[[-1, 0], [-1, 1], [2]]","[6, 5, 8]","[0.0028783828195078007, 0.0028783828195078002, 0.02868959503937579]",0.0005,40,6.1
focus_dev_reliable_COMPAT_O1000_N1_P0.5_B4_T1.0_S0_R5_D0.04,6,6,0.02316559888050423,0.02316559888050423,0.0,0.0,1,4,"[[-1, 0], [-1, 1], [2]]","[6, 5, 9]","[0.0028783828195078002, 0.0028783828195078002, 0.019751612510625082]",0.0005,45,6.6
focus_dev_reliable_COMPAT_O1000_N1_P0.5_B4_T1.0_S0_R5_D0.04,6,6,0.023303724766302086,0.023303724766302086,0.0,0.0,1,4,"[[-1, 0], [-1, 1], [2]]","[6, 5, 10]","[0.0028783828195078002, 0.0028783828195078002, 0.020137897007063046]",0.0005,50,7.1
focus_dev_reliable_COMPAT_O1000_N1_P0.5_B4_T1.0_S0_R5_D0.04,6,6,0.023470980099876134,0.023470980099876134,0.0,0.0,1,4,"[[-1, 0], [-1, 1], [2]]","[6, 5, 11]","[0.0028783828195078002, 0.0028783828195078002, 0.020612511678326537]",0.0005,55,7.6
focus_dev_reliable_COMPAT_O1000_N1_P0.5_B4_T1.0_S0_R5_D0.04,6,6,0.023132865055409547,0.023132865055409547,0.0,0.0,1,4,"[[-1, 0], [-1, 1], [2]]","[6, 5, 12]","[0.0028783828195078002, 0.0028783828195078002, 0.019660810520757285]",0.0005,60,8.1
focus_dev_reliable_COMPAT_O1000_N1_P0.5_B4_T1.0_S0_R5_D0.04,6,6,0.023307110717431887,0.023307110717431887,0.0,0.0,1,4,"[[-1, 0], [-1, 1], [2]]","[6, 5, 13]","[0.0028783828195078002, 0.0028783828195078002, 0.02014743019170828]",0.0005,65,8.6
focus_dev_reliable_COMPAT_O1000_N1_P0.5_B4_T1.0_S0_R5_D0.04,6,6,0.023188524417399863,0.023188524417399863,0.0,0.0,1,4,"[[-1, 0], [-1, 1], [2]]","[6, 5, 14]","[0.0028783828195078002, 0.0028783828195078002, 0.01981537527380078]",0.0005,70,9.1
focus_dev_reliable_COMPAT_O1000_N1_P0.5_B4_T1.0_S0_R5_D0.04,6,6,0.024869077381394055,0.024869077381394055,0.0,0.0,1,4,"[[-1, 0], [-1, 1], [2]]","[6, 5, 15]","[0.0028783828195078002, 0.0028783828195078002, 0.024895469117275384]",0.0005,75,9.6
focus_dev_reliable_COMPAT_O1000_N1_P0.5_B4_T1.0_S0_R5_D0.04,6,6,0.022978709535390926,0.022978709535390926,0.0,0.0,1,4,"[[-1, 0], [-1, 1], [2]]","[6, 5, 16]","[0.0028783828195078002, 0.0028783828195078002, 0.01923696330257116]",0.0005,80,10.1
focus_dev_reliable_COMPAT_O1000_N1_P0.5_B4_T1.0_S0_R5_D0.04,6,6,0.02332175099087832,0.02332175099087832,0.0,0.0,1,4,"[[-1, 0], [-1, 1], [2]]","[6, 5, 17]","[0.0028783828195078002, 0.0028783828195078002, 0.02018868551713754]",0.0005,85,10.6
focus_dev_reliable_COMPAT_O1000_N1_P0.5_B4_T1.0_S0_R5_D0.04,6,6,0.0250080447261628,0.0250080447261628,0.0,0.0,1,4,"[[-1, 0], [-1, 1], [2]]","[6, 5, 18]","[0.0028783828195078002, 0.0028783828195078002, 0.02535425976050794]",0.0005,90,11.1
focus_dev_reliable_COMPAT_O1000_N1_P0.5_B4_T1.0_S0_R5_D0.04,6,6,0.023613663573136875,0.023613663573136875,0.0,0.0,1,4,"[[-1, 0], [-1, 1], [2]]","[6, 5, 19]","[0.0028783828195078002, 0.0028783828195078002, 0.021023452299084654]",0.0005,95,11.6
focus_dev_reliable_COMPAT_O1000_N1_P0.5_B4_T1.0_S0_R5_D0.04,6,6,0.02473056306013498,0.02473056306013498,0.0,0.0,1,4,"[[-1, 0], [-1, 1], [2]]","[6, 5, 20]","[0.0028783828195078002, 0.0028783828195078002, 0.024444447274162347]",0.0005,100,12.1
focus_dev_reliable_COMPAT_O1000_N1_P0.5_B4_T1.0_S0_R5_D0.04,19,19,0.025152312914310533,0.025152312914310533,0.0,0.0,1,4,"[[-1, 0], [-1, 1], [2]]","[6, 5, 21]","[0.0028783828195078002, 0.025880473381038244, 0.0028656034349020883]",0.0005,105,12.6
focus_dev_reliable_COMPAT_O1000_N1_P0.5_B4_T1.0_S0_R5_D0.04,19,19,0.026048342608544512,0.026048342608544512,0.0,0.0,1,4,"[[-1, 0], [1], [-1, 2]]","[6, 22, 21]","[0.0028783828195078002, 0.0290010470252711, 0.002878382803520392]",0.0005,110,13.1
focus_dev_reliable_COMPAT_O1000_N1_P0.5_B4_T1.0_S0_R5_D0.04,19,19,0.025727971393557172,0.025727971393557172,0.0,0.0,1,4,"[[-1, 0], [1], [-1, 2]]","[6, 23, 21]","[0.0028783828195078002, 0.02783650896238101, 0.0028783828195078007]",0.0005,115,13.6
focus_dev_reliable_COMPAT_O1000_N1_P0.5_B4_T1.0_S0_R5_D0.04,19,19,0.02307022005655876,0.02307022005655876,0.0,0.0,1,4,"[[-1, 0], [1], [-1, 2]]","[6, 24, 21]","[0.0028783828195078002, 0.019487821637641293, 0.0028783828195078002]",0.0005,120,14.1
focus_dev_reliable_COMPAT_O1000_N1_P0.5_B4_T1.0_S0_R5_D0.04,19,19,0.02306158729061896,0.02306158729061896,0.0,0.0,1,4,"[[-1, 0], [1], [-1, 2]]","[6, 25, 21]","[0.0028783828195078002, 0.019464063513761037, 0.0028783828195078002]",0.0005,125,14.6
focus_dev_reliable_COMPAT_O1000_N1_P0.5_B4_T1.0_S0_R5_D0.04,19,19,0.025734222242868667,0.025734222242868667,0.0,0.0,1,4,"[[-1, 0], [1], [-1, 2]]","[6, 26, 21]","[0.0028783828195078002, 0.02785886590127197, 0.0028783828195078002]",0.0005,130,15.1
focus_dev_reliable_COMPAT_O1000_N1_P0.5_B4_T1.0_S0_R5_D0.04,19,19,0.025908336929688962,0.025908336929688962,0.0,0.0,1,4,"[[-1, 0], [1], [-1, 2]]","[6, 27, 21]","[0.0028783828195078002, 0.028487403851936086, 0.0028783828195078002]",0.0005,135,15.6
focus_dev_reliable_COMPAT_O1000_N1_P0.5_B4_T1.0_S0_R5_D0.04,19,19,0.025386474392402214,0.025386474392402214,0.0,0.0,1,4,"[[-1, 0], [1], [-1, 2]]","[6, 28, 21]","[0.0028783828195078002, 0.02663650546169328, 0.0028783828195078002]",0.0005,140,16.1
focus_dev_reliable_COMPAT_O1000_N1_P0.5_B4_T1.0_S0_R5_D0.04,63,63,0.028627303669824217,0.028627303669824217,0.0,0.0,1,4,"[[-1, 0], [1], [-1, 2]]","[6, 29, 21]","[0.03999872069708228, 0.00287379666916148, 0.0028783828195078002]",0.0005,145,16.6
focus_dev_reliable_COMPAT_O1000_N1_P0.5_B4_T1.0_S0_R5_D0.04,6,6,0.028750251096193558,0.028750251096193558,0.0,0.0,1,4,"[[0], [-1, 1], [-1, 2]]","[30, 29, 21]","[0.002873798718380146, 0.0028783828149607457, 0.04060487528216615]",0.0005,150,17.1
focus_dev_reliable_COMPAT_O1000_N1_P0.5_B4_T1.0_S0_R5_D0.04,6,6,0.02553219114948319,0.02553219114948319,0.0,0.0,1,4,"[[-1, 0], [-1, 1], [2]]","[30, 29, 31]","[0.0028783828149608055, 0.0028783828195077994, 0.027143452004873916]",0.0005,155,17.6
focus_dev_reliable_COMPAT_O1000_N1_P0.5_B4_T1.0_S0_R5_D0.04,6,6,0.022984656840064947,0.022984656840064947,0.0,0.0,1,4,"[[-1, 0], [-1, 1], [2]]","[30, 29, 32]","[0.0028783828195077994, 0.0028783828195078002, 0.019253200687315754]",0.0005,160,18.1
focus_dev_reliable_COMPAT_O1000_N1_P0.5_B4_T1.0_S0_R5_D0.04,6,6,0.026021877539712794,0.026021877539712794,0.0,0.0,1,4,"[[-1, 0], [-1, 1], [2]]","[30, 29, 33]","[0.0028783828195078002, 0.0028783828195078002, 0.028903383595835302]",0.0005,165,18.6
focus_dev_reliable_COMPAT_O1000_N1_P0.5_B4_T1.0_S0_R5_D0.04,6,6,0.02593865980717457,0.02593865980717457,0.0,0.0,1,4,"[[-1, 0], [-1, 1], [2]]","[30, 29, 34]","[0.0028783828195078002, 0.0028783828195078002, 0.028598021654843674]",0.0005,170,19.1
focus_dev_reliable_COMPAT_O1000_N1_P0.5_B4_T1.0_S0_R5_D0.04,6,6,0.025850589664356792,0.025850589664356792,0.0,0.0,1,4,"[[-1, 0], [-1, 1], [2]]","[30, 29, 35]","[0.0028783828195078002, 0.0028783828195078002, 0.028277694554883166]",0.0005,175,19.6
focus_dev_reliable_COMPAT_O1000_N1_P0.5_B4_T1.0_S0_R5_D0.04,6,6,0.02602241954878642,0.02602241954878642,0.0,0.0,1,4,"[[-1, 0], [-1, 1], [2]]","[30, 29, 36]","[0.0028783828195078002, 0.0028783828195078002, 0.028905381078046057]",0.0005,180,20.1
focus_dev_reliable_COMPAT_O1000_N1_P0.5_B4_T1.0_S0_R5_D0.04,6,6,0.025621979311473662,0.025621979311473662,0.0,0.0,1,4,"[[-1, 0], [-1, 1], [2]]","[30, 29, 37]","[0.0028783828195078002, 0.0028783828195078002, 0.02745958206454329]",0.0005,185,20.6
focus_dev_reliable_COMPAT_O1000_N1_P0.5_B4_T1.0_S0_R5_D0.04,6,6,0.026049951022119565,0.026049951022119565,0.0,0.0,1,4,"[[-1, 0], [-1, 1], [2]]","[30, 29, 38]","[0.0028783828195078002, 0.0028783828195078002, 0.029006991077776576]",0.0005,190,21.1
focus_dev_reliable_COMPAT_O1000_N1_P0.5_B4_T1.0_S0_R5_D0.04,63,63,0.028352429472602976,0.028352429472602976,0.0,0.0,1,4,"[[-1, 0], [-1, 1], [2]]","[30, 29, 39]","[0.03867402978225625, 0.0028783828195078002, 0.0028737975521987424]",0.0005,195,21.6
focus_dev_reliable_COMPAT_O1000_N2_P0.5_B4_T1.0_S0_R5_D0.04,134,134,0.04005861238338364,0.04005861238338364,0.0,0.0,1,1,"[[0], [1], [2]]","[0, 0, 0]","[0.003487952734749409, 0.20003958262279878, 0.003487952734749409]",0.0005,0,2.1
focus_dev_reliable_COMPAT_O1000_N2_P0.5_B4_T1.0_S0_R5_D0.04,19,19,0.024926425656981745,0.024926425656981745,0.0,0.0,1,4,"[[0, 1], [1], [-1, 2]]","[0, 1, 0]","[0.002878382837954508, 0.025084029791304484, 0.0028783828168543126]",0.0005,5,2.6
focus_dev_reliable_COMPAT_O1000_N2_P0.5_B4_T1.0_S0_R5_D0.04,19,19,0.023094371402254895,0.023094371402254895,0.0,0.0,1,4,"[[-1, 0], [1], [-1, 2]]","[0, 2, 0]","[0.0028783828195078015, 0.019554391713099382, 0.0028783828195077994]",0.0005,10,3.1
focus_dev_reliable_COMPAT_O1000_N2_P0.5_B4_T1.0_S0_R5_D0.04,19,19,0.023225693646703623,0.023225693646703623,0.0,0.0,1,4,"[[-1, 0], [1], [-1, 2]]","[0, 3, 0]","[0.0028783828195078002, 0.019919049996589576, 0.0028783828195078002]",0.0005,15,3.6
focus_dev_reliable_COMPAT_O1000_N2_P0.5_B4_T1.0_S0_R5_D0.04,19,19,0.02493210116003078,0.02493210116003078,0.0,0.0,1,4,"[[-1, 0], [1], [-1, 2]]","[0, 4, 0]","[0.0028783828195078002, 0.02510274954019827, 0.0028783828195078002]",0.0005,20,4.1
focus_dev_reliable_COMPAT_O1000_N2_P0.5_B4_T1.0_S0_R5_D0.04,63,63,0.02715304544773035,0.02715304544773035,0.0,0.0,1,4,"[[-1, 0], [1], [-1, 2]]","[0, 5, 0]","[0.0333474772547068, 0.0028739893110803797, 0.0028783828195078002]",0.0005,25,4.6
focus_dev_reliable_COMPAT_O1000_N2_P0.5_B4_T1.0_S0_R5_D0.04,6,6,0.028832460403889554,0.028832460403889554,0.0,0.0,1,4,"[[0], [-1, 1], [-1, 2]]","[6, 5, 0]","[0.002862169176857943, 0.0028783828149662742, 0.04107335580091255]",0.0005,30,5.1
focus_dev_reliable_COMPAT_O1000_N2_P0.5_B4_T1.0_S0_R5_D0.04,6,6,0.023252595990759194,0.023252595990759194,0.0,0.0,1,4,"[[-1, 0], [-1, 1], [2]]","[6, 5, 7]","[0.0028783828034423774, 0.0028783828195077994, 0.019994316934547104]",0.0005,35,5.6
focus_dev_reliable_COMPAT_O1000_N2_P0.5_B4_T1.0_S0_R5_D0.04,6,6,0.025963690660038723,0.025963690660038723,0.0,0.0,1,4,"[[-1, 0], [-1, 1], [2]]","[6, 5, 8]","[0.0028783828195078007, 0.0028783828195078002, 0.02868959503937579]",0.0005,40,6.1
focus_dev_reliable_COMPAT_O1000_N2_P0.5_B4_T1.0_S0_R5_D0.04,6,6,0.02316559888050423,0.02316559888050423,0.0,0.0,1,4,"[[-1, 0], [-1, 1], [2]]","[6, 5, 9]","[0.0028783828195078002, 0.0028783828195078002, 0.019751612510625082]",0.0005,45,6.6
focus_dev_reliable_COMPAT_O1000_N2_P0.5_B4_T1.0_S0_R5_D0.04,6,6,0.023303724766302086,0.023303724766302086,0.0,0.0,1,4,"[[-1, 0], [-1, 1], [2]]","[6, 5, 10]","[0.0028783828195078002, 0.0028783828195078002, 0.020137897007063046]",0.0005,50,7.1
focus_dev_reliable_COMPAT_O1000_N2_P0.5_B4_T1.0_S0_R5_D0.04,6,6,0.023470980099876134,0.023470980099876134,0.0,0.0,1,4,"[[-1, 0], [-1, 1], [2]]","[6, 5, 11]","[0.0028783828195078002, 0.0028783828195078002, 0.020612511678326537]",0.0005,55,7.6
focus_dev_reliable_COMPAT_O1000_N2_P0.5_B4_T1.0_S0_R5_D0.04,6,6,0.023132865055409547,0.023132865055409547,0.0,0.0,1,4,"[[-1, 0], [-1, 1], [2]]","[6, 5, 12]","[0.0028783828195078002, 0.0028783828195078002, 0.019660810520757285]",0.0005,60,8.1
focus_dev_reliable_COMPAT_O1000_N2_P0.5_B4_T1.0_S0_R5_D0.04,6,6,0.023307110717431887,0.023307110717431887,0.0,0.0,1,4,"[[-1, 0], [-1, 1], [2]]","[6, 5, 13]","[0.0028783828195078002, 0.0028783828195078002, 0.02014743019170828]",0.0005,65,8.6
focus_dev_reliable_COMPAT_O1000_N2_P0.5_B4_T1.0_S0_R5_D0.04,6,6,0.023188524417399863,0.023188524417399863,0.0,0.0,1,4,"[[-1, 0], [-1, 1], [2]]","[6, 5, 14]","[0.0028783828195078002, 0.0028783828195078002, 0.01981537527380078]",0.0005,70,9.1
focus_dev_reliable_COMPAT_O1000_N2_P0.5_B4_T1.0_S0_R5_D0.04,6,6,0.024869077381394055,0.024869077381394055,0.0,0.0,1,4,"[[-1, 0], [-1, 1], [2]]","[6, 5, 15]","[0.0028783828195078002, 0.0028783828195078002, 0.024895469117275384]",0.0005,75,9.6
focus_dev_reliable_COMPAT_O1000_N2_P0.5_B4_T1.0_S0_R5_D0.04,6,6,0.022978709535390926,0.022978709535390926,0.0,0.0,1,4,"[[-1, 0], [-1, 1], [2]]","[6, 5, 16]","[0.0028783828195078002, 0.0028783828195078002, 0.01923696330257116]",0.0005,80,10.1
focus_dev_reliable_COMPAT_O1000_N2_P0.5_B4_T1.0_S0_R5_D0.04,6,6,0.02332175099087832,0.02332175099087832,0.0,0.0,1,4,"[[-1, 0], [-1, 1], [2]]","[6, 5, 17]","[0.0028783828195078002, 0.0028783828195078002, 0.02018868551713754]",0.0005,85,10.6
focus_dev_reliable_COMPAT_O1000_N2_P0.5_B4_T1.0_S0_R5_D0.04,6,6,0.0250080447261628,0.0250080447261628,0.0,0.0,1,4,"[[-1, 0], [-1, 1], [2]]","[6, 5, 18]","[0.0028783828195078002, 0.0028783828195078002, 0.02535425976050794]",0.0005,90,11.1
focus_dev_reliable_COMPAT_O1000_N2_P0.5_B4_T1.0_S0_R5_D0.04,6,6,0.023613663573136875,0.023613663573136875,0.0,0.0,1,4,"[[-1, 0], [-1, 1], [2]]","[6, 5, 19]","[0.0028783828195078002, 0.0028783828195078002, 0.021023452299084654]",0.0005,95,11.6
focus_dev_reliable_COMPAT_O1000_N2_P0.5_B4_T1.0_S0_R5_D0.04,6,6,0.02473056306013498,0.02473056306013498,0.0,0.0,1,4,"[[-1, 0], [-1, 1], [2]]","[6, 5, 20]","[0.0028783828195078002, 0.0028783828195078002, 0.024444447274162347]",0.0005,100,12.1
focus_dev_reliable_COMPAT_O1000_N2_P0.5_B4_T1.0_S0_R5_D0.04,19,19,0.025152312914310533,0.025152312914310533,0.0,0.0,1,4,"[[-1, 0], [-1, 1], [2]]","[6, 5, 21]","[0.0028783828195078002, 0.025880473381038244, 0.0028656034349020883]",0.0005,105,12.6
focus_dev_reliable_COMPAT_O1000_N2_P0.5_B4_T1.0_S0_R5_D0.04,19,19,0.026048342608544512,0.026048342608544512,0.0,0.0,1,4,"[[-1, 0], [1], [-1, 2]]","[6, 22, 21]","[0.0028783828195078002, 0.0290010470252711, 0.002878382803520392]",0.0005,110,13.1
focus_dev_reliable_COMPAT_O1000_N2_P0.5_B4_T1.0_S0_R5_D0.04,19,19,0.025727971393557172,0.025727971393557172,0.0,0.0,1,4,"[[-1, 0], [1], [-1, 2]]","[6, 23, 21]","[0.0028783828195078002, 0.02783650896238101, 0.0028783828195078007]",0.0005,115,13.6
focus_dev_reliable_COMPAT_O1000_N2_P0.5_B4_T1.0_S0_R5_D0.04,19,19,0.02307022005655876,0.02307022005655876,0.0,0.0,1,4,"[[-1, 0], [1], [-1, 2]]","[6, 24, 21]","[0.0028783828195078002, 0.019487821637641293, 0.0028783828195078002]",0.0005,120,14.1
focus_dev_reliable_COMPAT_O1000_N2_P0.5_B4_T1.0_S0_R5_D0.04,19,19,0.02306158729061896,0.02306158729061896,0.0,0.0,1,4,"[[-1, 0], [1], [-1, 2]]","[6, 25, 21]","[0.0028783828195078002, 0.019464063513761037, 0.0028783828195078002]",0.0005,125,14.6
focus_dev_reliable_COMPAT_O1000_N2_P0.5_B4_T1.0_S0_R5_D0.04,19,19,0.025734222242868667,0.025734222242868667,0.0,0.0,1,4,"[[-1, 0], [1], [-1, 2]]","[6, 26, 21]","[0.0028783828195078002, 0.02785886590127197, 0.0028783828195078002]",0.0005,130,15.1
focus_dev_reliable_COMPAT_O1000_N2_P0.5_B4_T1.0_S0_R5_D0.04,19,19,0.025908336929688962,0.025908336929688962,0.0,0.0,1,4,"[[-1, 0], [1], [-1, 2]]","[6, 27, 21]","[0.0028783828195078002, 0.028487403851936086, 0.0028783828195078002]",0.0005,135,15.6
focus_dev_reliable_COMPAT_O1000_N2_P0.5_B4_T1.0_S0_R5_D0.04,19,19,0.025386474392402214,0.025386474392402214,0.0,0.0,1,4,"[[-1, 0], [1], [-1, 2]]","[6, 28, 21]","[0.0028783828195078002, 0.02663650546169328, 0.0028783828195078002]",0.0005,140,16.1
focus_dev_reliable_COMPAT_O1000_N2_P0.5_B4_T1.0_S0_R5_D0.04,63,63,0.028627303669824217,0.028627303669824217,0.0,0.0,1,4,"[[-1, 0], [1], [-1, 2]]","[6, 29, 21]","[0.03999872069708228, 0.00287379666916148, 0.0028783828195078002]",0.0005,145,16.6
focus_dev_reliable_COMPAT_O1000_N2_P0.5_B4_T1.0_S0_R5_D0.04,6,6,0.028750251096193558,0.028750251096193558,0.0,0.0,1,4,"[[0], [-1, 1], [-1, 2]]","[30, 29, 21]","[0.002873798718380146, 0.0028783828149607457, 0.04060487528216615]",0.0005,150,17.1
focus_dev_reliable_COMPAT_O1000_N2_P0.5_B4_T1.0_S0_R5_D0.04,6,6,0.02553219114948319,0.02553219114948319,0.0,0.0,1,4,"[[-1, 0], [-1, 1], [2]]","[30, 29, 31]","[0.0028783828149608055, 0.0028783828195077994, 0.027143452004873916]",0.0005,155,17.6
focus_dev_reliable_COMPAT_O1000_N2_P0.5_B4_T1.0_S0_R5_D0.04,6,6,0.022984656840064947,0.022984656840064947,0.0,0.0,1,4,"[[-1, 0], [-1, 1], [2]]","[30, 29, 32]","[0.0028783828195077994, 0.0028783828195078002, 0.019253200687315754]",0.0005,160,18.1
focus_dev_reliable_COMPAT_O1000_N2_P0.5_B4_T1.0_S0_R5_D0.04,6,6,0.026021877539712794,0.026021877539712794,0.0,0.0,1,4,"[[-1, 0], [-1, 1], [2]]","[30, 29, 33]","[0.0028783828195078002, 0.0028783828195078002, 0.028903383595835302]",0.0005,165,18.6
focus_dev_reliable_COMPAT_O1000_N2_P0.5_B4_T1.0_S0_R5_D0.04,6,6,0.02593865980717457,0.02593865980717457,0.0,0.0,1,4,"[[-1, 0], [-1, 1], [2]]","[30, 29, 34]","[0.0028783828195078002, 0.0028783828195078002, 0.028598021654843674]",0.0005,170,19.1
focus_dev_reliable_COMPAT_O1000_N2_P0.5_B4_T1.0_S0_R5_D0.04,6,6,0.025850589664356792,0.025850589664356792,0.0,0.0,1,4,"[[-1, 0], [-1, 1], [2]]","[30, 29, 35]","[0.0028783828195078002, 0.0028783828195078002, 0.028277694554883166]",0.0005,175,19.6
focus_dev_reliable_COMPAT_O1000_N2_P0.5_B4_T1.0_S0_R5_D0.04,6,6,0.02602241954878642,0.02602241954878642,0.0,0.0,1,4,"[[-1, 0], [-1, 1], [2]]","[30, 29, 36]","[0.0028783828195078002, 0.0028783828195078002, 0.028905381078046057]",0.0005,180,20.1
focus_dev_reliable_COMPAT_O1000_N2_P0.5_B4_T1.0_S0_R5_D0.04,6,6,0.025621979311473662,0.025621979311473662,0.0,0.0,1,4,"[[-1, 0], [-1, 1], [2]]","[30, 29, 37]","[0.0028783828195078002, 0.0028783828195078002, 0.02745958206454329]",0.0005,185,20.6
focus_dev_reliable_COMPAT_O1000_N2_P0.5_B4_T1.0_S0_R5_D0.04,6,6,0.026049951022119565,0.026049951022119565,0.0,0.0,1,4,"[[-1, 0], [-1, 1], [2]]","[30, 29, 38]","[0.0028783828195078002, 0.0028783828195078002, 0.029006991077776576]",0.0005,190,21.1
focus_dev_reliable_COMPAT_O1000_N2_P0.5_B4_T1.0_S0_R5_D0.04,63,63,0.028352429472602976,0.028352429472602976,0.0,0.0,1,4,"[[-1, 0], [-1, 1], [2]]","[30, 29, 39]","[0.03867402978225625, 0.0028783828195078002, 0.0028737975521987424]",0.0005,195,21.6
focus_dev_reliable_COMPAT_O1001_N1_P0.5_B4_T1.0_S0_R5_D0.04,63,63,0.028139607625449474,0.028139607625449474,0.0,0.0,1,1,"[[0], [1], [2]]","[0, 0, 0]","[0.2139330616152421, 0.0034879554772884822, 0.0034879554772884822]",0.0005,0,2.1
focus_dev_reliable_COMPAT_O1001_N1_P0.5_B4_T1.0_S0_R5_D0.04,63,63,0.019405956641806766,0.019405956641806766,0.0,0.0,1,4,"[[0], [-1, 1], [-1, 2]]","[1, 0, 0]","[0.017125668662929514, 0.002885830744093393, 0.002885830744093393]",0.0005,5,2.6
focus_dev_reliable_COMPAT_O1001_N1_P0.5_B4_T1.0_S0_R5_D0.04,19,19,0.02090224989640893,0.02090224989640893,0.0,0.0,1,4,"[[0], [-1, 1], [-1, 2]]","[2, 0, 0]","[0.0028587623073054054, 0.02529485318979062, 0.0028858307609872327]",0.0005,10,3.1
focus_dev_reliable_COMPAT_O1001_N1_P0.5_B4_T1.0_S0_R5_D0.04,19,19,0.019423686810120154,0.019423686810120154,0.0,0.0,1,4,"[[-1, 0], [1], [-1, 2]]","[2, 3, 0]","[0.0028858307524805573, 0.017204362152520122, 0.0028858307609872336]",0.0005,15,3.6
focus_dev_reliable_COMPAT_O1001_N1_P0.5_B4_T1.0_S0_R5_D0.04,19,19,0.019362582258599263,0.019362582258599263,0.0,0.0,1,4,"[[-1, 0], [1], [-1, 2]]","[2, 4, 0]","[0.002885830760987234, 0.01693451030403438, 0.0028858307609872336]",0.0005,20,4.1
focus_dev_reliable_COMPAT_O1001_N1_P0.5_B4_T1.0_S0_R5_D0.04,19,19,0.01937007807615852,0.01937007807615852,0.0,0.0,1,4,"[[-1, 0], [1], [-1, 2]]","[2, 5, 0]","[0.0028858307609872336, 0.016967408951694917, 0.0028858307609872336]",0.0005,25,4.6
focus_dev_reliable_COMPAT_O1001_N1_P0.5_B4_T1.0_S0_R5_D0.04,19,19,0.019458669367426733,0.019458669367426733,0.0,0.0,1,4,"[[-1, 0], [1], [-1, 2]]","[2, 6, 0]","[0.0028858307609872336, 0.01736058101104888, 0.0028858307609872336]",0.0005,30,5.1
focus_dev_reliable_COMPAT_O1001_N1_P0.5_B4_T1.0_S0_R5_D0.04,19,19,0.019386512998779682,0.019386512998779682,0.0,0.0,1,4,"[[-1, 0], [1], [-1, 2]]","[2, 7, 0]","[0.0028858307609872336, 0.017039740212703613, 0.0028858307609872336]",0.0005,35,5.6
focus_dev_reliable_COMPAT_O1001_N1_P0.5_B4_T1.0_S0_R5_D0.04,6,6,0.01918220081617247,0.01918220081617247,0.00042243530678533203,0.00042243530678533203,1,4,"[[-1, 0], [1], [-1, 2]]","[2, 8, 0]","[0.0028858307609872336, 0.003087000174879043, 0.015332085607540595]",0.0005,40,6.1
focus_dev_reliable_COMPAT_O1001_N1_P0.5_B4_T1.0_S0_R5_D0.04,63,63,0.022149515487551924,0.022149515487551924,0.0,0.0,1,4,"[[-1, 0], [-1, 1], [2]]","[2, 8, 9]","[0.035018888150714945, 0.0028858307577137345, 0.0028574247900291887]",0.0005,45,6.6
focus_dev_reliable_COMPAT_O1001_N1_P0.5_B4_T1.0_S0_R5_D0.04,63,63,0.019399557465924484,0.019399557465924484,0.0,0.0,1,4,"[[0], [-1, 1], [-1, 2]]","[10, 8, 9]","[0.017097345751076385, 0.0028858307609872336, 0.0028858307353925253]",0.0005,50,7.1
focus_dev_reliable_COMPAT_O1001_N1_P0.5_B4_T1.0_S0_R5_D0.04,19,19,0.022044118785044215,0.022044118785044215,0.0,0.0,1,4,"[[0], [-1, 1], [-1, 2]]","[11, 8, 9]","[0.002857424671989617, 0.034049628662824856, 0.0028858307609872336]",0.0005,55,7.6
focus_dev_reliable_COMPAT_O1001_N1_P0.5_B4_T1.0_S0_R5_D0.04,19,19,0.019465093353509898,0.019465093353509898,0.0,0.0,1,4,"[[-1, 0], [1], [-1, 2]]","[11, 12, 9]","[0.002885830752449347, 0.017389406380888234, 0.0028858307609872336]",0.0005,60,8.1
focus_dev_reliable_COMPAT_O1001_N1_P0.5_B4_T1.0_S0_R5_D0.04,19,19,0.01930479089280628,0.01930479089280628,0.0,0.0,1,4,"[[-1, 0], [1], [-1, 2]]","[11, 13, 9]","[0.002885830760987234, 0.016682764922919965, 0.0028858307609872336]",0.0005,65,8.6
focus_dev_reliable_COMPAT_O1001_N1_P0.5_B4_T1.0_S0_R5_D0.04,19,19,0.02058493951952236,0.02058493951952236,0.0,0.0,1,4,"[[-1, 0], [1], [-1, 2]]","[11, 14, 9]","[0.0028858307609872336, 0.023163167267549366, 0.0028858307609872336]",0.0005,70,9.1
focus_dev_reliable_COMPAT_O1001_N1_P0.5_B4_T1.0_S0_R5_D0.04,6,6,0.022794126186662544,0.022794126186662544,0.0,0.0,1,4,"[[-1, 0], [1], [-1, 2]]","[11, 15, 9]","[0.0028858307609872336, 0.0028768446227781614, 0.0415138061053855]",0.0005,75,9.6
focus_dev_reliable_COMPAT_O1001_N1_P0.5_B4_T1.0_S0_R5_D0.04,6,6,0.019345830259032044,0.019345830259032044,0.0,0.0,1,4,"[[-1, 0], [-1, 1], [2]]","[11, 15, 16]","[0.0028858307609872336, 0.0028858307529018258, 0.016861192047667676]",0.0005,80,10.1
focus_dev_reliable_COMPAT_O1001_N1_P0.5_B4_T1.0_S0_R5_D0.04,6,6,0.019453498299412682,0.019453498299412682,0.0,0.0,1,4,"[[-1, 0], [-1, 1], [2]]","[11, 15, 17]","[0.0028858307609872336, 0.002885830760987235, 0.017337408959163674]",0.0005,85,10.6
focus_dev_reliable_COMPAT_O1001_N1_P0.5_B4_T1.0_S0_R5_D0.04,6,6,0.02052965080757,0.02052965080757,0.0,0.0,1,4,"[[-1, 0], [-1, 1], [2]]","[11, 15, 18]","[0.0028858307609872336, 0.0028858307609872336, 0.02283858091846495]",0.0005,90,11.1
focus_dev_reliable_COMPAT_O1001_N1_P0.5_B4_T1.0_S0_R5_D0.04,63,63,0.021046675583381965,0.021046675583381965,0.0,0.0,1,4,"[[-1, 0], [-1, 1], [2]]","[11, 15, 19]","[0.02624918282008887, 0.0028858307609872336, 0.0028587765085992785]",0.0005,95,11.6
focus_dev_reliable_COMPAT_O1001_N1_P0.5_B4_T1.0_S0_R5_D0.04,63,63,0.02059991224693066,0.02059991224693066,0.0,0.0,1,4,"[[0], [-1, 1], [-1, 2]]","[20, 15, 19]","[0.023251874367657726, 0.0028858307609872336, 0.0028858307354127175]",0.0005,100,12.1
focus_dev_reliable_COMPAT_O1001_N1_P0.5_B4_T1.0_S0_R5_D0.04,63,63,0.020563306711040803,0.020563306711040803,0.0,0.0,1,4,"[[0], [-1, 1], [-1, 2]]","[21, 15, 19]","[0.023035611267952408, 0.0028858307609872336, 0.0028858307609872336]",0.0005,105,12.6
focus_dev_reliable_COMPAT_O1001_N1_P0.5_B4_T1.0_S0_R5_D0.04,63,63,0.019443384336021424,0.019443384336021424,0.0,0.0,1,4,"[[0], [-1, 1], [-1, 2]]","[22, 15, 19]","[0.017292167728049875, 0.0028858307609872336, 0.0028858307609872336]",0.0005,110,13.1
focus_dev_reliable_COMPAT_O1001_N1_P0.5_B4_T1.0_S0_R5_D0.04,63,63,0.019343812102738958,0.019343812102738958,0.0,0.0,1,4,"[[0], [-1, 1], [-1, 2]]","[23, 15, 19]","[0.01685237824635874, 0.0028858307609872336, 0.0028858307609872336]",0.0005,115,13.6
focus_dev_reliable_COMPAT_O1001_N1_P0.5_B4_T1.0_S0_R5_D0.04,63,63,0.020669177368299627,0.020669177368299627,0.0,0.0,1,4,"[[0], [-1, 1], [-1, 2]]","[24, 15, 19]","[0.023666787361147898, 0.0028858307609872336, 0.0028858307609872336]",0.0005,120,14.1
focus_dev_reliable_COMPAT_O1001_N1_P0.5_B4_T1.0_S0_R5_D0.04,63,63,0.02071740178246364,0.02071740178246364,0.0,0.0,1,4,"[[0], [-1, 1], [-1, 2]]","[25, 15, 19]","[0.023960151453138286, 0.0028858307609872336, 0.0028858307609872336]",0.0005,125,14.6
focus_dev_reliable_COMPAT_O1001_N1_P0.5_B4_T1.0_S0_R5_D0.04,63,63,0.01945161500225492,0.01945161500225492,0.0,0.0,1,4,"[[0], [-1, 1], [-1, 2]]","[26, 15, 19]","[0.017328976640281813, 0.0028858307609872336, 0.0028858307609872336]",0.0005,130,15.1
focus_dev_reliable_COMPAT_O1001_N1_P0.5_B4_T1.0_S0_R5_D0.04,63,63,0.020756276604885444,0.020756276604885444,0.0,0.0,1,4,"[[0], [-1, 1], [-1, 2]]","[27, 15, 19]","[0.024199375153914925, 0.0028858307609872336, 0.0028858307609872336]",0.0005,135,15.6
focus_dev_reliable_COMPAT_O1001_N1_P0.5_B4_T1.0_S0_R5_D0.04,6,6,0.022840612458844996,0.022840612458844996,0.0,0.0,1,4,"[[0], [-1, 1], [-1, 2]]","[28, 15, 19]","[0.0028768411735465415, 0.0028858307609872336, 0.0420546744015096]",0.0005,140,16.1
focus_dev_reliable_COMPAT_O1001_N1_P0.5_B4_T1.0_S0_R5_D0.04,6,6,0.02054418880551353,0.02054418880551353,0.0,0.0,1,4,"[[-1, 0], [-1, 1], [2]]","[28, 15, 29]","[0.0028858307529017447, 0.0028858307609872336, 0.022923479306838752]",0.0005,145,16.6
focus_dev_reliable_COMPAT_O1001_N1_P0.5_B4_T1.0_S0_R5_D0.04,6,6,0.020611618631243327,0.020611618631243327,0.0,0.0,1,4,"[[-1, 0], [-1, 1], [2]]","[28, 15, 30]","[0.002885830760987235, 0.0028858307609872336, 0.023321471144664194]",0.0005,150,17.1
focus_dev_reliable_COMPAT_O1001_N1_P0.5_B4_T1.0_S0_R5_D0.04,6,6,0.019337189317733604,0.019337189317733604,0.0,0.0,1,4,"[[-1, 0], [-1, 1], [2]]","[28, 15, 31]","[0.0028858307609872336, 0.0028858307609872336, 0.01682348371875033]",0.0005,155,17.6
focus_dev_reliable_COMPAT_O1001_N1_P0.5_B4_T1.0_S0_R5_D0.04,6,6,0.020734154279676988,0.020734154279676988,0.0,0.0,1,4,"[[-1, 0], [-1, 1], [2]]","[28, 15, 32]","[0.0028858307609872336, 0.0028858307609872336, 0.024062939234908893]",0.0005,160,18.1
focus_dev_reliable_COMPAT_O1001_N1_P0.5_B4_T1.0_S0_R5_D0.04,63,63,0.01924843578410449,0.01924843578410449,0.0002557323469551953,0.0002557323469551953,1,4,"[[-1, 0], [-1, 1], [2]]","[28, 15, 33]","[0.015610904782366675, 0.0028858307609872336, 0.00308443651093686]",0.0005,165,18.6
focus_dev_reliable_COMPAT_O1001_N1_P0.5_B4_T1.0_S0_R5_D0.04,19,19,0.021052948055469176,0.021052948055469176,0.0,0.0,1,4,"[[0], [-1, 1], [-1, 2]]","[34, 15, 33]","[0.0028822344507196014, 0.026133625818181763, 0.002885830757655953]",0.0005,170,19.1
focus_dev_reliable_COMPAT_O1001_N1_P0.5_B4_T1.0_S0_R5_D0.04,19,19,0.020550370624505186,0.020550370624505186,0.0,0.0,1,4,"[[-1, 0], [1], [-1, 2]]","[34, 35, 33]","[0.0028858307530271687, 0.022959676628254783, 0.0028858307609872336]",0.0005,175,19.6
focus_dev_reliable_COMPAT_O1001_N1_P0.5_B4_T1.0_S0_R5_D0.04,6,6,0.01897106184176184,0.01897106184176184,0.0005752875901058885,0.0005752875901058885,1,4,"[[-1, 0], [1], [-1, 2]]","[34, 36, 33]","[0.002885830760987235, 0.0029404466314375973, 0.015074210262166253]",0.0005,180,20.1
focus_dev_reliable_COMPAT_O1001_N1_P0.5_B4_T1.0_S0_R5_D0.04,6,6,0.020654883304418448,0.020654883304418448,0.0,0.0,1,4,"[[-1, 0], [-1, 1], [2]]","[34, 36, 37]","[0.0028858307609872336, 0.0028858307366195993, 0.023580545229474198]",0.0005,185,20.6
focus_dev_reliable_COMPAT_O1001_N1_P0.5_B4_T1.0_S0_R5_D0.04,6,6,0.020711152943422927,0.020711152943422927,0.0,0.0,1,4,"[[-1, 0], [-1, 1], [2]]","[34, 36, 38]","[0.0028858307609872336, 0.0028858307609872336, 0.02392192707623004]",0.0005,190,21.1
focus_dev_reliable_COMPAT_O1001_N1_P0.5_B4_T1.0_S0_R5_D0.04,6,6,0.02072325593841219,0.02072325593841219,0.0,0.0,1,4,"[[-1, 0], [-1, 1], [2]]","[34, 36, 39]","[0.0028858307609872336, 0.0028858307609872336, 0.02399601885579005]",0.0005,195,21.6
focus_dev_reliable_COMPAT_O1001_N2_P0.5_B4_T1.0_S0_R5_D0.04,63,63,0.028139607625449474,0.028139607625449474,0.0,0.0,1,1,"[[0], [1], [2]]","[0, 0, 0]","[0.2139330616152421, 0.0034879554772884822, 0.0034879554772884822]",0.0005,0,2.1
focus_dev_reliable_COMPAT_O1001_N2_P0.5_B4_T1.0_S0_R5_D0.04,63,63,0.019406271754576883,0.019406271754576883,0.0,0.0,1,4,"[[0], [-1, 1], [-1, 2]]","[1, 0, 0]","[0.01712706444180583, 0.002885830744093393, 0.002885830744093393]",0.0005,5,2.6
focus_dev_reliable_COMPAT_O1001_N2_P0.5_B4_T1.0_S0_R5_D0.04,19,19,0.020902249896423846,0.020902249896423846,0.0,0.0,1,4,"[[0], [-1, 1], [-1, 2]]","[2, 0, 0]","[0.002858762307320321, 0.02529485318979062, 0.0028858307609872327]",0.0005,10,3.1
focus_dev_reliable_COMPAT_O1001_N2_P0.5_B4_T1.0_S0_R5_D0.04,19,19,0.019423686810120154,0.019423686810120154,0.0,0.0,1,4,"[[-1, 0], [1], [-1, 2]]","[2, 3, 0]","[0.0028858307524805573, 0.017204362152520122, 0.0028858307609872336]",0.0005,15,3.6
focus_dev_reliable_COMPAT_O1001_N2_P0.5_B4_T1.0_S0_R5_D0.04,19,19,0.019362582258599263,0.019362582258599263,0.0,0.0,1,4,"[[-1, 0], [1], [-1, 2]]","[2, 4, 0]","[0.002885830760987234, 0.01693451030403438, 0.0028858307609872336]",0.0005,20,4.1
focus_dev_reliable_COMPAT_O1001_N2_P0.5_B4_T1.0_S0_R5_D0.04,19,19,0.01937007807615852,0.01937007807615852,0.0,0.0,1,4,"[[-1, 0], [1], [-1, 2]]","[2, 5, 0]","[0.0028858307609872336, 0.016967408951694917, 0.0028858307609872336]",0.0005,25,4.6
focus_dev_reliable_COMPAT_O1001_N2_P0.5_B4_T1.0_S0_R5_D0.04,19,19,0.019458669367426733,0.019458669367426733,0.0,0.0,1,4,"[[-1, 0], [1], [-1, 2]]","[2, 6, 0]","[0.0028858307609872336, 0.01736058101104888, 0.0028858307609872336]",0.0005,30,5.1
focus_dev_reliable_COMPAT_O1001_N2_P0.5_B4_T1.0_S0_R5_D0.04,19,19,0.019386512998779682,0.019386512998779682,0.0,0.0,1,4,"[[-1, 0], [1], [-1, 2]]","[2, 7, 0]","[0.0028858307609872336, 0.017039740212703613, 0.0028858307609872336]",0.0005,35,5.6
focus_dev_reliable_COMPAT_O1001_N2_P0.5_B4_T1.0_S0_R5_D0.04,6,6,0.01918220081617247,0.01918220081617247,0.00042243530678533203,0.00042243530678533203,1,4,"[[-1, 0], [1], [-1, 2]]","[2, 8, 0]","[0.0028858307609872336, 0.003087000174879043, 0.015332085607540595]",0.0005,40,6.1
focus_dev_reliable_COMPAT_O1001_N2_P0.5_B4_T1.0_S0_R5_D0.04,63,63,0.022149515487551924,0.022149515487551924,0.0,0.0,1,4,"[[-1, 0], [-1, 1], [2]]","[2, 8, 9]","[0.035018888150714945, 0.0028858307577137345, 0.0028574247900291887]",0.0005,45,6.6
focus_dev_reliable_COMPAT_O1001_N2_P0.5_B4_T1.0_S0_R5_D0.04,63,63,0.019399557465924484,0.019399557465924484,0.0,0.0,1,4,"[[0], [-1, 1], [-1, 2]]","[10, 8, 9]","[0.017097345751076385, 0.0028858307609872336, 0.0028858307353925253]",0.0005,50,7.1
focus_dev_reliable_COMPAT_O1001_N2_P0.5_B4_T1.0_S0_R5_D0.04,19,19,0.022044118785044215,0.022044118785044215,0.0,0.0,1,4,"[[0], [-1, 1], [-1, 2]]","[11, 8, 9]","[0.002857424671989617, 0.034049628662824856, 0.0028858307609872336]",0.0005,55,7.6
focus_dev_reliable_COMPAT_O1001_N2_P0.5_B4_T1.0_S0_R5_D0.04,19,19,0.019465093353509898,0.019465093353509898,0.0,0.0,1,4,"[[-1, 0], [1], [-1, 2]]","[11, 12, 9]","[0.002885830752449347, 0.017389406380888234, 0.0028858307609872336]",0.0005,60,8.1
focus_dev_reliable_COMPAT_O1001_N2_P0.5_B4_T1.0_S0_R5_D0.04,19,19,0.01930479089280628,0.01930479089280628,0.0,0.0,1,4,"[[-1, 0], [1], [-1, 2]]","[11, 13, 9]","[0.002885830760987234, 0.016682764922919965, 0.0028858307609872336]",0.0005,65,8.6
focus_dev_reliable_COMPAT_O1001_N2_P0.5_B4_T1.0_S0_R5_D0.04,19,19,0.02058493951952236,0.02058493951952236,0.0,0.0,1,4,"[[-1, 0], [1], [-1, 2]]","[11, 14, 9]","[0.0028858307609872336, 0.023163167267549366, 0.0028858307609872336]",0.0005,70,9.1
focus_dev_reliable_COMPAT_O1001_N2_P0.5_B4_T1.0_S0_R5_D0.04,6,6,0.022794126186662544,0.022794126186662544,0.0,0.0,1,4,"[[-1, 0], [1], [-1, 2]]","[11, 15, 9]","[0.0028858307609872336, 0.0028768446227781614, 0.0415138061053855]",0.0005,75,9.6
focus_dev_reliable_COMPAT_O1001_N2_P0.5_B4_T1.0_S0_R5_D0.04,6,6,0.019345830259032044,0.019345830259032044,0.0,0.0,1,4,"[[-1, 0], [-1, 1], [2]]","[11, 15, 16]","[0.0028858307609872336, 0.0028858307529018258, 0.016861192047667676]",0.0005,80,10.1
focus_dev_reliable_COMPAT_O1001_N2_P0.5_B4_T1.0_S0_R5_D0.04,6,6,0.019453498299412682,0.019453498299412682,0.0,0.0,1,4,"[[-1, 0], [-1, 1], [2]]","[11, 15, 17]","[0.0028858307609872336, 0.002885830760987235, 0.017337408959163674]",0.0005,85,10.6
focus_dev_reliable_COMPAT_O1001_N2_P0.5_B4_T1.0_S0_R5_D0.04,6,6,0.02052965080757,0.02052965080757,0.0,0.0,1,4,"[[-1, 0], [-1, 1], [2]]","[11, 15, 18]","[0.0028858307609872336, 0.0028858307609872336, 0.02283858091846495]",0.0005,90,11.1
focus_dev_reliable_COMPAT_O1001_N2_P0.5_B4_T1.0_S0_R5_D0.04,63,63,0.021046675583381965,0.021046675583381965,0.0,0.0,1,4,"[[-1, 0], [-1, 1], [2]]","[11, 15, 19]","[0.02624918282008887, 0.0028858307609872336, 0.0028587765085992785]",0.0005,95,11.6
focus_dev_reliable_COMPAT_O1001_N2_P0.5_B4_T1.0_S0_R5_D0.04,63,63,0.02059991224693066,0.02059991224693066,0.0,0.0,1,4,"[[0], [-1, 1], [-1, 2]]","[20, 15, 19]","[0.023251874367657726, 0.0028858307609872336, 0.0028858307354127175]",0.0005,100,12.1
focus_dev_reliable_COMPAT_O1001_N2_P0.5_B4_T1.0_S0_R5_D0.04,63,63,0.020563306711040803,0.020563306711040803,0.0,0.0,1,4,"[[0], [-1, 1], [-1, 2]]","[21, 15, 19]","[0.023035611267952408, 0.0028858307609872336, 0.0028858307609872336]",0.0005,105,12.6
focus_dev_reliable_COMPAT_O1001_N2_P0.5_B4_T1.0_S0_R5_D0.04,63,63,0.019443384336021424,0.019443384336021424,0.0,0.0,1,4,"[[0], [-1, 1], [-1, 2]]","[22, 15, 19]","[0.017292167728049875, 0.0028858307609872336, 0.0028858307609872336]",0.0005,110,13.1
focus_dev_reliable_COMPAT_O1001_N2_P0.5_B4_T1.0_S0_R5_D0.04,63,63,0.019343812102738958,0.019343812102738958,0.0,0.0,1,4,"[[0], [-1, 1], [-1, 2]]","[23, 15, 19]","[0.01685237824635874, 0.0028858307609872336, 0.0028858307609872336]",0.0005,115,13.6
focus_dev_reliable_COMPAT_O1001_N2_P0.5_B4_T1.0_S0_R5_D0.04,63,63,0.020669177368299627,0.020669177368299627,0.0,0.0,1,4,"[[0], [-1, 1], [-1, 2]]","[24, 15, 19]","[0.023666787361147898, 0.0028858307609872336, 0.0028858307609872336]",0.0005,120,14.1
focus_dev_reliable_COMPAT_O1001_N2_P0.5_B4_T1.0_S0_R5_D0.04,63,63,0.02071740178246364,0.02071740178246364,0.0,0.0,1,4,"[[0], [-1, 1], [-1, 2]]","[25, 15, 19]","[0.023960151453138286, 0.0028858307609872336, 0.0028858307609872336]",0.0005,125,14.6
focus_dev_reliable_COMPAT_O1001_N2_P0.5_B4_T1.0_S0_R5_D0.04,63,63,0.01945161500225492,0.01945161500225492,0.0,0.0,1,4,"[[0], [-1, 1], [-1, 2]]","[26, 15, 19]","[0.017328976640281813, 0.0028858307609872336, 0.0028858307609872336]",0.0005,130,15.1
focus_dev_reliable_COMPAT_O1001_N2_P0.5_B4_T1.0_S0_R5_D0.04,63,63,0.020756276604885444,0.020756276604885444,0.0,0.0,1,4,"[[0], [-1, 1], [-1, 2]]","[27, 15, 19]","[0.024199375153914925, 0.0028858307609872336, 0.0028858307609872336]",0.0005,135,15.6
focus_dev_reliable_COMPAT_O1001_N2_P0.5_B4_T1.0_S0_R5_D0.04,6,6,0.022840612458844996,0.022840612458844996,0.0,0.0,1,4,"[[0], [-1, 1], [-1, 2]]","[28, 15, 19]","[0.0028768411735465415, 0.0028858307609872336, 0.0420546744015096]",0.0005,140,16.1
focus_dev_reliable_COMPAT_O1001_N2_P0.5_B4_T1.0_S0_R5_D0.04,6,6,0.02054418880551353,0.02054418880551353,0.0,0.0,1,4,"[[-1, 0], [-1, 1], [2]]","[28, 15, 29]","[0.0028858307529017447, 0.0028858307609872336, 0.022923479306838752]",0.0005,145,16.6
focus_dev_reliable_COMPAT_O1001_N2_P0.5_B4_T1.0_S0_R5_D0.04,6,6,0.020611618631243327,0.020611618631243327,0.0,0.0,1,4,"[[-1, 0], [-1, 1], [2]]","[28, 15, 30]","[0.002885830760987235, 0.0028858307609872336, 0.023321471144664194]",0.0005,150,17.1
focus_dev_reliable_COMPAT_O1001_N2_P0.5_B4_T1.0_S0_R5_D0.04,6,6,0.019337189317733604,0.019337189317733604,0.0,0.0,1,4,"[[-1, 0], [-1, 1], [2]]","[28, 15, 31]","[0.0028858307609872336, 0.0028858307609872336, 0.01682348371875033]",0.0005,155,17.6
focus_dev_reliable_COMPAT_O1001_N2_P0.5_B4_T1.0_S0_R5_D0.04,6,6,0.020734154279676988,0.020734154279676988,0.0,0.0,1,4,"[[-1, 0], [-1, 1], [2]]","[28, 15, 32]","[0.0028858307609872336, 0.0028858307609872336, 0.024062939234908893]",0.0005,160,18.1
focus_dev_reliable_COMPAT_O1001_N2_P0.5_B4_T1.0_S0_R5_D0.04,63,63,0.01924843578410449,0.01924843578410449,0.0002557323469551953,0.0002557323469551953,1,4,"[[-1, 0], [-1, 1], [2]]","[28, 15, 33]","[0.015610904782366675, 0.0028858307609872336, 0.00308443651093686]",0.0005,165,18.6
focus_dev_reliable_COMPAT_O1001_N2_P0.5_B4_T1.0_S0_R5_D0.04,19,19,0.021052948055469176,0.021052948055469176,0.0,0.0,1,4,"[[0], [-1, 1], [-1, 2]]","[34, 15, 33]","[0.0028822344507196014, 0.026133625818181763, 0.002885830757655953]",0.0005,170,19.1
focus_dev_reliable_COMPAT_O1001_N2_P0.5_B4_T1.0_S0_R5_D0.04,19,19,0.020550370624505186,0.020550370624505186,0.0,0.0,1,4,"[[-1, 0], [1], [-1, 2]]","[34, 35, 33]","[0.0028858307530271687, 0.022959676628254783, 0.0028858307609872336]",0.0005,175,19.6
focus_dev_reliable_COMPAT_O1001_N2_P0.5_B4_T1.0_S0_R5_D0.04,6,6,0.01897106184176184,0.01897106184176184,0.0005752875901058885,0.0005752875901058885,1,4,"[[-1, 0], [1], [-1, 2]]","[34, 36, 33]","[0.002885830760987235, 0.0029404466314375973, 0.015074210262166253]",0.0005,180,20.1
focus_dev_reliable_COMPAT_O1001_N2_P0.5_B4_T1.0_S0_R5_D0.04,6,6,0.020654883304418448,0.020654883304418448,0.0,0.0,1,4,"[[-1, 0], [-1, 1], [2]]","[34, 36, 37]","[0.0028858307609872336, 0.0028858307366195993, 0.023580545229474198]",0.0005,185,20.6
focus_dev_reliable_COMPAT_O1001_N2_P0.5_B4_T1.0_S0_R5_D0.04,6,6,0.020711152943422927,0.020711152943422927,0.0,0.0,1,4,"[[-1, 0], [-1, 1], [2]]","[34, 36, 38]","[0.0028858307609872336, 0.0028858307609872336, 0.02392192707623004]",0.0005,190,21.1
focus_dev_reliable_COMPAT_O1001_N2_P0.5_B4_T1.0_S0_R5_D0.04,6,6,0.02072325593841219,0.02072325593841219,0.0,0.0,1,4,"[[-1, 0], [-1, 1], [2]]","[34, 36, 39]","[0.0028858307609872336, 0.0028858307609872336, 0.02399601885579005]",0.0005,195,21.6
focus_dev_reliable_COMPAT_O1300_N1_P0.5_B4_T1.0_S0_R5_D0.04,30,30,0.035650028746078255,0.035650028746078255,0.0,0.0,2,1,"[[0], [1], [2]]","[0, 0, 0]","[0.0034878932001398714, 0.0034878932001398714, 0.20872214396382366]",0.0005,0,2.1
focus_dev_reliable_COMPAT_O1300_N1_P0.5_B4_T1.0_S0_R5_D0.04,0,0,0.018121312252302083,0.018121312252302083,0.000979999696940688,0.000979999696940688,1,4,"[[-1, 0], [1, 2], [2]]","[0, 1, 1]","[0.002654134601213666, 0.002654134601213666, 0.012813043049874752]",0.0005,5,2.6
focus_dev_reliable_COMPAT_O1300_N1_P0.5_B4_T1.0_S0_R5_D0.04,6,6,0.024393530145516092,0.024393530145516092,0.0,0.0,1,8,"[[-1, 0], [-1, 1], [-1, 2]]","[0, 1, 1]","[0.0026541346170317285, 0.0026541346170317285, 0.03157198930735126]",0.0005,10,3.1
focus_dev_reliable_COMPAT_O1300_N1_P0.5_B4_T1.0_S0_R5_D0.04,0,0,0.01885104618251145,0.01885104618251145,0.0015630501658863184,0.0015630501658863184,1,4,"[[-1, 0], [-1, 1], [2]]","[0, 1, 3]","[0.002654134617031739, 0.002654134617031739, 0.013542776948447972]",0.0005,15,3.6
focus_dev_reliable_COMPAT_O1300_N1_P0.5_B4_T1.0_S0_R5_D0.04,6,6,0.024538922200514228,0.024538922200514228,0.0,0.0,1,8,"[[-1, 0], [-1, 1], [-1, 2]]","[0, 1, 3]","[0.002654134617031739, 0.002654134617031739, 0.03231542510297953]",0.0005,20,4.1
focus_dev_reliable_COMPAT_O1300_N1_P0.5_B4_T1.0_S0_R5_D0.04,6,6,0.02168097053730304,0.02168097053730304,0.0,0.0,1,4,"[[-1, 0], [-1, 1], [2]]","[0, 1, 5]","[0.002654134617031739, 0.002654134617031739, 0.02023618435845652]",0.0005,25,4.6
focus_dev_reliable_COMPAT_O1300_N1_P0.5_B4_T1.0_S0_R5_D0.04,6,6,0.01982291589245188,0.01982291589245188,0.0,0.0,2,4,"[[-1, 0], [-1, 1], [2]]","[0, 1, 6]","[0.002654134617031739, 0.002654134617031739, 0.014550658701373145]",0.0005,30,5.1
focus_dev_reliable_COMPAT_O1300_N1_P0.5_B4_T1.0_S0_R5_D0.04,6,6,0.020742641856097113,0.020742641856097113,0.0,0.0,1,4,"[[-1, 0], [-1, 1], [2]]","[0, 1, 7]","[0.002654134617031739, 0.002654134617031739, 0.017196362227603748]",0.0005,35,5.6
focus_dev_reliable_COMPAT_O1300_N1_P0.5_B4_T1.0_S0_R5_D0.04,6,6,0.021791124066223157,0.021791124066223157,0.0,0.0,1,4,"[[-1, 0], [-1, 1], [2]]","[0, 1, 8]","[0.002654134617031739, 0.002654134617031739, 0.02061818450694443]",0.0005,40,6.1
focus_dev_reliable_COMPAT_O1300_N1_P0.5_B4_T1.0_S0_R5_D0.04,6,6,0.02178559222773653,0.02178559222773653,0.0,0.0,1,4,"[[-1, 0], [-1, 1], [2]]","[0, 1, 9]","[0.002654134617031739, 0.002654134617031739, 0.02059886700856973]",0.0005,45,6.6
focus_dev_reliable_COMPAT_O1300_N1_P0.5_B4_T1.0_S0_R5_D0.04,19,19,0.020839949004466323,0.020839949004466323,0.0008893026833092024,0.0008893026833092024,1,4,"[[-1, 0], [-1, 1], [2]]","[0, 1, 10]","[0.002654134617031739, 0.017569441714039714, 0.0026299531297090287]",0.0005,50,7.1
focus_dev_reliable_COMPAT_O1300_N1_P0.5_B4_T1.0_S0_R5_D0.04,0,19,0.019163419600415028,0.019562524192957065,0.0018152978275502614,0.0,2,4,"[[-1, 0], [1], [-1, 2]]","[0, 11, 10]","[0.002654134617031739, 0.013855150750575687, 0.002654134232807601]",0.0005,55,7.6
focus_dev_reliable_COMPAT_O1300_N1_P0.5_B4_T1.0_S0_R5_D0.04,0,0,0.01890999267781307,0.01890999267781307,0.0016105322740891936,0.0016105322740891936,1,4,"[[-1, 0], [1], [-1, 2]]","[0, 12, 10]","[0.002654134617031739, 0.013601723443749854, 0.002654134617031478]",0.0005,60,8.1
focus_dev_reliable_COMPAT_O1300_N1_P0.5_B4_T1.0_S0_R5_D0.04,19,19,0.024539025768115896,0.024539025768115896,0.0,0.0,1,8,"[[-1, 0], [-1, 1], [-1, 2]]","[0, 12, 10]","[0.002654134617031739, 0.032315960616692986, 0.002654134617031739]",0.0005,65,8.6
focus_dev_reliable_COMPAT_O1300_N1_P0.5_B4_T1.0_S0_R5_D0.04,0,0,0.01881840430835558,0.01881840430835558,0.0015367807542102617,0.0015367807542102617,1,4,"[[-1, 0], [1], [-1, 2]]","[0, 14, 10]","[0.002654134617031739, 0.013510135074292101, 0.002654134617031739]",0.0005,70,9.1
focus_dev_reliable_COMPAT_O1300_N1_P0.5_B4_T1.0_S0_R5_D0.04,19,19,0.02503426200411738,0.02503426200411738,0.0,0.0,1,8,"[[-1, 0], [-1, 1], [-1, 2]]","[0, 14, 10]","[0.002654134617031739, 0.03497801498309138, 0.002654134617031739]",0.0005,75,9.6
focus_dev_reliable_COMPAT_O1300_N1_P0.5_B4_T1.0_S0_R5_D0.04,0,19,0.01907390149935318,0.01952839427148054,0.001742853080150944,0.0,2,4,"[[-1, 0], [1], [-1, 2]]","[0, 16, 10]","[0.002654134617031739, 0.0137656322652897, 0.002654134617031739]",0.0005,80,10.1
focus_dev_reliable_COMPAT_O1300_N1_P0.5_B4_T1.0_S0_R5_D0.04,19,19,0.02145577358768965,0.02145577358768965,0.0,0.0,1,4,"[[-1, 0], [1], [-1, 2]]","[0, 17, 10]","[0.002654134617031739, 0.01947234133862215, 0.002654134617031739]",0.0005,85,10.6
focus_dev_reliable_COMPAT_O1300_N1_P0.5_B4_T1.0_S0_R5_D0.04,19,19,0.021575411887114305,0.021575411887114305,0.0,0.0,1,4,"[[-1, 0], [1], [-1, 2]]","[0, 18, 10]","[0.002654134617031739, 0.01987531487514421, 0.002654134617031739]",0.0005,90,11.1
focus_dev_reliable_COMPAT_O1300_N1_P0.5_B4_T1.0_S0_R5_D0.04,0,0,0.01883116941019799,0.01883116941019799,0.001547051763304684,0.001547051763304684,1,4,"[[-1, 0], [1], [-1, 2]]","[0, 19, 10]","[0.002654134617031739, 0.013522900176134512, 0.002654134617031739]",0.0005,95,11.6
focus_dev_reliable_COMPAT_O1300_N1_P0.5_B4_T1.0_S0_R5_D0.04,19,19,0.02503127050495965,0.02503127050495965,0.0,0.0,1,8,"[[-1, 0], [-1, 1], [-1, 2]]","[0, 19, 10]","[0.002654134617031739, 0.034961303773961006, 0.002654134617031739]",0.0005,100,12.1
focus_dev_reliable_COMPAT_O1300_N1_P0.5_B4_T1.0_S0_R5_D0.04,0,0,0.01869885328989667,0.01869885328989667,0.0014407163090658474,0.0014407163090658474,1,4,"[[-1, 0], [1], [-1, 2]]","[0, 21, 10]","[0.002654134617031739, 0.013390584055833191, 0.002654134617031739]",0.0005,105,12.6
focus_dev_reliable_COMPAT_O1300_N1_P0.5_B4_T1.0_S0_R5_D0.04,19,19,0.024553202086447384,0.024553202086447384,0.0,0.0,1,8,"[[-1, 0], [-1, 1], [-1, 2]]","[0, 21, 10]","[0.002654134617031739, 0.032389342374643755, 0.002654134617031739]",0.0005,110,13.1
focus_dev_reliable_COMPAT_O1300_N1_P0.5_B4_T1.0_S0_R5_D0.04,19,19,0.02172577604222114,0.02172577604222114,0.0,0.0,1,4,"[[-1, 0], [1], [-1, 2]]","[0, 23, 10]","[0.002654134617031739, 0.0203908908200856, 0.002654134617031739]",0.0005,115,13.6
focus_dev_reliable_COMPAT_O1300_N1_P0.5_B4_T1.0_S0_R5_D0.04,19,19,0.02180735980026549,0.02180735980026549,0.0,0.0,1,4,"[[-1, 0], [1], [-1, 2]]","[0, 24, 10]","[0.002654134617031739, 0.020674962875212023, 0.002654134617031739]",0.0005,120,14.1
focus_dev_reliable_COMPAT_O1300_N1_P0.5_B4_T1.0_S0_R5_D0.04,0,0,0.01898611102157994,0.01898611102157994,0.001671928508195853,0.001671928508195853,1,4,"[[-1, 0], [1], [-1, 2]]","[0, 25, 10]","[0.002654134617031739, 0.013677841787516458, 0.002654134617031739]",0.0005,125,14.6
focus_dev_reliable_COMPAT_O1300_N1_P0.5_B4_T1.0_S0_R5_D0.04,19,19,0.02466702928711192,0.02466702928711192,0.0,0.0,1,8,"[[-1, 0], [-1, 1], [-1, 2]]","[0, 25, 10]","[0.002654134617031739, 0.03298441729136382, 0.002654134617031739]",0.0005,130,15.1
focus_dev_reliable_COMPAT_O1300_N1_P0.5_B4_T1.0_S0_R5_D0.04,19,19,0.021490034224285845,0.021490034224285845,0.0,0.0,1,4,"[[-1, 0], [1], [-1, 2]]","[0, 27, 10]","[0.002654134617031739, 0.019587092830095926, 0.002654134617031739]",0.0005,135,15.6
focus_dev_reliable_COMPAT_O1300_N1_P0.5_B4_T1.0_S0_R5_D0.04,19,19,0.0218021305265272,0.0218021305265272,0.0,0.0,1,4,"[[-1, 0], [1], [-1, 2]]","[0, 28, 10]","[0.002654134617031739, 0.020656662050607698, 0.002654134617031739]",0.0005,140,16.1
focus_dev_reliable_COMPAT_O1300_N1_P0.5_B4_T1.0_S0_R5_D0.04,19,19,0.02155097756681926,0.02155097756681926,0.0,0.0,1,4,"[[-1, 0], [1], [-1, 2]]","[0, 29, 10]","[0.002654134617031739, 0.019792496911091417, 0.002654134617031739]",0.0005,145,16.6
focus_dev_reliable_COMPAT_O1300_N1_P0.5_B4_T1.0_S0_R5_D0.04,63,63,0.024672868975734064,0.024672868975734064,0.0,0.0,1,4,"[[-1, 0], [1], [-1, 2]]","[0, 30, 10]","[0.03319150594771165, 0.0026208286039955436, 0.002654134617031739]",0.0005,150,17.1
focus_dev_reliable_COMPAT_O1300_N1_P0.5_B4_T1.0_S0_R5_D0.04,63,63,0.02131708736291215,0.02131708736291215,0.0,0.0,1,4,"[[0], [-1, 1], [-1, 2]]","[31, 30, 10]","[0.019013062040118208, 0.00265413422846704, 0.002654134617031739]",0.0005,155,17.6
focus_dev_reliable_COMPAT_O1300_N1_P0.5_B4_T1.0_S0_R5_D0.04,6,6,0.022497277394779254,0.022497277394779254,0.0,0.0,1,4,"[[0], [-1, 1], [-1, 2]]","[32, 30, 10]","[0.0026225703030189618, 0.0026541346170314752, 0.023327620415676906]",0.0005,160,18.1
focus_dev_reliable_COMPAT_O1300_N1_P0.5_B4_T1.0_S0_R5_D0.04,0,0,0.01884890212428429,0.01884890212428429,0.0015613244639914384,0.0015613244639914384,1,4,"[[-1, 0], [-1, 1], [2]]","[32, 30, 33]","[0.0026541342292963305, 0.002654134617031739, 0.013540633277956219]",0.0005,165,18.6
focus_dev_reliable_COMPAT_O1300_N1_P0.5_B4_T1.0_S0_R5_D0.04,19,19,0.023789731030210714,0.023789731030210714,0.0,0.0,1,8,"[[-1, 0], [-1, 1], [-1, 2]]","[32, 30, 33]","[0.0026541346170314752, 0.02865339379583886, 0.0026542047190635447]",0.0005,170,19.1
focus_dev_reliable_COMPAT_O1300_N1_P0.5_B4_T1.0_S0_R5_D0.04,19,19,0.019859585513180206,0.019859585513180206,0.0,0.0,2,4,"[[-1, 0], [1], [-1, 2]]","[32, 35, 33]","[0.002654134617031739, 0.014650415305368848, 0.0026541346170793887]",0.0005,175,19.6
focus_dev_reliable_COMPAT_O1300_N1_P0.5_B4_T1.0_S0_R5_D0.04,63,63,0.02236863630737413,0.02236863630737413,0.0,0.0,1,4,"[[-1, 0], [1], [-1, 2]]","[32, 36, 33]","[0.02283563123288141, 0.00262250764639232, 0.0026541346170317393]",0.0005,180,20.1
focus_dev_reliable_COMPAT_O1300_N1_P0.5_B4_T1.0_S0_R5_D0.04,63,63,0.02171353892402283,0.02171353892402283,0.0,0.0,1,4,"[[0], [-1, 1], [-1, 2]]","[37, 36, 33]","[0.02034854705349982, 0.002654134490993365, 0.002654134617031739]",0.0005,185,20.6
focus_dev_reliable_COMPAT_O1300_N1_P0.5_B4_T1.0_S0_R5_D0.04,0,63,0.019745480576041634,0.019781010126963035,0.0022893078567513686,0.0,2,4,"[[0], [-1, 1], [-1, 2]]","[38, 36, 33]","[0.014437211341978243, 0.0026541346170316543, 0.002654134617031739]",0.0005,190,21.1
focus_dev_reliable_COMPAT_O1300_N1_P0.5_B4_T1.0_S0_R5_D0.04,63,63,0.02173425978039954,0.02173425978039954,0.0,0.0,1,4,"[[0], [-1, 1], [-1, 2]]","[39, 36, 33]","[0.020420287580151488, 0.002654134617031739, 0.002654134617031739]",0.0005,195,21.6
focus_dev_reliable_COMPAT_O1300_N2_P0.5_B4_T1.0_S0_R5_D0.04,30,30,0.035650028746078255,0.035650028746078255,0.0,0.0,2,1,"[[0], [1], [2]]","[0, 0, 0]","[0.0034878932001398714, 0.0034878932001398714, 0.20872214396382366]",0.0005,0,2.1
focus_dev_reliable_COMPAT_O1300_N2_P0.5_B4_T1.0_S0_R5_D0.04,0,0,0.01812131280219085,0.01812131280219085,0.000979999696940688,0.000979999696940688,1,4,"[[-1, 0], [1, 2], [2]]","[0, 1, 1]","[0.0026541351511024346, 0.002654134601213666, 0.012813043049874752]",0.0005,5,2.6
focus_dev_reliable_COMPAT_O1300_N2_P0.5_B4_T1.0_S0_R5_D0.04,6,6,0.024393530145516467,0.024393530145516467,0.0,0.0,1,8,"[[-1, 0], [-1, 1], [-1, 2]]","[0, 1, 1]","[0.0026541346170321023, 0.0026541346170317285, 0.03157198930735126]",0.0005,10,3.1
focus_dev_reliable_COMPAT_O1300_N2_P0.5_B4_T1.0_S0_R5_D0.04,0,0,0.01885104618251145,0.01885104618251145,0.0015630501658863184,0.0015630501658863184,1,4,"[[-1, 0], [-1, 1], [2]]","[0, 1, 3]","[0.002654134617031739, 0.002654134617031739, 0.013542776948447972]",0.0005,15,3.6
focus_dev_reliable_COMPAT_O1300_N2_P0.5_B4_T1.0_S0_R5_D0.04,6,6,0.024538922200514228,0.024538922200514228,0.0,0.0,1,8,"[[-1, 0], [-1, 1], [-1, 2]]","[0, 1, 3]","[0.002654134617031739, 0.002654134617031739, 0.03231542510297953]",0.0005,20,4.1
focus_dev_reliable_COMPAT_O1300_N2_P0.5_B4_T1.0_S0_R5_D0.04,6,6,0.02168097053730304,0.02168097053730304,0.0,0.0,1,4,"[[-1, 0], [-1, 1], [2]]","[0, 1, 5]","[0.002654134617031739, 0.002654134617031739, 0.02023618435845652]",0.0005,25,4.6
focus_dev_reliable_COMPAT_O1300_N2_P0.5_B4_T1.0_S0_R5_D0.04,6,6,0.01982291589245188,0.01982291589245188,0.0,0.0,2,4,"[[-1, 0], [-1, 1], [2]]","[0, 1, 6]","[0.002654134617031739, 0.002654134617031739, 0.014550658701373145]",0.0005,30,5.1
focus_dev_reliable_COMPAT_O1300_N2_P0.5_B4_T1.0_S0_R5_D0.04,6,6,0.020742641856097113,0.020742641856097113,0.0,0.0,1,4,"[[-1, 0], [-1, 1], [2]]","[0, 1, 7]","[0.002654134617031739, 0.002654134617031739, 0.017196362227603748]",0.0005,35,5.6
focus_dev_reliable_COMPAT_O1300_N2_P0.5_B4_T1.0_S0_R5_D0.04,6,6,0.021791124066223157,0.021791124066223157,0.0,0.0,1,4,"[[-1, 0], [-1, 1], [2]]","[0, 1, 8]","[0.002654134617031739, 0.002654134617031739, 0.02061818450694443]",0.0005,40,6.1
focus_dev_reliable_COMPAT_O1300_N2_P0.5_B4_T1.0_S0_R5_D0.04,6,6,0.02178559222773653,0.02178559222773653,0.0,0.0,1,4,"[[-1, 0], [-1, 1], [2]]","[0, 1, 9]","[0.002654134617031739, 0.002654134617031739, 0.02059886700856973]",0.0005,45,6.6
focus_dev_reliable_COMPAT_O1300_N2_P0.5_B4_T1.0_S0_R5_D0.04,19,19,0.020839949004466323,0.020839949004466323,0.0008893026833092024,0.0008893026833092024,1,4,"[[-1, 0], [-1, 1], [2]]","[0, 1, 10]","[0.002654134617031739, 0.017569441714039714, 0.0026299531297090287]",0.0005,50,7.1
focus_dev_reliable_COMPAT_O1300_N2_P0.5_B4_T1.0_S0_R5_D0.04,0,19,0.019163419600415028,0.019562524192957065,0.0018152978275502614,0.0,2,4,"[[-1, 0], [1], [-1, 2]]","[0, 11, 10]","[0.002654134617031739, 0.013855150750575687, 0.002654134232807601]",0.0005,55,7.6
focus_dev_reliable_COMPAT_O1300_N2_P0.5_B4_T1.0_S0_R5_D0.04,0,0,0.01890999267781307,0.01890999267781307,0.0016105322740891936,0.0016105322740891936,1,4,"[[-1, 0], [1], [-1, 2]]","[0, 12, 10]","[0.002654134617031739, 0.013601723443749854, 0.002654134617031478]",0.0005,60,8.1
focus_dev_reliable_COMPAT_O1300_N2_P0.5_B4_T1.0_S0_R5_D0.04,19,19,0.024539025768115896,0.024539025768115896,0.0,0.0,1,8,"[[-1, 0], [-1, 1], [-1, 2]]","[0, 12, 10]","[0.002654134617031739, 0.032315960616692986, 0.002654134617031739]",0.0005,65,8.6
focus_dev_reliable_COMPAT_O1300_N2_P0.5_B4_T1.0_S0_R5_D0.04,0,0,0.01881840430835558,0.01881840430835558,0.0015367807542102617,0.0015367807542102617,1,4,"[[-1, 0], [1], [-1, 2]]","[0, 14, 10]","[0.002654134617031739, 0.013510135074292101, 0.002654134617031739]",0.0005,70,9.1
focus_dev_reliable_COMPAT_O1300_N2_P0.5_B4_T1.0_S0_R5_D0.04,19,19,0.02503426200411738,0.02503426200411738,0.0,0.0,1,8,"[[-1, 0], [-1, 1], [-1, 2]]","[0, 14, 10]","[0.002654134617031739, 0.03497801498309138, 0.002654134617031739]",0.0005,75,9.6
focus_dev_reliable_COMPAT_O1300_N2_P0.5_B4_T1.0_S0_R5_D0.04,0,19,0.01907390149935318,0.01952839427148054,0.001742853080150944,0.0,2,4,"[[-1, 0], [1], [-1, 2]]","[0, 16, 10]","[0.002654134617031739, 0.0137656322652897, 0.002654134617031739]",0.0005,80,10.1
focus_dev_reliable_COMPAT_O1300_N2_P0.5_B4_T1.0_S0_R5_D0.04,19,19,0.02145577358768965,0.02145577358768965,0.0,0.0,1,4,"[[-1, 0], [1], [-1, 2]]","[0, 17, 10]","[0.002654134617031739, 0.01947234133862215, 0.002654134617031739]",0.0005,85,10.6
focus_dev_reliable_COMPAT_O1300_N2_P0.5_B4_T1.0_S0_R5_D0.04,19,19,0.021575411887114305,0.021575411887114305,0.0,0.0,1,4,"[[-1, 0], [1], [-1, 2]]","[0, 18, 10]","[0.002654134617031739, 0.01987531487514421, 0.002654134617031739]",0.0005,90,11.1
focus_dev_reliable_COMPAT_O1300_N2_P0.5_B4_T1.0_S0_R5_D0.04,0,0,0.01883116941019799,0.01883116941019799,0.001547051763304684,0.001547051763304684,1,4,"[[-1, 0], [1], [-1, 2]]","[0, 19, 10]","[0.002654134617031739, 0.013522900176134512, 0.002654134617031739]",0.0005,95,11.6
focus_dev_reliable_COMPAT_O1300_N2_P0.5_B4_T1.0_S0_R5_D0.04,19,19,0.02503127050495965,0.02503127050495965,0.0,0.0,1,8,"[[-1, 0], [-1, 1], [-1, 2]]","[0, 19, 10]","[0.002654134617031739, 0.034961303773961006, 0.002654134617031739]",0.0005,100,12.1
focus_dev_reliable_COMPAT_O1300_N2_P0.5_B4_T1.0_S0_R5_D0.04,0,0,0.01869885328989667,0.01869885328989667,0.0014407163090658474,0.0014407163090658474,1,4,"[[-1, 0], [1], [-1, 2]]","[0, 21, 10]","[0.002654134617031739, 0.013390584055833191, 0.002654134617031739]",0.0005,105,12.6
focus_dev_reliable_COMPAT_O1300_N2_P0.5_B4_T1.0_S0_R5_D0.04,19,19,0.024553202086447384,0.024553202086447384,0.0,0.0,1,8,"[[-1, 0], [-1, 1], [-1, 2]]","[0, 21, 10]","[0.002654134617031739, 0.032389342374643755, 0.002654134617031739]",0.0005,110,13.1
focus_dev_reliable_COMPAT_O1300_N2_P0.5_B4_T1.0_S0_R5_D0.04,19,19,0.02172577604222114,0.02172577604222114,0.0,0.0,1,4,"[[-1, 0], [1], [-1, 2]]","[0, 23, 10]","[0.002654134617031739, 0.0203908908200856, 0.002654134617031739]",0.0005,115,13.6
focus_dev_reliable_COMPAT_O1300_N2_P0.5_B4_T1.0_S0_R5_D0.04,19,19,0.02180735980026549,0.02180735980026549,0.0,0.0,1,4,"[[-1, 0], [1], [-1, 2]]","[0, 24, 10]","[0.002654134617031739, 0.020674962875212023, 0.002654134617031739]",0.0005,120,14.1
focus_dev_reliable_COMPAT_O1300_N2_P0.5_B4_T1.0_S0_R5_D0.04,0,0,0.01898611102157994,0.01898611102157994,0.001671928508195853,0.001671928508195853,1,4,"[[-1, 0], [1], [-1, 2]]","[0, 25, 10]","[0.002654134617031739, 0.013677841787516458, 0.002654134617031739]",0.0005,125,14.6
focus_dev_reliable_COMPAT_O1300_N2_P0.5_B4_T1.0_S0_R5_D0.04,19,19,0.02466702928711192,0.02466702928711192,0.0,0.0,1,8,"[[-1, 0], [-1, 1], [-1, 2]]","[0, 25, 10]","[0.002654134617031739, 0.03298441729136382, 0.002654134617031739]",0.0005,130,15.1
focus_dev_reliable_COMPAT_O1300_N2_P0.5_B4_T1.0_S0_R5_D0.04,19,19,0.021490034224285845,0.021490034224285845,0.0,0.0,1,4,"[[-1, 0], [1], [-1, 2]]","[0, 27, 10]","[0.002654134617031739, 0.019587092830095926, 0.002654134617031739]",0.0005,135,15.6
focus_dev_reliable_COMPAT_O1300_N2_P0.5_B4_T1.0_S0_R5_D0.04,19,19,0.0218021305265272,0.0218021305265272,0.0,0.0,1,4,"[[-1, 0], [1], [-1, 2]]","[0, 28, 10]","[0.002654134617031739, 0.020656662050607698, 0.002654134617031739]",0.0005,140,16.1
focus_dev_reliable_COMPAT_O1300_N2_P0.5_B4_T1.0_S0_R5_D0.04,19,19,0.02155097756681926,0.02155097756681926,0.0,0.0,1,4,"[[-1, 0], [1], [-1, 2]]","[0, 29, 10]","[0.002654134617031739, 0.019792496911091417, 0.002654134617031739]",0.0005,145,16.6
focus_dev_reliable_COMPAT_O1300_N2_P0.5_B4_T1.0_S0_R5_D0.04,63,63,0.024672868975734064,0.024672868975734064,0.0,0.0,1,4,"[[-1, 0], [1], [-1, 2]]","[0, 30, 10]","[0.03319150594771165, 0.0026208286039955436, 0.002654134617031739]",0.0005,150,17.1
focus_dev_reliable_COMPAT_O1300_N2_P0.5_B4_T1.0_S0_R5_D0.04,63,63,0.02131708736291215,0.02131708736291215,0.0,0.0,1,4,"[[0], [-1, 1], [-1, 2]]","[31, 30, 10]","[0.019013062040118208, 0.00265413422846704, 0.002654134617031739]",0.0005,155,17.6
focus_dev_reliable_COMPAT_O1300_N2_P0.5_B4_T1.0_S0_R5_D0.04,6,6,0.022497277394779254,0.022497277394779254,0.0,0.0,1,4,"[[0], [-1, 1], [-1, 2]]","[32, 30, 10]","[0.0026225703030189618, 0.0026541346170314752, 0.023327620415676906]",0.0005,160,18.1
focus_dev_reliable_COMPAT_O1300_N2_P0.5_B4_T1.0_S0_R5_D0.04,0,0,0.01884890212428429,0.01884890212428429,0.0015613244639914384,0.0015613244639914384,1,4,"[[-1, 0], [-1, 1], [2]]","[32, 30, 33]","[0.0026541342292963305, 0.002654134617031739, 0.013540633277956219]",0.0005,165,18.6
focus_dev_reliable_COMPAT_O1300_N2_P0.5_B4_T1.0_S0_R5_D0.04,19,19,0.023789731030210714,0.023789731030210714,0.0,0.0,1,8,"[[-1, 0], [-1, 1], [-1, 2]]","[32, 30, 33]","[0.0026541346170314752, 0.02865339379583886, 0.0026542047190635447]",0.0005,170,19.1
focus_dev_reliable_COMPAT_O1300_N2_P0.5_B4_T1.0_S0_R5_D0.04,19,19,0.019859585513180206,0.019859585513180206,0.0,0.0,2,4,"[[-1, 0], [1], [-1, 2]]","[32, 35, 33]","[0.002654134617031739, 0.014650415305368848, 0.0026541346170793887]",0.0005,175,19.6
focus_dev_reliable_COMPAT_O1300_N2_P0.5_B4_T1.0_S0_R5_D0.04,63,63,0.02236863630737413,0.02236863630737413,0.0,0.0,1,4,"[[-1, 0], [1], [-1, 2]]","[32, 36, 33]","[0.02283563123288141, 0.00262250764639232, 0.0026541346170317393]",0.0005,180,20.1
focus_dev_reliable_COMPAT_O1300_N2_P0.5_B4_T1.0_S0_R5_D0.04,63,63,0.02171353892402283,0.02171353892402283,0.0,0.0,1,4,"[[0], [-1, 1], [-1, 2]]","[37, 36, 33]","[0.02034854705349982, 0.002654134490993365, 0.002654134617031739]",0.0005,185,20.6
focus_dev_reliable_COMPAT_O1300_N2_P0.5_B4_T1.0_S0_R5_D0.04,0,63,0.019745480576041634,0.019781010126963035,0.0022893078567513686,0.0,2,4,"[[0], [-1, 1], [-1, 2]]","[38, 36, 33]","[0.014437211341978243, 0.0026541346170316543, 0.002654134617031739]",0.0005,190,21.1
focus_dev_reliable_COMPAT_O1300_N2_P0.5_B4_T1.0_S0_R5_D0.04,63,63,0.02173425978039954,0.02173425978039954,0.0,0.0,1,4,"[[0], [-1, 1], [-1, 2]]","[39, 36, 33]","[0.020420287580151488, 0.002654134617031739, 0.002654134617031739]",0.0005,195,21.6
focus_dev_reliable_COMPAT_O1301_N1_P0.5_B4_T1.0_S0_R5_D0.04,134,134,0.03744173394715578,0.03744173394715578,0.0,0.0,1,1,"[[0], [1], [2]]","[0, 0, 0]","[0.003487961161124542, 0.21215969125117692, 0.003487961161124542]",0.0005,0,2.1
focus_dev_reliable_COMPAT_O1301_N1_P0.5_B4_T1.0_S0_R5_D0.04,19,19,0.025014985796457466,0.025014985796457466,0.0,0.0,1,4,"[[0, 1], [1], [-1, 2]]","[0, 1, 0]","[0.002900705341148787, 0.02875769665368715, 0.002900705341148787]",0.0005,5,2.6
focus_dev_reliable_COMPAT_O1301_N1_P0.5_B4_T1.0_S0_R5_D0.04,19,19,0.02496507901576216,0.02496507901576216,0.0,0.0,1,4,"[[-1, 0], [1], [-1, 2]]","[1, 2, 0]","[0.0029007053455114653, 0.02854909627723978, 0.0029007053455114653]",0.0005,10,3.1
focus_dev_reliable_COMPAT_O1301_N1_P0.5_B4_T1.0_S0_R5_D0.04,19,19,0.022623801468053664,0.022623801468053664,0.0,0.0,1,4,"[[-1, 0], [1], [-1, 2]]","[1, 3, 0]","[0.002900705345511466, 0.020067945999229012, 0.002900705345511466]",0.0005,15,3.6
focus_dev_reliable_COMPAT_O1301_N1_P0.5_B4_T1.0_S0_R5_D0.04,19,19,0.022412503310562902,0.022412503310562902,0.0,0.0,1,4,"[[-1, 0], [1], [-1, 2]]","[1, 4, 0]","[0.002900705345511466, 0.019411953202782845, 0.002900705345511466]",0.0005,20,4.1
focus_dev_reliable_COMPAT_O1301_N1_P0.5_B4_T1.0_S0_R5_D0.04,19,19,0.022465158999010568,0.022465158999010568,0.0,0.0,1,4,"[[-1, 0], [1], [-1, 2]]","[1, 5, 0]","[0.002900705345511466, 0.019573942424021537, 0.002900705345511466]",0.0005,25,4.6
focus_dev_reliable_COMPAT_O1301_N1_P0.5_B4_T1.0_S0_R5_D0.04,19,19,0.024887879956609432,0.024887879956609432,0.0,0.0,1,4,"[[-1, 0], [1], [-1, 2]]","[1, 6, 0]","[0.002900705345511466, 0.02822900305857058, 0.002900705345511466]",0.0005,30,5.1
focus_dev_reliable_COMPAT_O1301_N1_P0.5_B4_T1.0_S0_R5_D0.04,19,19,0.022577388749495286,0.022577388749495286,0.0,0.0,1,4,"[[-1, 0], [1], [-1, 2]]","[1, 7, 0]","[0.002900705345511466, 0.019922486057472634, 0.002900705345511466]",0.0005,35,5.6
focus_dev_reliable_COMPAT_O1301_N1_P0.5_B4_T1.0_S0_R5_D0.04,19,19,0.024987327259548404,0.024987327259548404,0.0,0.0,1,4,"[[-1, 0], [1], [-1, 2]]","[1, 8, 0]","[0.002900705345511466, 0.028641926537061727, 0.002900705345511466]",0.0005,40,6.1
focus_dev_reliable_COMPAT_O1301_N1_P0.5_B4_T1.0_S0_R5_D0.04,19,19,0.02504301732021554,0.02504301732021554,0.0,0.0,1,4,"[[-1, 0], [1], [-1, 2]]","[1, 9, 0]","[0.002900705345511466, 0.028875443133787634, 0.002900705345511466]",0.0005,45,6.6
focus_dev_reliable_COMPAT_O1301_N1_P0.5_B4_T1.0_S0_R5_D0.04,19,19,0.022690681636850417,0.022690681636850417,0.0,0.0,1,4,"[[-1, 0], [1], [-1, 2]]","[1, 10, 0]","[0.002900705345511466, 0.020278925005283974, 0.002900705345511466]",0.0005,50,7.1
focus_dev_reliable_COMPAT_O1301_N1_P0.5_B4_T1.0_S0_R5_D0.04,19,19,0.024261519740835867,0.024261519740835867,0.0,0.0,1,4,"[[-1, 0], [1], [-1, 2]]","[1, 11, 0]","[0.002900705345511466, 0.025743077227059458, 0.002900705345511466]",0.0005,55,7.6
focus_dev_reliable_COMPAT_O1301_N1_P0.5_B4_T1.0_S0_R5_D0.04,19,19,0.024738976642569986,0.024738976642569986,0.0,0.0,1,4,"[[-1, 0], [1], [-1, 2]]","[1, 12, 0]","[0.002900705345511466, 0.027620324227349814, 0.002900705345511466]",0.0005,60,8.1
focus_dev_reliable_COMPAT_O1301_N1_P0.5_B4_T1.0_S0_R5_D0.04,63,63,0.024478965846226712,0.024478965846226712,0.0,0.0,1,4,"[[-1, 0], [1], [-1, 2]]","[1, 13, 0]","[0.026577714551628637, 0.002902376608182601, 0.002900705345511466]",0.0005,65,8.6
focus_dev_reliable_COMPAT_O1301_N1_P0.5_B4_T1.0_S0_R5_D0.04,63,63,0.02239680475871086,0.02239680475871086,0.0,0.0,1,4,"[[0], [-1, 1], [-1, 2]]","[14, 13, 0]","[0.01936384701900201, 0.002900705341926804, 0.002900705345511466]",0.0005,70,9.1
focus_dev_reliable_COMPAT_O1301_N1_P0.5_B4_T1.0_S0_R5_D0.04,6,6,0.02827451466735257,0.02827451466735257,0.0,0.0,1,4,"[[0], [-1, 1], [-1, 2]]","[15, 13, 0]","[0.0028956773984225555, 0.002900705345511466, 0.045948777807745735]",0.0005,75,9.6
focus_dev_reliable_COMPAT_O1301_N1_P0.5_B4_T1.0_S0_R5_D0.04,6,6,0.025016808167937537,0.025016808167937537,0.0,0.0,1,4,"[[-1, 0], [-1, 1], [2]]","[15, 13, 16]","[0.0029007053417955653, 0.002900705345511466, 0.02876533878456871]",0.0005,80,10.1
focus_dev_reliable_COMPAT_O1301_N1_P0.5_B4_T1.0_S0_R5_D0.04,6,6,0.024969647526744083,0.024969647526744083,0.0,0.0,1,4,"[[-1, 0], [-1, 1], [2]]","[15, 13, 17]","[0.002900705345511466, 0.002900705345511466, 0.02856813694790825]",0.0005,85,10.6
focus_dev_reliable_COMPAT_O1301_N1_P0.5_B4_T1.0_S0_R5_D0.04,6,6,0.025003805645342995,0.025003805645342995,0.0,0.0,1,4,"[[-1, 0], [-1, 1], [2]]","[15, 13, 18]","[0.002900705345511466, 0.002900705345511466, 0.028710851070840253]",0.0005,90,11.1
focus_dev_reliable_COMPAT_O1301_N1_P0.5_B4_T1.0_S0_R5_D0.04,6,6,0.022539333350086847,0.022539333350086847,0.0,0.0,1,4,"[[-1, 0], [-1, 1], [2]]","[15, 13, 19]","[0.002900705345511466, 0.002900705345511466, 0.019803796516342165]",0.0005,95,11.6
focus_dev_reliable_COMPAT_O1301_N1_P0.5_B4_T1.0_S0_R5_D0.04,6,6,0.02288690426219958,0.02288690426219958,0.0,0.0,1,4,"[[-1, 0], [-1, 1], [2]]","[15, 13, 20]","[0.002900705345511466, 0.002900705345511466, 0.020907426045813925]",0.0005,100,12.1
focus_dev_reliable_COMPAT_O1301_N1_P0.5_B4_T1.0_S0_R5_D0.04,6,6,0.02279231913375161,0.02279231913375161,0.0,0.0,1,4,"[[-1, 0], [-1, 1], [2]]","[15, 13, 21]","[0.002900705345511466, 0.002900705345511466, 0.020602685849926725]",0.0005,105,12.6
focus_dev_reliable_COMPAT_O1301_N1_P0.5_B4_T1.0_S0_R5_D0.04,6,6,0.02487988777907427,0.02487988777907427,0.0,0.0,1,4,"[[-1, 0], [-1, 1], [2]]","[15, 13, 22]","[0.002900705345511466, 0.002900705345511466, 0.028196042669223386]",0.0005,110,13.1
focus_dev_reliable_COMPAT_O1301_N1_P0.5_B4_T1.0_S0_R5_D0.04,6,6,0.022522799122707764,0.022522799122707764,0.0,0.0,1,4,"[[-1, 0], [-1, 1], [2]]","[15, 13, 23]","[0.002900705345511466, 0.002900705345511466, 0.019752390063532754]",0.0005,115,13.6
focus_dev_reliable_COMPAT_O1301_N1_P0.5_B4_T1.0_S0_R5_D0.04,6,6,0.022539997850917155,0.022539997850917155,0.0,0.0,1,4,"[[-1, 0], [-1, 1], [2]]","[15, 13, 24]","[0.002900705345511466, 0.002900705345511466, 0.019805864552701273]",0.0005,120,14.1
focus_dev_reliable_COMPAT_O1301_N1_P0.5_B4_T1.0_S0_R5_D0.04,19,19,0.024508923070006003,0.024508923070006003,0.0,0.0,1,4,"[[-1, 0], [-1, 1], [2]]","[15, 13, 25]","[0.002900705345511466, 0.026709929888651507, 0.002898674179347376]",0.0005,125,14.6
focus_dev_reliable_COMPAT_O1301_N1_P0.5_B4_T1.0_S0_R5_D0.04,63,63,0.027347064194975165,0.027347064194975165,0.0,0.0,1,4,"[[-1, 0], [1], [-1, 2]]","[15, 26, 25]","[0.04023923357336975, 0.0028956827665624963, 0.002900705341854286]",0.0005,130,15.1
focus_dev_reliable_COMPAT_O1301_N1_P0.5_B4_T1.0_S0_R5_D0.04,63,63,0.024486153903729223,0.024486153903729223,0.0,0.0,1,4,"[[0], [-1, 1], [-1, 2]]","[27, 26, 25]","[0.026612460632047995, 0.0029007053328265354, 0.002900705345511466]",0.0005,135,15.6
focus_dev_reliable_COMPAT_O1301_N1_P0.5_B4_T1.0_S0_R5_D0.04,63,63,0.02462439526880195,0.02462439526880195,0.0,0.0,1,4,"[[0], [-1, 1], [-1, 2]]","[28, 26, 25]","[0.02715961722935641, 0.002900705345511465, 0.002900705345511466]",0.0005,140,16.1
focus_dev_reliable_COMPAT_O1301_N1_P0.5_B4_T1.0_S0_R5_D0.04,63,63,0.022858565088075877,0.022858565088075877,0.0,0.0,1,4,"[[0], [-1, 1], [-1, 2]]","[29, 26, 25]","[0.02081576980722391, 0.002900705345511466, 0.002900705345511466]",0.0005,145,16.6
focus_dev_reliable_COMPAT_O1301_N1_P0.5_B4_T1.0_S0_R5_D0.04,6,6,0.021294098209616294,0.021294098209616294,0.0021876406192767456,0.0021876406192767456,2,4,"[[0], [-1, 1], [-1, 2]]","[30, 26, 25]","[0.0031384762016380603, 0.002900705345511466, 0.01555508037174699]",0.0005,150,17.1
focus_dev_reliable_COMPAT_O1301_N1_P0.5_B4_T1.0_S0_R5_D0.04,6,6,0.024841611803424726,0.024841611803424726,0.0,0.0,1,4,"[[-1, 0], [-1, 1], [2]]","[30, 26, 31]","[0.002900705346480334, 0.002900705345511466, 0.028038648784840893]",0.0005,155,17.6
focus_dev_reliable_COMPAT_O1301_N1_P0.5_B4_T1.0_S0_R5_D0.04,6,6,0.025015251927663174,0.025015251927663174,0.0,0.0,1,4,"[[-1, 0], [-1, 1], [2]]","[30, 26, 32]","[0.002900705345511466, 0.002900705345511466, 0.02875881253355404]",0.0005,160,18.1
focus_dev_reliable_COMPAT_O1301_N1_P0.5_B4_T1.0_S0_R5_D0.04,6,6,0.024792173715059523,0.024792173715059523,0.0,0.0,1,4,"[[-1, 0], [-1, 1], [2]]","[30, 26, 33]","[0.002900705345511466, 0.002900705345511466, 0.027836474034880127]",0.0005,165,18.6
focus_dev_reliable_COMPAT_O1301_N1_P0.5_B4_T1.0_S0_R5_D0.04,6,6,0.022554629605546436,0.022554629605546436,0.0,0.0,1,4,"[[-1, 0], [-1, 1], [2]]","[30, 26, 34]","[0.002900705345511466, 0.002900705345511466, 0.01985144103062205]",0.0005,170,19.1
focus_dev_reliable_COMPAT_O1301_N1_P0.5_B4_T1.0_S0_R5_D0.04,6,6,0.024835246517096437,0.024835246517096437,0.0,0.0,1,4,"[[-1, 0], [-1, 1], [2]]","[30, 26, 35]","[0.002900705345511466, 0.002900705345511466, 0.028012547702959883]",0.0005,175,19.6
focus_dev_reliable_COMPAT_O1301_N1_P0.5_B4_T1.0_S0_R5_D0.04,19,19,0.027748430831000814,0.027748430831000814,0.0,0.0,1,4,"[[-1, 0], [-1, 1], [2]]","[30, 26, 36]","[0.002900705345511466, 0.04261424175289226, 0.002895677707146355]",0.0005,180,20.1
focus_dev_reliable_COMPAT_O1301_N1_P0.5_B4_T1.0_S0_R5_D0.04,19,19,0.02266285292569084,0.02266285292569084,0.0,0.0,1,4,"[[-1, 0], [1], [-1, 2]]","[30, 37, 36]","[0.002900705345511466, 0.02019093929444565, 0.002900705341795571]",0.0005,185,20.6
focus_dev_reliable_COMPAT_O1301_N1_P0.5_B4_T1.0_S0_R5_D0.04,19,19,0.024966268573430872,0.024966268573430872,0.0,0.0,1,4,"[[-1, 0], [1], [-1, 2]]","[30, 38, 36]","[0.002900705345511466, 0.028554053063426996, 0.002900705345511466]",0.0005,190,21.1
focus_dev_reliable_COMPAT_O1301_N1_P0.5_B4_T1.0_S0_R5_D0.04,19,19,0.0249479081347828,0.0249479081347828,0.0,0.0,1,4,"[[-1, 0], [1], [-1, 2]]","[30, 39, 36]","[0.002900705345511466, 0.028477629723105788, 0.002900705345511466]",0.0005,195,21.6
focus_dev_reliable_COMPAT_O1301_N2_P0.5_B4_T1.0_S0_R5_D0.04,134,134,0.03744173394715578,0.03744173394715578,0.0,0.0,1,1,"[[0], [1], [2]]","[0, 0, 0]","[0.003487961161124542, 0.21215969125117692, 0.003487961161124542]",0.0005,0,2.1
focus_dev_reliable_COMPAT_O1301_N2_P0.5_B4_T1.0_S0_R5_D0.04,19,19,0.025014985813176304,0.025014985813176304,0.0,0.0,1,4,"[[0, 1], [1], [-1, 2]]","[0, 1, 0]","[0.002900705357867624, 0.02875769665368715, 0.002900705341148787]",0.0005,5,2.6
focus_dev_reliable_COMPAT_O1301_N2_P0.5_B4_T1.0_S0_R5_D0.04,19,19,0.02496819030341546,0.02496819030341546,0.0,0.0,1,4,"[[-1, 0], [1], [-1, 2]]","[0, 2, 0]","[0.002900705345511466, 0.02856206232671418, 0.0029007053455114653]",0.0005,10,3.1
focus_dev_reliable_COMPAT_O1301_N2_P0.5_B4_T1.0_S0_R5_D0.04,19,19,0.022623801884319304,0.022623801884319304,0.0,0.0,1,4,"[[-1, 0], [1], [-1, 2]]","[0, 3, 0]","[0.002900705345511466, 0.020067947307317053, 0.002900705345511466]",0.0005,15,3.6
focus_dev_reliable_COMPAT_O1301_N2_P0.5_B4_T1.0_S0_R5_D0.04,19,19,0.022412503310622674,0.022412503310622674,0.0,0.0,1,4,"[[-1, 0], [1], [-1, 2]]","[0, 4, 0]","[0.002900705345511466, 0.01941195320296617, 0.002900705345511466]",0.0005,20,4.1
focus_dev_reliable_COMPAT_O1301_N2_P0.5_B4_T1.0_S0_R5_D0.04,19,19,0.022465158999010575,0.022465158999010575,0.0,0.0,1,4,"[[-1, 0], [1], [-1, 2]]","[0, 5, 0]","[0.002900705345511466, 0.01957394242402154, 0.002900705345511466]",0.0005,25,4.6
focus_dev_reliable_COMPAT_O1301_N2_P0.5_B4_T1.0_S0_R5_D0.04,19,19,0.024887879956609432,0.024887879956609432,0.0,0.0,1,4,"[[-1, 0], [1], [-1, 2]]","[0, 6, 0]","[0.002900705345511466, 0.02822900305857058, 0.002900705345511466]",0.0005,30,5.1
focus_dev_reliable_COMPAT_O1301_N2_P0.5_B4_T1.0_S0_R5_D0.04,19,19,0.022577388749495286,0.022577388749495286,0.0,0.0,1,4,"[[-1, 0], [1], [-1, 2]]","[0, 7, 0]","[0.002900705345511466, 0.019922486057472634, 0.002900705345511466]",0.0005,35,5.6
focus_dev_reliable_COMPAT_O1301_N2_P0.5_B4_T1.0_S0_R5_D0.04,19,19,0.024987327259548404,0.024987327259548404,0.0,0.0,1,4,"[[-1, 0], [1], [-1, 2]]","[0, 8, 0]","[0.002900705345511466, 0.028641926537061727, 0.002900705345511466]",0.0005,40,6.1
focus_dev_reliable_COMPAT_O1301_N2_P0.5_B4_T1.0_S0_R5_D0.04,19,19,0.02504301732021554,0.02504301732021554,0.0,0.0,1,4,"[[-1, 0], [1], [-1, 2]]","[0, 9, 0]","[0.002900705345511466, 0.028875443133787634, 0.002900705345511466]",0.0005,45,6.6
focus_dev_reliable_COMPAT_O1301_N2_P0.5_B4_T1.0_S0_R5_D0.04,19,19,0.022690681636850417,0.022690681636850417,0.0,0.0,1,4,"[[-1, 0], [1], [-1, 2]]","[0, 10, 0]","[0.002900705345511466, 0.020278925005283974, 0.002900705345511466]",0.0005,50,7.1
focus_dev_reliable_COMPAT_O1301_N2_P0.5_B4_T1.0_S0_R5_D0.04,19,19,0.024261519740835867,0.024261519740835867,0.0,0.0,1,4,"[[-1, 0], [1], [-1, 2]]","[0, 11, 0]","[0.002900705345511466, 0.025743077227059458, 0.002900705345511466]",0.0005,55,7.6
focus_dev_reliable_COMPAT_O1301_N2_P0.5_B4_T1.0_S0_R5_D0.04,19,19,0.024738976642569986,0.024738976642569986,0.0,0.0,1,4,"[[-1, 0], [1], [-1, 2]]","[0, 12, 0]","[0.002900705345511466, 0.027620324227349814, 0.002900705345511466]",0.0005,60,8.1
focus_dev_reliable_COMPAT_O1301_N2_P0.5_B4_T1.0_S0_R5_D0.04,63,63,0.024478965846226712,0.024478965846226712,0.0,0.0,1,4,"[[-1, 0], [1], [-1, 2]]","[0, 13, 0]","[0.026577714551628637, 0.002902376608182601, 0.002900705345511466]",0.0005,65,8.6
focus_dev_reliable_COMPAT_O1301_N2_P0.5_B4_T1.0_S0_R5_D0.04,63,63,0.02239680475871086,0.02239680475871086,0.0,0.0,1,4,"[[0], [-1, 1], [-1, 2]]","[14, 13, 0]","[0.01936384701900201, 0.002900705341926804, 0.002900705345511466]",0.0005,70,9.1
focus_dev_reliable_COMPAT_O1301_N2_P0.5_B4_T1.0_S0_R5_D0.04,6,6,0.02827451466735257,0.02827451466735257,0.0,0.0,1,4,"[[0], [-1, 1], [-1, 2]]","[15, 13, 0]","[0.0028956773984225555, 0.002900705345511466, 0.045948777807745735]",0.0005,75,9.6
focus_dev_reliable_COMPAT_O1301_N2_P0.5_B4_T1.0_S0_R5_D0.04,6,6,0.025016808167937537,0.025016808167937537,0.0,0.0,1,4,"[[-1, 0], [-1, 1], [2]]","[15, 13, 16]","[0.0029007053417955653, 0.002900705345511466, 0.02876533878456871]",0.0005,80,10.1
focus_dev_reliable_COMPAT_O1301_N2_P0.5_B4_T1.0_S0_R5_D0.04,6,6,0.024969647526744083,0.024969647526744083,0.0,0.0,1,4,"[[-1, 0], [-1, 1], [2]]","[15, 13, 17]","[0.002900705345511466, 0.002900705345511466, 0.02856813694790825]",0.0005,85,10.6
focus_dev_reliable_COMPAT_O1301_N2_P0.5_B4_T1.0_S0_R5_D0.04,6,6,0.025003805645342995,0.025003805645342995,0.0,0.0,1,4,"[[-1, 0], [-1, 1], [2]]","[15, 13, 18]","[0.002900705345511466, 0.002900705345511466, 0.028710851070840253]",0.0005,90,11.1
focus_dev_reliable_COMPAT_O1301_N2_P0.5_B4_T1.0_S0_R5_D0.04,6,6,0.022539333350086847,0.022539333350086847,0.0,0.0,1,4,"[[-1, 0], [-1, 1], [2]]","[15, 13, 19]","[0.002900705345511466, 0.002900705345511466, 0.019803796516342165]",0.0005,95,11.6
focus_dev_reliable_COMPAT_O1301_N2_P0.5_B4_T1.0_S0_R5_D0.04,6,6,0.02288690426219958,0.02288690426219958,0.0,0.0,1,4,"[[-1, 0], [-1, 1], [2]]","[15, 13, 20]","[0.002900705345511466, 0.002900705345511466, 0.020907426045813925]",0.0005,100,12.1
focus_dev_reliable_COMPAT_O1301_N2_P0.5_B4_T1.0_S0_R5_D0.04,6,6,0.02279231913375161,0.02279231913375161,0.0,0.0,1,4,"[[-1, 0], [-1, 1], [2]]","[15, 13, 21]","[0.002900705345511466, 0.002900705345511466, 0.020602685849926725]",0.0005,105,12.6
focus_dev_reliable_COMPAT_O1301_N2_P0.5_B4_T1.0_S0_R5_D0.04,6,6,0.02487988777907427,0.02487988777907427,0.0,0.0,1,4,"[[-1, 0], [-1, 1], [2]]","[15, 13, 22]","[0.002900705345511466, 0.002900705345511466, 0.028196042669223386]",0.0005,110,13.1
focus_dev_reliable_COMPAT_O1301_N2_P0.5_B4_T1.0_S0_R5_D0.04,6,6,0.022522799122707764,0.022522799122707764,0.0,0.0,1,4,"[[-1, 0], [-1, 1], [2]]","[15, 13, 23]","[0.002900705345511466, 0.002900705345511466, 0.019752390063532754]",0.0005,115,13.6
focus_dev_reliable_COMPAT_O1301_N2_P0.5_B4_T1.0_S0_R5_D0.04,6,6,0.022539997850917155,0.022539997850917155,0.0,0.0,1,4,"[[-1, 0], [-1, 1], [2]]","[15, 13, 24]","[0.002900705345511466, 0.002900705345511466, 0.019805864552701273]",0.0005,120,14.1
focus_dev_reliable_COMPAT_O1301_N2_P0.5_B4_T1.0_S0_R5_D0.04,19,19,0.024508923070006003,0.024508923070006003,0.0,0.0,1,4,"[[-1, 0], [-1, 1], [2]]","[15, 13, 25]","[0.002900705345511466, 0.026709929888651507, 0.002898674179347376]",0.0005,125,14.6
focus_dev_reliable_COMPAT_O1301_N2_P0.5_B4_T1.0_S0_R5_D0.04,63,63,0.027347064194975165,0.027347064194975165,0.0,0.0,1,4,"[[-1, 0], [1], [-1, 2]]","[15, 26, 25]","[0.04023923357336975, 0.0028956827665624963, 0.002900705341854286]",0.0005,130,15.1
focus_dev_reliable_COMPAT_O1301_N2_P0.5_B4_T1.0_S0_R5_D0.04,63,63,0.024486153903729223,0.024486153903729223,0.0,0.0,1,4,"[[0], [-1, 1], [-1, 2]]","[27, 26, 25]","[0.026612460632047995, 0.0029007053328265354, 0.002900705345511466]",0.0005,135,15.6
focus_dev_reliable_COMPAT_O1301_N2_P0.5_B4_T1.0_S0_R5_D0.04,63,63,0.02462439526880195,0.02462439526880195,0.0,0.0,1,4,"[[0], [-1, 1], [-1, 2]]","[28, 26, 25]","[0.02715961722935641, 0.002900705345511465, 0.002900705345511466]",0.0005,140,16.1
focus_dev_reliable_COMPAT_O1301_N2_P0.5_B4_T1.0_S0_R5_D0.04,63,63,0.022858565088075877,0.022858565088075877,0.0,0.0,1,4,"[[0], [-1, 1], [-1, 2]]","[29, 26, 25]","[0.02081576980722391, 0.002900705345511466, 0.002900705345511466]",0.0005,145,16.6
focus_dev_reliable_COMPAT_O1301_N2_P0.5_B4_T1.0_S0_R5_D0.04,6,6,0.021294098209616294,0.021294098209616294,0.0021876406192767456,0.0021876406192767456,2,4,"[[0], [-1, 1], [-1, 2]]","[30, 26, 25]","[0.0031384762016380603, 0.002900705345511466, 0.01555508037174699]",0.0005,150,17.1
focus_dev_reliable_COMPAT_O1301_N2_P0.5_B4_T1.0_S0_R5_D0.04,6,6,0.024841611803424726,0.024841611803424726,0.0,0.0,1,4,"[[-1, 0], [-1, 1], [2]]","[30, 26, 31]","[0.002900705346480334, 0.002900705345511466, 0.028038648784840893]",0.0005,155,17.6
focus_dev_reliable_COMPAT_O1301_N2_P0.5_B4_T1.0_S0_R5_D0.04,6,6,0.025015251927663174,0.025015251927663174,0.0,0.0,1,4,"[[-1, 0], [-1, 1], [2]]","[30, 26, 32]","[0.002900705345511466, 0.002900705345511466, 0.02875881253355404]",0.0005,160,18.1
focus_dev_reliable_COMPAT_O1301_N2_P0.5_B4_T1.0_S0_R5_D0.04,6,6,0.024792173715059523,0.024792173715059523,0.0,0.0,1,4,"[[-1, 0], [-1, 1], [2]]","[30, 26, 33]","[0.002900705345511466, 0.002900705345511466, 0.027836474034880127]",0.0005,165,18.6
focus_dev_reliable_COMPAT_O1301_N2_P0.5_B4_T1.0_S0_R5_D0.04,6,6,0.022554629605546436,0.022554629605546436,0.0,0.0,1,4,"[[-1, 0], [-1, 1], [2]]","[30, 26, 34]","[0.002900705345511466, 0.002900705345511466, 0.01985144103062205]",0.0005,170,19.1
focus_dev_reliable_COMPAT_O1301_N2_P0.5_B4_T1.0_S0_R5_D0.04,6,6,0.024835246517096437,0.024835246517096437,0.0,0.0,1,4,"[[-1, 0], [-1, 1], [2]]","[30, 26, 35]","[0.002900705345511466, 0.002900705345511466, 0.028012547702959883]",0.0005,175,19.6
focus_dev_reliable_COMPAT_O1301_N2_P0.5_B4_T1.0_S0_R5_D0.04,19,19,0.027748430831000814,0.027748430831000814,0.0,0.0,1,4,"[[-1, 0], [-1, 1], [2]]","[30, 26, 36]","[0.002900705345511466, 0.04261424175289226, 0.002895677707146355]",0.0005,180,20.1
focus_dev_reliable_COMPAT_O1301_N2_P0.5_B4_T1.0_S0_R5_D0.04,19,19,0.02266285292569084,0.02266285292569084,0.0,0.0,1,4,"[[-1, 0], [1], [-1, 2]]","[30, 37, 36]","[0.002900705345511466, 0.02019093929444565, 0.002900705341795571]",0.0005,185,20.6
focus_dev_reliable_COMPAT_O1301_N2_P0.5_B4_T1.0_S0_R5_D0.04,19,19,0.024966268573430872,0.024966268573430872,0.0,0.0,1,4,"[[-1, 0], [1], [-1, 2]]","[30, 38, 36]","[0.002900705345511466, 0.028554053063426996, 0.002900705345511466]",0.0005,190,21.1
focus_dev_reliable_COMPAT_O1301_N2_P0.5_B4_T1.0_S0_R5_D0.04,19,19,0.0249479081347828,0.0249479081347828,0.0,0.0,1,4,"[[-1, 0], [1], [-1, 2]]","[30, 39, 36]","[0.002900705345511466, 0.028477629723105788, 0.002900705345511466]",0.0005,195,21.6
