tag,environment,policy,updates,identical_updates,strict_improvements,equal_cost_updates,equivalent_current_actions,harmful_possible_updates,mixed_version_seconds,mixed_code_seconds,harmful_seconds,harmful_within_latest_two_seconds,filter_crosscheck_max_error,mean_signed_vs_new,mean_excess_both,mean_positive_excess,outside_latest_two_seconds,expired_source_seconds,mask_counts
main_reliable_NO_FEEDBACK_O1000_N1_P0.5_B8_T1.0_S0_R5,reliable,NO_FEEDBACK,0,0,0,0,0,0,0.0,0.0,0.0,0.0,2.0816681711721685e-17,0.0,0.0,0.0,0.0,60.0,"[0, 0, 0, 0, 0, 0, 0, 0]"
main_reliable_NO_FEEDBACK_O1000_N2_P0.5_B8_T1.0_S0_R5,reliable,NO_FEEDBACK,0,0,0,0,0,0,0.0,0.0,0.0,0.0,6.938893903907228e-18,0.0,0.0,0.0,0.0,60.0,"[0, 0, 0, 0, 0, 0, 0, 0]"
main_reliable_NO_FEEDBACK_O1001_N1_P0.5_B8_T1.0_S0_R5,reliable,NO_FEEDBACK,0,0,0,0,0,0,0.0,0.0,0.0,0.0,1.3877787807814457e-17,0.0,0.0,0.0,0.0,60.0,"[0, 0, 0, 0, 0, 0, 0, 0]"
main_reliable_NO_FEEDBACK_O1001_N2_P0.5_B8_T1.0_S0_R5,reliable,NO_FEEDBACK,0,0,0,0,0,0,0.0,0.0,0.0,0.0,2.7755575615628914e-17,0.0,0.0,0.0,0.0,60.0,"[0, 0, 0, 0, 0, 0, 0, 0]"
main_reliable_NO_FEEDBACK_O1002_N1_P0.5_B8_T1.0_S0_R5,reliable,NO_FEEDBACK,0,0,0,0,0,0,0.0,0.0,0.0,0.0,6.418476861114186e-17,0.0,0.0,0.0,0.0,60.0,"[0, 0, 0, 0, 0, 0, 0, 0]"
main_reliable_NO_FEEDBACK_O1002_N2_P0.5_B8_T1.0_S0_R5,reliable,NO_FEEDBACK,0,0,0,0,0,0,0.0,0.0,0.0,0.0,1.1015494072452725e-16,0.0,0.0,0.0,0.0,60.0,"[0, 0, 0, 0, 0, 0, 0, 0]"
main_reliable_NO_FEEDBACK_O1003_N1_P0.5_B8_T1.0_S0_R5,reliable,NO_FEEDBACK,0,0,0,0,0,0,0.0,0.0,0.0,0.0,2.5153490401663703e-17,0.0,0.0,0.0,0.0,60.0,"[0, 0, 0, 0, 0, 0, 0, 0]"
main_reliable_NO_FEEDBACK_O1003_N2_P0.5_B8_T1.0_S0_R5,reliable,NO_FEEDBACK,0,0,0,0,0,0,0.0,0.0,0.0,0.0,4.5102810375396984e-17,0.0,0.0,0.0,0.0,60.0,"[0, 0, 0, 0, 0, 0, 0, 0]"
main_reliable_NO_FEEDBACK_O1004_N1_P0.5_B8_T1.0_S0_R5,reliable,NO_FEEDBACK,0,0,0,0,0,0,0.0,0.0,0.0,0.0,1.3877787807814457e-17,0.0,0.0,0.0,0.0,60.0,"[0, 0, 0, 0, 0, 0, 0, 0]"
main_reliable_NO_FEEDBACK_O1004_N2_P0.5_B8_T1.0_S0_R5,reliable,NO_FEEDBACK,0,0,0,0,0,0,0.0,0.0,0.0,0.0,1.3877787807814457e-17,0.0,0.0,0.0,0.0,60.0,"[0, 0, 0, 0, 0, 0, 0, 0]"
main_reliable_NO_FEEDBACK_O1005_N1_P0.5_B8_T1.0_S0_R5,reliable,NO_FEEDBACK,0,0,0,0,0,0,0.0,0.0,0.0,0.0,1.0061396160665481e-16,0.0,0.0,0.0,0.0,60.0,"[0, 0, 0, 0, 0, 0, 0, 0]"
main_reliable_NO_FEEDBACK_O1005_N2_P0.5_B8_T1.0_S0_R5,reliable,NO_FEEDBACK,0,0,0,0,0,0,0.0,0.0,0.0,0.0,1.1188966420050406e-16,0.0,0.0,0.0,0.0,60.0,"[0, 0, 0, 0, 0, 0, 0, 0]"
main_reliable_NO_FEEDBACK_O1006_N1_P0.5_B8_T1.0_S0_R5,reliable,NO_FEEDBACK,0,0,0,0,0,0,0.0,0.0,0.0,0.0,4.2500725161431774e-17,0.0,0.0,0.0,0.0,60.0,"[0, 0, 0, 0, 0, 0, 0, 0]"
main_reliable_NO_FEEDBACK_O1006_N2_P0.5_B8_T1.0_S0_R5,reliable,NO_FEEDBACK,0,0,0,0,0,0,0.0,0.0,0.0,0.0,8.326672684688674e-17,0.0,0.0,0.0,0.0,60.0,"[0, 0, 0, 0, 0, 0, 0, 0]"
main_reliable_NO_FEEDBACK_O1007_N1_P0.5_B8_T1.0_S0_R5,reliable,NO_FEEDBACK,0,0,0,0,0,0,0.0,0.0,0.0,0.0,5.681219383824043e-17,0.0,0.0,0.0,0.0,60.0,"[0, 0, 0, 0, 0, 0, 0, 0]"
main_reliable_NO_FEEDBACK_O1007_N2_P0.5_B8_T1.0_S0_R5,reliable,NO_FEEDBACK,0,0,0,0,0,0,0.0,0.0,0.0,0.0,8.326672684688674e-17,0.0,0.0,0.0,0.0,60.0,"[0, 0, 0, 0, 0, 0, 0, 0]"
main_reliable_NO_FEEDBACK_O1008_N1_P0.5_B8_T1.0_S0_R5,reliable,NO_FEEDBACK,0,0,0,0,0,0,0.0,0.0,0.0,0.0,1.3877787807814457e-17,0.0,0.0,0.0,0.0,60.0,"[0, 0, 0, 0, 0, 0, 0, 0]"
main_reliable_NO_FEEDBACK_O1008_N2_P0.5_B8_T1.0_S0_R5,reliable,NO_FEEDBACK,0,0,0,0,0,0,0.0,0.0,0.0,0.0,1.9081958235744878e-17,0.0,0.0,0.0,0.0,60.0,"[0, 0, 0, 0, 0, 0, 0, 0]"
main_reliable_NO_FEEDBACK_O1009_N1_P0.5_B8_T1.0_S0_R5,reliable,NO_FEEDBACK,0,0,0,0,0,0,0.0,0.0,0.0,0.0,6.548581121812447e-17,0.0,0.0,0.0,0.0,60.0,"[0, 0, 0, 0, 0, 0, 0, 0]"
main_reliable_NO_FEEDBACK_O1009_N2_P0.5_B8_T1.0_S0_R5,reliable,NO_FEEDBACK,0,0,0,0,0,0,0.0,0.0,0.0,0.0,1.1015494072452725e-16,0.0,0.0,0.0,0.0,60.0,"[0, 0, 0, 0, 0, 0, 0, 0]"
main_reliable_NO_FEEDBACK_O1010_N1_P0.5_B8_T1.0_S0_R5,reliable,NO_FEEDBACK,0,0,0,0,0,0,0.0,0.0,0.0,0.0,5.637851296924623e-17,0.0,0.0,0.0,0.0,60.0,"[0, 0, 0, 0, 0, 0, 0, 0]"
main_reliable_NO_FEEDBACK_O1010_N2_P0.5_B8_T1.0_S0_R5,reliable,NO_FEEDBACK,0,0,0,0,0,0,0.0,0.0,0.0,0.0,6.245004513516506e-17,0.0,0.0,0.0,0.0,60.0,"[0, 0, 0, 0, 0, 0, 0, 0]"
main_reliable_NO_FEEDBACK_O1011_N1_P0.5_B8_T1.0_S0_R5,reliable,NO_FEEDBACK,0,0,0,0,0,0,0.0,0.0,0.0,0.0,3.209238430557093e-17,0.0,0.0,0.0,0.0,60.0,"[0, 0, 0, 0, 0, 0, 0, 0]"
main_reliable_NO_FEEDBACK_O1011_N2_P0.5_B8_T1.0_S0_R5,reliable,NO_FEEDBACK,0,0,0,0,0,0,0.0,0.0,0.0,0.0,7.762887554996212e-17,0.0,0.0,0.0,0.0,60.0,"[0, 0, 0, 0, 0, 0, 0, 0]"
main_reliable_NO_FEEDBACK_O1012_N1_P0.5_B8_T1.0_S0_R5,reliable,NO_FEEDBACK,0,0,0,0,0,0,0.0,0.0,0.0,0.0,5.2909066017292616e-17,0.0,0.0,0.0,0.0,60.0,"[0, 0, 0, 0, 0, 0, 0, 0]"
main_reliable_NO_FEEDBACK_O1012_N2_P0.5_B8_T1.0_S0_R5,reliable,NO_FEEDBACK,0,0,0,0,0,0,0.0,0.0,0.0,0.0,6.548581121812447e-17,0.0,0.0,0.0,0.0,60.0,"[0, 0, 0, 0, 0, 0, 0, 0]"
main_reliable_NO_FEEDBACK_O1013_N1_P0.5_B8_T1.0_S0_R5,reliable,NO_FEEDBACK,0,0,0,0,0,0,0.0,0.0,0.0,0.0,2.0816681711721685e-17,0.0,0.0,0.0,0.0,60.0,"[0, 0, 0, 0, 0, 0, 0, 0]"
main_reliable_NO_FEEDBACK_O1013_N2_P0.5_B8_T1.0_S0_R5,reliable,NO_FEEDBACK,0,0,0,0,0,0,0.0,0.0,0.0,0.0,1.3877787807814457e-17,0.0,0.0,0.0,0.0,60.0,"[0, 0, 0, 0, 0, 0, 0, 0]"
main_reliable_NO_FEEDBACK_O1014_N1_P0.5_B8_T1.0_S0_R5,reliable,NO_FEEDBACK,0,0,0,0,0,0,0.0,0.0,0.0,0.0,2.8189256484623115e-17,0.0,0.0,0.0,0.0,60.0,"[0, 0, 0, 0, 0, 0, 0, 0]"
main_reliable_NO_FEEDBACK_O1014_N2_P0.5_B8_T1.0_S0_R5,reliable,NO_FEEDBACK,0,0,0,0,0,0,0.0,0.0,0.0,0.0,5.5077470362263625e-17,0.0,0.0,0.0,0.0,60.0,"[0, 0, 0, 0, 0, 0, 0, 0]"
main_reliable_NO_FEEDBACK_O1015_N1_P0.5_B8_T1.0_S0_R5,reliable,NO_FEEDBACK,0,0,0,0,0,0,0.0,0.0,0.0,0.0,6.938893903907228e-18,0.0,0.0,0.0,0.0,60.0,"[0, 0, 0, 0, 0, 0, 0, 0]"
main_reliable_NO_FEEDBACK_O1015_N2_P0.5_B8_T1.0_S0_R5,reliable,NO_FEEDBACK,0,0,0,0,0,0,0.0,0.0,0.0,0.0,1.3877787807814457e-17,0.0,0.0,0.0,0.0,60.0,"[0, 0, 0, 0, 0, 0, 0, 0]"
main_reliable_NO_FEEDBACK_O1016_N1_P0.5_B8_T1.0_S0_R5,reliable,NO_FEEDBACK,0,0,0,0,0,0,0.0,0.0,0.0,0.0,1.9081958235744878e-17,0.0,0.0,0.0,0.0,60.0,"[0, 0, 0, 0, 0, 0, 0, 0]"
main_reliable_NO_FEEDBACK_O1016_N2_P0.5_B8_T1.0_S0_R5,reliable,NO_FEEDBACK,0,0,0,0,0,0,0.0,0.0,0.0,0.0,3.382710778154774e-17,0.0,0.0,0.0,0.0,60.0,"[0, 0, 0, 0, 0, 0, 0, 0]"
main_reliable_NO_FEEDBACK_O1017_N1_P0.5_B8_T1.0_S0_R5,reliable,NO_FEEDBACK,0,0,0,0,0,0,0.0,0.0,0.0,0.0,3.209238430557093e-17,0.0,0.0,0.0,0.0,60.0,"[0, 0, 0, 0, 0, 0, 0, 0]"
main_reliable_NO_FEEDBACK_O1017_N2_P0.5_B8_T1.0_S0_R5,reliable,NO_FEEDBACK,0,0,0,0,0,0,0.0,0.0,0.0,0.0,3.209238430557093e-17,0.0,0.0,0.0,0.0,60.0,"[0, 0, 0, 0, 0, 0, 0, 0]"
main_reliable_NO_FEEDBACK_O1018_N1_P0.5_B8_T1.0_S0_R5,reliable,NO_FEEDBACK,0,0,0,0,0,0,0.0,0.0,0.0,0.0,6.071532165918825e-17,0.0,0.0,0.0,0.0,60.0,"[0, 0, 0, 0, 0, 0, 0, 0]"
main_reliable_NO_FEEDBACK_O1018_N2_P0.5_B8_T1.0_S0_R5,reliable,NO_FEEDBACK,0,0,0,0,0,0,0.0,0.0,0.0,0.0,9.194034422677078e-17,0.0,0.0,0.0,0.0,60.0,"[0, 0, 0, 0, 0, 0, 0, 0]"
main_reliable_NO_FEEDBACK_O1019_N1_P0.5_B8_T1.0_S0_R5,reliable,NO_FEEDBACK,0,0,0,0,0,0,0.0,0.0,0.0,0.0,3.5561831257524545e-17,0.0,0.0,0.0,0.0,60.0,"[0, 0, 0, 0, 0, 0, 0, 0]"
main_reliable_NO_FEEDBACK_O1019_N2_P0.5_B8_T1.0_S0_R5,reliable,NO_FEEDBACK,0,0,0,0,0,0,0.0,0.0,0.0,0.0,3.5561831257524545e-17,0.0,0.0,0.0,0.0,60.0,"[0, 0, 0, 0, 0, 0, 0, 0]"
main_reliable_COV_PERIODIC_O1000_N1_P0.5_B8_T1.0_S0_R5,reliable,COV_PERIODIC,40,18,22,18,27,0,1.9000000000000001,1.9000000000000001,1.4000000000000001,0.0,1.3877787807814457e-17,0.0015722911479297867,-0.001197986533631815,0.0005156465969167927,1.9000000000000001,3.2,"[4, 2, 0, 2, 0, 0, 0, 32]"
main_reliable_COV_PERIODIC_O1000_N2_P0.5_B8_T1.0_S0_R5,reliable,COV_PERIODIC,40,18,22,18,27,0,1.7000000000000002,1.7000000000000002,2.0,0.0,1.3877787807814457e-17,0.001898287183738852,-0.0008766975089161697,0.0009079535928893742,2.0,4.9,"[7, 4, 0, 1, 0, 0, 0, 28]"
main_reliable_COV_PERIODIC_O1001_N1_P0.5_B8_T1.0_S0_R5,reliable,COV_PERIODIC,40,28,12,28,28,0,4.7,3.9000000000000004,1.3,0.0,2.7755575615628914e-17,0.0016951806120972623,-0.0026737880813268856,0.00035290720599872525,1.6,5.7,"[2, 3, 0, 2, 2, 3, 1, 27]"
main_reliable_COV_PERIODIC_O1001_N2_P0.5_B8_T1.0_S0_R5,reliable,COV_PERIODIC,40,28,12,28,28,0,7.0,2.7,5.800000000000001,0.0,2.7755575615628914e-17,0.003966008064421368,-0.0004986688016282001,0.00252330295347307,6.5,19.900000000000002,"[17, 1, 0, 7, 0, 3, 0, 12]"
main_reliable_COV_PERIODIC_O1002_N1_P0.5_B8_T1.0_S0_R5,reliable,COV_PERIODIC,40,14,26,14,25,0,1.2000000000000002,0.8,0.2,0.0,1.1015494072452725e-16,0.0008380617630286483,-0.0018438316310080522,5.646720860886927e-05,0.2,0.9,"[0, 2, 0, 0, 0, 2, 0, 36]"
main_reliable_COV_PERIODIC_O1002_N2_P0.5_B8_T1.0_S0_R5,reliable,COV_PERIODIC,40,17,23,17,26,0,8.8,7.6000000000000005,3.6,0.1,1.1015494072452725e-16,0.002124186284911766,-5.2576804762375486e-05,0.0010712174767177514,4.0,8.700000000000001,"[7, 11, 1, 4, 1, 1, 2, 13]"
main_reliable_COV_PERIODIC_O1003_N1_P0.5_B8_T1.0_S0_R5,reliable,COV_PERIODIC,40,24,16,24,30,0,6.800000000000001,4.2,2.8000000000000003,0.0,4.5102810375396984e-17,0.002007461377419648,-0.0008268945613899983,0.0007798087607000287,2.9000000000000004,6.7,"[4, 10, 0, 1, 0, 4, 3, 18]"
main_reliable_COV_PERIODIC_O1003_N2_P0.5_B8_T1.0_S0_R5,reliable,COV_PERIODIC,40,21,19,21,29,0,3.7,3.1,2.5,0.0,4.5102810375396984e-17,0.0020061971800728255,-0.0006388257875722739,0.0010997916724507964,3.4000000000000004,9.8,"[10, 1, 0, 3, 0, 3, 0, 23]"
main_reliable_COV_PERIODIC_O1004_N1_P0.5_B8_T1.0_S0_R5,reliable,COV_PERIODIC,40,19,21,19,27,0,4.800000000000001,3.4000000000000004,1.9000000000000001,0.0,1.3877787807814457e-17,0.0008459052279165935,-0.000609340862878822,0.00031068657359948677,2.1,4.0,"[2, 1, 0, 4, 0, 2, 4, 27]"
main_reliable_COV_PERIODIC_O1004_N2_P0.5_B8_T1.0_S0_R5,reliable,COV_PERIODIC,40,18,22,18,28,0,5.2,4.6000000000000005,4.1000000000000005,0.0,8.239936510889834e-18,0.001971145276063919,0.00027450823924215784,0.001096400723200009,4.1000000000000005,7.4,"[5, 0, 0, 0, 2, 2, 7, 24]"
main_reliable_COV_PERIODIC_O1005_N1_P0.5_B8_T1.0_S0_R5,reliable,COV_PERIODIC,40,12,28,12,17,0,2.8000000000000003,2.4000000000000004,1.1,0.0,1.1188966420050406e-16,0.0012477833414710475,-0.0020610319115791265,0.00022576384348340682,1.4000000000000001,1.9000000000000001,"[0, 0, 0, 3, 0, 5, 0, 32]"
main_reliable_COV_PERIODIC_O1005_N2_P0.5_B8_T1.0_S0_R5,reliable,COV_PERIODIC,40,12,28,12,16,0,7.5,5.1000000000000005,4.0,0.0,1.1188966420050406e-16,0.0035023748384476775,3.536590706134516e-05,0.0014062855495095177,5.2,9.200000000000001,"[7, 2, 0, 5, 0, 0, 7, 19]"
main_reliable_COV_PERIODIC_O1006_N1_P0.5_B8_T1.0_S0_R5,reliable,COV_PERIODIC,40,11,28,11,15,0,5.0,4.2,3.2,0.30000000000000004,8.326672684688674e-17,0.00374827925304677,-0.0017849473907199736,0.0009679971200160329,3.2,7.2,"[10, 4, 0, 4, 0, 2, 0, 20]"
main_reliable_COV_PERIODIC_O1006_N2_P0.5_B8_T1.0_S0_R5,reliable,COV_PERIODIC,40,11,28,11,13,0,3.5,2.7,2.1,0.0,8.326672684688674e-17,0.002758285022283606,-0.0019638262017483404,0.0006924772431879683,2.3000000000000003,5.800000000000001,"[4, 2, 2, 1, 0, 2, 4, 25]"
main_reliable_COV_PERIODIC_O1007_N1_P0.5_B8_T1.0_S0_R5,reliable,COV_PERIODIC,40,13,27,13,22,0,6.4,4.6000000000000005,3.7,0.0,8.326672684688674e-17,0.002679839426451467,-0.0015155402194023254,0.0014053769686337937,4.3,9.3,"[6, 5, 1, 2, 0, 0, 2, 24]"
main_reliable_COV_PERIODIC_O1007_N2_P0.5_B8_T1.0_S0_R5,reliable,COV_PERIODIC,40,13,27,13,22,0,6.2,3.1,5.2,0.0,8.326672684688674e-17,0.004593652750673603,8.521147473764922e-05,0.002322116756364501,5.6000000000000005,14.8,"[11, 2, 3, 0, 0, 2, 0, 22]"
main_reliable_COV_PERIODIC_O1008_N1_P0.5_B8_T1.0_S0_R5,reliable,COV_PERIODIC,40,14,26,14,20,0,1.1,1.1,0.0,0.0,1.9081958235744878e-17,0.000694116556496062,-0.001906029552813245,0.0,0.0,1.0,"[0, 0, 0, 0, 0, 3, 0, 37]"
main_reliable_COV_PERIODIC_O1008_N2_P0.5_B8_T1.0_S0_R5,reliable,COV_PERIODIC,40,16,24,16,20,0,6.1000000000000005,4.7,3.2,0.0,1.9081958235744878e-17,0.002102305889315021,-0.000550340086419873,0.0005604367605399101,3.9000000000000004,6.9,"[5, 2, 0, 0, 2, 3, 8, 20]"
main_reliable_COV_PERIODIC_O1009_N1_P0.5_B8_T1.0_S0_R5,reliable,COV_PERIODIC,40,8,32,8,13,0,4.0,3.3000000000000003,2.9000000000000004,0.0,1.1015494072452725e-16,0.0020341818642200145,-4.409276153000694e-05,0.0013892901150293175,3.0,7.800000000000001,"[7, 1, 0, 2, 0, 4, 2, 24]"
main_reliable_COV_PERIODIC_O1009_N2_P0.5_B8_T1.0_S0_R5,reliable,COV_PERIODIC,40,1,39,1,6,0,1.1,1.1,1.2000000000000002,0.4,1.1015494072452725e-16,0.001982923957291952,-0.0008605227685577775,0.0005077327888039554,1.1,2.6,"[5, 0, 1, 0, 1, 0, 0, 33]"
main_reliable_COV_PERIODIC_O1010_N1_P0.5_B8_T1.0_S0_R5,reliable,COV_PERIODIC,40,13,27,13,20,0,4.0,2.8000000000000003,0.8,0.0,6.245004513516506e-17,0.0012903214687868386,-0.0026459573540173463,9.836816601868605e-05,1.1,2.3000000000000003,"[0, 0, 0, 5, 0, 2, 5, 28]"
main_reliable_COV_PERIODIC_O1010_N2_P0.5_B8_T1.0_S0_R5,reliable,COV_PERIODIC,40,14,26,14,21,0,5.0,4.4,1.8,0.0,6.245004513516506e-17,0.0021278013953383397,-0.0014815571229285158,0.000516363097606187,2.7,4.5,"[2, 5, 1, 2, 2, 0, 2, 26]"
main_reliable_COV_PERIODIC_O1011_N1_P0.5_B8_T1.0_S0_R5,reliable,COV_PERIODIC,40,18,22,18,23,0,2.4000000000000004,1.2000000000000002,0.7000000000000001,0.1,7.762887554996212e-17,0.000893600909146266,-0.0015885675846336162,0.00012516918992923527,0.8,1.3,"[0, 2, 0, 2, 0, 0, 4, 32]"
main_reliable_COV_PERIODIC_O1011_N2_P0.5_B8_T1.0_S0_R5,reliable,COV_PERIODIC,40,19,21,19,23,0,6.300000000000001,4.3,2.7,0.0,7.762887554996212e-17,0.0026008578485696653,-0.00011757158005411996,0.0010752914633941066,2.8000000000000003,8.3,"[7, 3, 0, 2, 0, 4, 10, 14]"
main_reliable_COV_PERIODIC_O1012_N1_P0.5_B8_T1.0_S0_R5,reliable,COV_PERIODIC,40,15,25,15,22,0,2.7,1.7000000000000002,3.2,0.0,6.548581121812447e-17,0.0020897999903373536,-0.0009597619732747842,0.0012448251154220896,3.3000000000000003,7.5,"[8, 2, 1, 0, 0, 2, 0, 27]"
main_reliable_COV_PERIODIC_O1012_N2_P0.5_B8_T1.0_S0_R5,reliable,COV_PERIODIC,40,14,26,14,22,0,5.2,4.0,1.3,0.1,6.548581121812447e-17,0.001195441149881542,-0.0015151840549678097,0.0001438682398362282,1.8,2.7,"[0, 0, 0, 0, 0, 2, 14, 24]"
main_reliable_COV_PERIODIC_O1013_N1_P0.5_B8_T1.0_S0_R5,reliable,COV_PERIODIC,40,15,24,15,22,0,3.4000000000000004,2.4000000000000004,1.3,0.0,1.0842021724855044e-17,0.00167757395260171,-0.0025856200327477926,0.00028122390224885455,1.3,2.9000000000000004,"[2, 4, 0, 3, 0, 1, 0, 30]"
main_reliable_COV_PERIODIC_O1013_N2_P0.5_B8_T1.0_S0_R5,reliable,COV_PERIODIC,40,15,24,15,22,0,5.6000000000000005,4.4,1.9000000000000001,0.2,1.3877787807814457e-17,0.001947364552801981,-0.0021295910181255762,0.000628520448601241,2.2,6.4,"[5, 0, 0, 4, 2, 2, 8, 19]"
main_reliable_COV_PERIODIC_O1014_N1_P0.5_B8_T1.0_S0_R5,reliable,COV_PERIODIC,40,18,22,18,23,0,2.3000000000000003,1.5,0.7000000000000001,0.5,5.5077470362263625e-17,0.0010212962975668196,-0.0016926488143865243,0.0002205782095432935,0.4,1.8,"[0, 2, 2, 0, 0, 0, 3, 33]"
main_reliable_COV_PERIODIC_O1014_N2_P0.5_B8_T1.0_S0_R5,reliable,COV_PERIODIC,40,17,23,17,24,0,6.0,4.6000000000000005,2.5,0.0,5.5077470362263625e-17,0.0017299544964641282,-0.0007671760321293275,0.0006958720874955795,3.0,6.9,"[4, 6, 2, 0, 0, 3, 3, 22]"
main_reliable_COV_PERIODIC_O1015_N1_P0.5_B8_T1.0_S0_R5,reliable,COV_PERIODIC,40,2,38,2,8,0,3.4000000000000004,3.0,0.9,0.0,1.0408340855860843e-17,0.0008875011426841008,-0.0010719723466048165,0.00015554763200805865,0.9,2.8000000000000003,"[0, 3, 0, 0, 0, 5, 2, 30]"
main_reliable_COV_PERIODIC_O1015_N2_P0.5_B8_T1.0_S0_R5,reliable,COV_PERIODIC,40,9,31,9,15,0,3.4000000000000004,2.8000000000000003,2.2,0.0,7.806255641895632e-18,0.0014864650364177878,-0.00033768842920433765,0.0008903291385198881,2.7,5.7,"[8, 1, 0, 0, 0, 5, 2, 24]"
main_reliable_COV_PERIODIC_O1016_N1_P0.5_B8_T1.0_S0_R5,reliable,COV_PERIODIC,40,13,27,13,20,0,5.0,3.4000000000000004,1.0,0.2,3.382710778154774e-17,0.0013361805421929962,-0.0014175663005629713,0.00027527567812556526,1.3,3.7,"[0, 2, 2, 2, 0, 0, 8, 26]"
main_reliable_COV_PERIODIC_O1016_N2_P0.5_B8_T1.0_S0_R5,reliable,COV_PERIODIC,40,15,25,15,21,0,4.9,4.3,2.7,0.2,3.382710778154774e-17,0.001960439681240768,-0.0007449581246116344,0.0007091160091956902,2.7,5.5,"[5, 0, 0, 2, 2, 2, 6, 23]"
main_reliable_COV_PERIODIC_O1017_N1_P0.5_B8_T1.0_S0_R5,reliable,COV_PERIODIC,40,15,25,15,20,0,4.4,3.2,1.4000000000000001,0.0,3.209238430557093e-17,0.0016035760426670734,-0.0016810751276381266,0.00024317185503519855,1.5,3.2,"[1, 3, 0, 2, 0, 5, 1, 28]"
main_reliable_COV_PERIODIC_O1017_N2_P0.5_B8_T1.0_S0_R5,reliable,COV_PERIODIC,40,14,26,14,18,0,4.4,3.4000000000000004,2.7,0.2,3.209238430557093e-17,0.0016993707830943888,-0.0011567006708606562,0.0006847313034287831,2.8000000000000003,5.9,"[4, 7, 3, 0, 0, 0, 0, 26]"
main_reliable_COV_PERIODIC_O1018_N1_P0.5_B8_T1.0_S0_R5,reliable,COV_PERIODIC,40,18,21,18,24,0,2.9000000000000004,2.5,0.5,0.1,9.194034422677078e-17,0.0008991792364461933,-0.0013129273019938318,0.00011718987487289313,0.4,1.8,"[0, 2, 0, 5, 0, 0, 2, 31]"
main_reliable_COV_PERIODIC_O1018_N2_P0.5_B8_T1.0_S0_R5,reliable,COV_PERIODIC,40,18,22,18,25,0,6.4,5.300000000000001,1.6,0.0,9.194034422677078e-17,0.0013525762828421376,-0.0008613524806392619,0.00032684244715878774,2.1,3.6,"[1, 5, 0, 4, 2, 2, 6, 20]"
main_reliable_COV_PERIODIC_O1019_N1_P0.5_B8_T1.0_S0_R5,reliable,COV_PERIODIC,40,8,32,8,13,0,3.8000000000000003,3.6,2.4000000000000004,0.0,3.5561831257524545e-17,0.0016160017403965715,-0.0010215228790160064,0.000704908071778677,2.6,4.5,"[2, 3, 1, 4, 0, 0, 0, 30]"
main_reliable_COV_PERIODIC_O1019_N2_P0.5_B8_T1.0_S0_R5,reliable,COV_PERIODIC,40,6,33,6,10,0,2.8000000000000003,2.8000000000000003,1.8,0.0,3.5561831257524545e-17,0.001765735562846187,-0.0010335199651038474,0.0006469106062990432,2.0,3.3000000000000003,"[5, 2, 0, 4, 0, 2, 0, 27]"
main_reliable_COV_EVENT_O1000_N1_P0.5_B4_T1.0_S0_R5,reliable,COV_EVENT,58,17,41,17,36,0,3.0,2.4000000000000004,0.4,0.0,1.0408340855860843e-17,0.000951959292040132,-0.0014734004512884308,9.906326536492559e-05,1.0,1.6,"[2, 2, 0, 3, 0, 5, 3, 43]"
main_reliable_COV_EVENT_O1000_N2_P0.5_B4_T1.0_S0_R5,reliable,COV_EVENT,60,19,40,19,42,0,4.9,4.0,4.3,0.0,2.0816681711721685e-17,0.002942827579615648,0.00040855874334009396,0.0014538642481303956,5.0,6.800000000000001,"[12, 9, 0, 1, 0, 4, 3, 31]"
main_reliable_COV_EVENT_O1001_N1_P0.5_B4_T1.0_S0_R5,reliable,COV_EVENT,50,28,22,28,32,0,5.1000000000000005,3.9000000000000004,2.7,0.0,2.7755575615628914e-17,0.0018274976282404362,-0.000574494912694064,0.0007231050376582263,3.2,4.4,"[3, 4, 0, 1, 3, 8, 0, 31]"
main_reliable_COV_EVENT_O1001_N2_P0.5_B4_T1.0_S0_R5,reliable,COV_EVENT,50,28,22,28,32,0,4.4,2.9000000000000004,3.5,0.0,2.7755575615628914e-17,0.002671253648986082,-8.097186163124627e-05,0.0012850917949430857,4.1000000000000005,8.3,"[15, 7, 0, 3, 1, 0, 0, 24]"
main_reliable_COV_EVENT_O1002_N1_P0.5_B4_T1.0_S0_R5,reliable,COV_EVENT,60,35,25,35,44,0,6.0,2.9000000000000004,1.2000000000000002,0.0,1.1015494072452725e-16,0.0007457000866650551,-0.0005324592093097199,0.00026501708096433337,1.3,2.5,"[4, 3, 1, 18, 0, 0, 3, 31]"
main_reliable_COV_EVENT_O1002_N2_P0.5_B4_T1.0_S0_R5,reliable,COV_EVENT,58,36,22,36,45,0,8.8,4.4,4.6000000000000005,0.0,1.1015494072452725e-16,0.0024892078603871138,0.001423514257414742,0.001863073697985767,4.800000000000001,9.600000000000001,"[16, 10, 1, 2, 1, 1, 2, 25]"
main_reliable_COV_EVENT_O1003_N1_P0.5_B4_T1.0_S0_R5,reliable,COV_EVENT,59,32,27,32,41,0,5.6000000000000005,2.8000000000000003,1.3,0.0,4.5102810375396984e-17,0.0014632269204031994,-0.00021165399943589335,0.0005927180342148466,1.3,3.7,"[7, 4, 0, 6, 1, 8, 1, 32]"
main_reliable_COV_EVENT_O1003_N2_P0.5_B4_T1.0_S0_R5,reliable,COV_EVENT,54,28,26,28,38,0,7.4,4.0,2.4000000000000004,0.0,4.5102810375396984e-17,0.001313499077955191,-0.00020380523652756464,0.0007089840251925595,2.4000000000000004,5.9,"[8, 3, 0, 2, 1, 10, 5, 25]"
main_reliable_COV_EVENT_O1004_N1_P0.5_B4_T1.0_S0_R5,reliable,COV_EVENT,63,21,40,21,42,0,5.0,4.4,0.9,0.0,1.3877787807814457e-17,0.0006976740621827835,-0.0005180386759241004,0.00017787942389489782,1.3,2.7,"[5, 8, 2, 4, 0, 0, 4, 40]"
main_reliable_COV_EVENT_O1004_N2_P0.5_B4_T1.0_S0_R5,reliable,COV_EVENT,59,20,36,20,42,0,8.0,5.7,3.4000000000000004,0.0,1.0408340855860843e-17,0.001733730178557924,0.0004477865179152793,0.0009821839280624916,4.7,6.7,"[13, 1, 0, 5, 2, 6, 5, 27]"
main_reliable_COV_EVENT_O1005_N1_P0.5_B4_T1.0_S0_R5,reliable,COV_EVENT,68,19,47,19,38,0,5.9,4.800000000000001,1.8,0.0,1.1188966420050406e-16,0.0012701209666134158,-0.0009701863071272801,0.0003487453633807438,2.9000000000000004,3.4000000000000004,"[2, 7, 0, 5, 0, 3, 8, 43]"
main_reliable_COV_EVENT_O1005_N2_P0.5_B4_T1.0_S0_R5,reliable,COV_EVENT,67,19,47,19,37,0,6.6000000000000005,5.7,4.1000000000000005,0.0,1.1188966420050406e-16,0.002661513955341636,0.0002733948872824684,0.001192153133065015,5.0,3.8000000000000003,"[9, 3, 2, 13, 2, 0, 3, 35]"
main_reliable_COV_EVENT_O1006_N1_P0.5_B4_T1.0_S0_R5,reliable,COV_EVENT,78,22,56,22,44,12,7.7,5.2,3.0,0.0,8.326672684688674e-17,0.002186473670753864,-0.0001571099103955822,0.001013745813768828,3.5,4.7,"[11, 26, 1, 1, 0, 4, 0, 35]"
main_reliable_COV_EVENT_O1006_N2_P0.5_B4_T1.0_S0_R5,reliable,COV_EVENT,71,17,54,17,33,16,5.300000000000001,4.7,4.5,0.0,8.326672684688674e-17,0.0028407988571003103,0.0006230287625065363,0.0017014671900583624,4.5,5.0,"[10, 10, 1, 3, 0, 4, 3, 40]"
main_reliable_COV_EVENT_O1007_N1_P0.5_B4_T1.0_S0_R5,reliable,COV_EVENT,62,14,46,14,38,0,6.800000000000001,5.2,3.9000000000000004,0.0,8.326672684688674e-17,0.0025325538580762037,-0.0010563626615741457,0.0012687773966854206,4.6000000000000005,6.9,"[7, 0, 0, 4, 0, 8, 3, 40]"
main_reliable_COV_EVENT_O1007_N2_P0.5_B4_T1.0_S0_R5,reliable,COV_EVENT,63,16,45,16,38,0,8.6,5.1000000000000005,8.1,0.0,8.326672684688674e-17,0.005535639150935716,0.0023041293374807203,0.003652508388121522,8.3,16.6,"[21, 3, 5, 2, 0, 3, 0, 29]"
main_reliable_COV_EVENT_O1008_N1_P0.5_B4_T1.0_S0_R5,reliable,COV_EVENT,61,20,37,20,35,0,3.5,3.1,2.3000000000000003,0.0,1.9081958235744878e-17,0.002012421628383299,-8.120351049338738e-05,0.0008384176447198448,2.4000000000000004,3.1,"[5, 5, 0, 0, 0, 3, 1, 47]"
main_reliable_COV_EVENT_O1008_N2_P0.5_B4_T1.0_S0_R5,reliable,COV_EVENT,60,18,37,18,36,0,3.8000000000000003,3.3000000000000003,2.2,0.0,1.9081958235744878e-17,0.001564735179782879,-0.0005355977787274265,0.0006961252525182915,2.5,3.2,"[2, 5, 0, 0, 2, 0, 5, 46]"
main_reliable_COV_EVENT_O1009_N1_P0.5_B4_T1.0_S0_R5,reliable,COV_EVENT,71,29,37,29,43,0,3.5,1.6,0.4,0.0,1.1015494072452725e-16,0.0006920257053683277,-0.0007391716511068036,8.869442607474705e-05,0.8,1.1,"[5, 3, 2, 5, 0, 2, 6, 48]"
main_reliable_COV_EVENT_O1009_N2_P0.5_B4_T1.0_S0_R5,reliable,COV_EVENT,68,20,43,20,42,0,7.800000000000001,6.1000000000000005,5.4,0.0,1.1015494072452725e-16,0.0029995278716902383,0.0014901615607328432,0.002069693239033108,5.5,8.6,"[21, 6, 1, 1, 1, 2, 4, 32]"
main_reliable_COV_EVENT_O1010_N1_P0.5_B4_T1.0_S0_R5,reliable,COV_EVENT,72,16,56,16,41,0,2.4000000000000004,2.0,0.5,0.0,6.245004513516506e-17,0.001967780708117969,-0.0017141876298559944,0.00025708722778036084,0.8,1.0,"[5, 5, 0, 2, 1, 0, 0, 59]"
main_reliable_COV_EVENT_O1010_N2_P0.5_B4_T1.0_S0_R5,reliable,COV_EVENT,70,13,56,13,32,0,6.300000000000001,6.0,3.6,0.0,6.245004513516506e-17,0.0023097426129724784,-0.0008091157519730641,0.0007190469384779966,4.6000000000000005,2.3000000000000003,"[7, 15, 0, 0, 1, 4, 2, 41]"
main_reliable_COV_EVENT_O1011_N1_P0.5_B4_T1.0_S0_R5,reliable,COV_EVENT,56,18,38,18,36,0,2.5,2.0,0.1,0.0,7.762887554996212e-17,0.0004827895800551886,-0.0012963528122670218,5.396049307378331e-06,0.2,1.1,"[3, 2, 0, 2, 0, 1, 3, 45]"
main_reliable_COV_EVENT_O1011_N2_P0.5_B4_T1.0_S0_R5,reliable,COV_EVENT,62,19,43,19,39,0,8.200000000000001,6.5,4.2,0.0,7.762887554996212e-17,0.0033775522776328232,0.0011174252229214378,0.001956174739709452,4.6000000000000005,7.0,"[17, 4, 0, 2, 0, 4, 11, 24]"
main_reliable_COV_EVENT_O1012_N1_P0.5_B4_T1.0_S0_R5,reliable,COV_EVENT,62,17,45,17,39,7,3.3000000000000003,2.3000000000000003,1.7000000000000002,0.0,6.548581121812447e-17,0.0015493290963479994,-0.0004776913155762373,0.0007894716336330383,2.1,4.1000000000000005,"[9, 2, 2, 0, 0, 0, 4, 45]"
main_reliable_COV_EVENT_O1012_N2_P0.5_B4_T1.0_S0_R5,reliable,COV_EVENT,59,19,40,19,34,9,4.800000000000001,3.8000000000000003,1.4000000000000001,0.0,6.548581121812447e-17,0.0009701207344676914,-0.000565552669552653,0.00024952323251789055,1.8,2.1,"[2, 2, 0, 0, 0, 2, 13, 40]"
main_reliable_COV_EVENT_O1013_N1_P0.5_B4_T1.0_S0_R5,reliable,COV_EVENT,60,16,44,16,39,0,5.2,4.3,2.2,0.0,1.3877787807814457e-17,0.002211476893984183,-0.0006908558006018284,0.0005971589246036083,2.7,3.8000000000000003,"[7, 0, 0, 8, 0, 5, 3, 37]"
main_reliable_COV_EVENT_O1013_N2_P0.5_B4_T1.0_S0_R5,reliable,COV_EVENT,59,23,33,23,38,0,6.4,4.7,5.2,0.0,1.3877787807814457e-17,0.002651082458056282,0.00011148674838488734,0.0014376100099412687,5.5,8.700000000000001,"[14, 3, 0, 0, 5, 2, 8, 27]"
main_reliable_COV_EVENT_O1014_N1_P0.5_B4_T1.0_S0_R5,reliable,COV_EVENT,59,19,40,19,31,0,1.6,1.2000000000000002,0.7000000000000001,0.0,5.5077470362263625e-17,0.0011081095017510516,-0.0014989526572197107,0.00020970662314152074,0.9,1.6,"[2, 5, 0, 0, 1, 0, 1, 50]"
main_reliable_COV_EVENT_O1014_N2_P0.5_B4_T1.0_S0_R5,reliable,COV_EVENT,58,22,36,22,33,0,5.7,3.2,1.7000000000000002,0.0,5.5077470362263625e-17,0.002087872199881993,-0.0008299795598895018,0.0008691914973419327,1.9000000000000001,3.8000000000000003,"[10, 3, 0, 1, 0, 4, 3, 37]"
main_reliable_COV_EVENT_O1015_N1_P0.5_B4_T1.0_S0_R5,reliable,COV_EVENT,74,31,37,31,51,0,5.300000000000001,2.7,1.7000000000000002,0.0,7.806255641895632e-18,0.0007973087838189767,4.993144441714295e-05,0.0005069795880702624,1.8,4.0,"[10, 0, 1, 3, 1, 12, 0, 47]"
main_reliable_COV_EVENT_O1015_N2_P0.5_B4_T1.0_S0_R5,reliable,COV_EVENT,70,28,40,28,50,0,6.7,3.5,2.9000000000000004,0.0,7.806255641895632e-18,0.0014192245667689052,0.0004741337602035202,0.0009430577724745269,3.1,5.5,"[13, 5, 0, 0, 1, 7, 2, 42]"
main_reliable_COV_EVENT_O1016_N1_P0.5_B4_T1.0_S0_R5,reliable,COV_EVENT,66,19,47,19,38,8,2.8000000000000003,2.4000000000000004,2.6,0.0,3.382710778154774e-17,0.002031897113498485,0.0005232134608983753,0.0011172563443860516,2.6,5.300000000000001,"[8, 2, 0, 10, 0, 0, 0, 46]"
main_reliable_COV_EVENT_O1016_N2_P0.5_B4_T1.0_S0_R5,reliable,COV_EVENT,60,21,39,21,34,8,4.6000000000000005,3.2,3.0,0.0,3.382710778154774e-17,0.0023524611961195045,0.0008462315555170788,0.0014633430203393786,3.1,8.200000000000001,"[12, 6, 0, 0, 2, 0, 7, 33]"
main_reliable_COV_EVENT_O1017_N1_P0.5_B4_T1.0_S0_R5,reliable,COV_EVENT,68,16,50,16,44,0,5.4,4.4,2.0,0.0,3.209238430557093e-17,0.001698149039120593,-0.00042265272223533776,0.0007233238425380903,2.0,2.7,"[4, 8, 0, 9, 0, 0, 4, 43]"
main_reliable_COV_EVENT_O1017_N2_P0.5_B4_T1.0_S0_R5,reliable,COV_EVENT,66,20,39,20,33,0,7.1000000000000005,5.300000000000001,2.7,0.0,3.209238430557093e-17,0.001676919877750202,-0.0006416313744420716,0.0004968787928935775,3.0,2.6,"[4, 9, 3, 2, 0, 12, 0, 36]"
main_reliable_COV_EVENT_O1018_N1_P0.5_B4_T1.0_S0_R5,reliable,COV_EVENT,67,13,42,13,27,0,1.1,1.1,0.9,0.0,9.194034422677078e-17,0.0014632349138707515,-0.0010086682234821678,0.0005590964003689358,0.9,0.8,"[6, 0, 0, 0, 0, 0, 3, 58]"
main_reliable_COV_EVENT_O1018_N2_P0.5_B4_T1.0_S0_R5,reliable,COV_EVENT,69,12,47,12,26,0,8.1,6.7,3.2,0.0,9.194034422677078e-17,0.001990895146227733,-0.0005574886346452372,0.0010165113999581448,4.5,5.800000000000001,"[9, 11, 0, 0, 2, 1, 9, 37]"
main_reliable_COV_EVENT_O1019_N1_P0.5_B4_T1.0_S0_R5,reliable,COV_EVENT,74,13,57,13,37,2,5.6000000000000005,4.800000000000001,4.0,0.0,3.5561831257524545e-17,0.0018408410672216464,0.00021905218959796283,0.0009995039735235895,4.6000000000000005,5.4,"[10, 6, 0, 6, 0, 4, 2, 46]"
main_reliable_COV_EVENT_O1019_N2_P0.5_B4_T1.0_S0_R5,reliable,COV_EVENT,80,16,60,16,36,4,6.300000000000001,5.4,4.4,0.0,3.5561831257524545e-17,0.002308888494955735,0.0007822142404549739,0.0013811924681733905,5.1000000000000005,5.6000000000000005,"[14, 3, 0, 7, 0, 5, 7, 44]"
main_reliable_GRANT_O1000_N1_P0.5_B4_T1.0_S0_R5,reliable,GRANT,40,32,8,32,32,0,3.0,2.6,1.9000000000000001,0.0,6.938893903907228e-18,0.0015417186720179015,-0.0006006611062993588,0.0006912416870008661,2.4000000000000004,4.7,"[4, 3, 0, 2, 0, 0, 2, 29]"
main_reliable_GRANT_O1000_N2_P0.5_B4_T1.0_S0_R5,reliable,GRANT,40,32,8,32,32,0,4.6000000000000005,3.6,2.6,0.0,6.938893903907228e-18,0.0018895704914618267,-0.0002541698532414229,0.0008985487856596942,3.0,5.300000000000001,"[7, 7, 0, 1, 0, 0, 0, 25]"
main_reliable_GRANT_O1001_N1_P0.5_B4_T1.0_S0_R5,reliable,GRANT,40,29,11,29,29,0,4.7,3.9000000000000004,1.3,0.0,2.7755575615628914e-17,0.0017310193821372256,-0.002736761039892397,0.00035290720599872525,1.6,5.7,"[2, 3, 0, 2, 2, 3, 1, 27]"
main_reliable_GRANT_O1001_N2_P0.5_B4_T1.0_S0_R5,reliable,GRANT,40,29,11,29,29,0,7.0,2.7,5.9,0.0,2.7755575615628914e-17,0.003929744259097994,-0.0003973631102209948,0.0025504800872583415,6.5,19.900000000000002,"[17, 1, 0, 7, 0, 3, 0, 12]"
main_reliable_GRANT_O1002_N1_P0.5_B4_T1.0_S0_R5,reliable,GRANT,40,32,8,32,32,0,1.8,0.6000000000000001,0.7000000000000001,0.0,1.1015494072452725e-16,0.0010336462999657881,-0.0012863716465142034,0.0003952609609307224,0.7000000000000001,3.0,"[3, 0, 0, 4, 0, 2, 0, 31]"
main_reliable_GRANT_O1002_N2_P0.5_B4_T1.0_S0_R5,reliable,GRANT,40,32,8,32,32,0,7.1000000000000005,4.3,2.6,0.1,1.1015494072452725e-16,0.0017490824896803953,-0.0002759824318131333,0.0008481134643256816,2.6,7.7,"[9, 8, 1, 4, 1, 1, 0, 16]"
main_reliable_GRANT_O1003_N1_P0.5_B4_T1.0_S0_R5,reliable,GRANT,40,32,8,32,32,0,6.800000000000001,3.8000000000000003,2.2,0.0,4.5102810375396984e-17,0.0019072086074203981,-0.0008825267350335367,0.000711750092026381,2.2,6.7,"[4, 10, 0, 1, 0, 4, 3, 18]"
main_reliable_GRANT_O1003_N2_P0.5_B4_T1.0_S0_R5,reliable,GRANT,40,32,8,32,32,0,7.4,5.6000000000000005,3.0,0.0,4.5102810375396984e-17,0.0022336523441808405,-0.00045306122891132527,0.001322970897259172,3.8000000000000003,10.100000000000001,"[8, 4, 1, 2, 0, 6, 0, 19]"
main_reliable_GRANT_O1004_N1_P0.5_B4_T1.0_S0_R5,reliable,GRANT,40,9,31,9,9,0,3.7,3.1,1.1,0.0,1.3877787807814457e-17,0.0008815010090840197,-0.0021220556897061124,0.0001564701314188223,1.4000000000000001,3.3000000000000003,"[2, 1, 1, 4, 0, 0, 2, 30]"
main_reliable_GRANT_O1004_N2_P0.5_B4_T1.0_S0_R5,reliable,GRANT,40,7,33,7,7,0,2.3000000000000003,1.9000000000000001,1.8,0.0,1.3877787807814457e-17,0.001980705139094093,-0.0011740000229483315,0.0008269369641713194,2.2,6.7,"[5, 0, 0, 0, 2, 0, 5, 28]"
main_reliable_GRANT_O1005_N1_P0.5_B4_T1.0_S0_R5,reliable,GRANT,40,22,18,22,22,0,3.4000000000000004,2.6,0.6000000000000001,0.0,1.1188966420050406e-16,0.001142481969264562,-0.002129994245350371,0.00016061900379300562,0.7000000000000001,2.1,"[0, 0, 0, 5, 0, 5, 0, 30]"
main_reliable_GRANT_O1005_N2_P0.5_B4_T1.0_S0_R5,reliable,GRANT,40,22,18,22,22,0,5.5,4.7,4.0,0.0,1.1188966420050406e-16,0.0037596485505984574,0.00012325247229442925,0.0014930061639749316,4.7,10.3,"[9, 2, 0, 6, 0, 0, 7, 16]"
main_reliable_GRANT_O1006_N1_P0.5_B4_T1.0_S0_R5,reliable,GRANT,40,13,27,13,13,0,4.5,3.9000000000000004,2.4000000000000004,0.5,8.326672684688674e-17,0.0030171521550220503,-0.002260691436101554,0.0007708128738224056,2.0,4.2,"[5, 4, 0, 5, 0, 2, 0, 24]"
main_reliable_GRANT_O1006_N2_P0.5_B4_T1.0_S0_R5,reliable,GRANT,40,13,27,13,13,0,2.9000000000000004,2.1,2.4000000000000004,0.1,8.326672684688674e-17,0.0025571693562221314,-0.0019581527447358475,0.0008507692939024289,2.6,6.9,"[5, 0, 2, 1, 0, 2, 4, 26]"
main_reliable_GRANT_O1007_N1_P0.5_B4_T1.0_S0_R5,reliable,GRANT,40,25,15,25,25,0,4.800000000000001,3.2,3.7,0.0,8.326672684688674e-17,0.004114587739339205,-0.0007022977884144802,0.0016292152534355738,3.8000000000000003,10.200000000000001,"[8, 6, 1, 0, 0, 0, 1, 24]"
main_reliable_GRANT_O1007_N2_P0.5_B4_T1.0_S0_R5,reliable,GRANT,40,25,15,25,25,0,6.2,3.1,5.1000000000000005,0.0,8.326672684688674e-17,0.004612306735636248,0.00022514083895177838,0.002486903402743021,5.6000000000000005,14.8,"[11, 2, 3, 0, 0, 2, 0, 22]"
main_reliable_GRANT_O1008_N1_P0.5_B4_T1.0_S0_R5,reliable,GRANT,40,28,12,28,28,0,1.1,0.7000000000000001,0.0,0.0,1.9081958235744878e-17,0.0006627619825329753,-0.0018017302466608,0.0,0.0,1.0,"[0, 0, 0, 0, 0, 3, 0, 37]"
main_reliable_GRANT_O1008_N2_P0.5_B4_T1.0_S0_R5,reliable,GRANT,40,28,12,28,28,0,8.9,5.7,3.8000000000000003,0.30000000000000004,1.9081958235744878e-17,0.0025783314693926473,0.0002443818293502578,0.0011578999819360253,3.8000000000000003,12.0,"[8, 6, 0, 0, 2, 1, 9, 14]"
main_reliable_GRANT_O1009_N1_P0.5_B4_T1.0_S0_R5,reliable,GRANT,40,16,24,16,16,0,5.1000000000000005,2.7,2.1,0.0,1.1015494072452725e-16,0.0017021972003019802,-0.0007162581880578504,0.0009652770788102221,2.1,6.1000000000000005,"[4, 2, 1, 2, 0, 4, 2, 25]"
main_reliable_GRANT_O1009_N2_P0.5_B4_T1.0_S0_R5,reliable,GRANT,40,12,28,12,12,0,2.1,1.7000000000000002,1.2000000000000002,0.4,1.1015494072452725e-16,0.0021045142382023043,-0.0007673022351002567,0.00048169833242238906,1.1,2.8000000000000003,"[5, 0, 1, 1, 1, 0, 2, 30]"
main_reliable_GRANT_O1010_N1_P0.5_B4_T1.0_S0_R5,reliable,GRANT,40,21,19,21,21,0,5.6000000000000005,3.7,1.5,0.0,6.245004513516506e-17,0.002653542021188532,-0.001993618557826246,0.0006094039951209375,1.6,4.9,"[3, 0, 0, 5, 0, 3, 5, 24]"
main_reliable_GRANT_O1010_N2_P0.5_B4_T1.0_S0_R5,reliable,GRANT,40,21,19,21,21,0,6.6000000000000005,4.800000000000001,2.9000000000000004,0.0,6.245004513516506e-17,0.0029876616493620277,-0.0009300268971806592,0.0008649510709076519,3.5,8.700000000000001,"[6, 10, 0, 4, 0, 2, 0, 18]"
main_reliable_GRANT_O1011_N1_P0.5_B4_T1.0_S0_R5,reliable,GRANT,40,16,24,16,16,0,2.3000000000000003,1.9000000000000001,0.9,0.1,7.762887554996212e-17,0.0013096494586671687,-0.0026214449832065046,0.00011376406844208097,1.1,1.6,"[0, 2, 0, 2, 0, 0, 3, 33]"
main_reliable_GRANT_O1011_N2_P0.5_B4_T1.0_S0_R5,reliable,GRANT,40,14,26,14,14,0,6.300000000000001,3.6,1.8,0.0,7.762887554996212e-17,0.002369636053160356,-0.0014947488362805857,0.0007477274563139269,1.9000000000000001,7.0,"[5, 3, 0, 2, 0, 4, 7, 19]"
main_reliable_GRANT_O1012_N1_P0.5_B4_T1.0_S0_R5,reliable,GRANT,40,12,28,12,12,0,3.8000000000000003,2.8000000000000003,2.6,0.2,6.548581121812447e-17,0.0021924828846598514,-0.001943598170285609,0.0007263356596528647,2.6,4.0,"[2, 2, 1, 3, 0, 2, 0, 30]"
main_reliable_GRANT_O1012_N2_P0.5_B4_T1.0_S0_R5,reliable,GRANT,40,15,25,15,15,0,3.2,2.5,1.6,0.0,6.548581121812447e-17,0.0016504282745432438,-0.0016239321814615901,0.0004940075297767927,2.1,4.7,"[5, 0, 0, 1, 0, 0, 4, 30]"
main_reliable_GRANT_O1013_N1_P0.5_B4_T1.0_S0_R5,reliable,GRANT,40,27,13,27,27,0,5.7,3.5,1.4000000000000001,0.0,1.3877787807814457e-17,0.0017399753915021115,-0.002382855985601924,0.0003553424523118761,1.8,4.0,"[2, 4, 0, 3, 0, 2, 6, 23]"
main_reliable_GRANT_O1013_N2_P0.5_B4_T1.0_S0_R5,reliable,GRANT,40,28,12,28,28,0,8.200000000000001,4.3,2.6,0.0,1.3877787807814457e-17,0.0024447424715483977,-0.0011991590084810694,0.001281953941622813,2.7,9.5,"[7, 4, 0, 4, 2, 0, 7, 16]"
main_reliable_GRANT_O1014_N1_P0.5_B4_T1.0_S0_R5,reliable,GRANT,40,25,15,25,25,0,5.800000000000001,3.8000000000000003,3.3000000000000003,0.30000000000000004,5.5077470362263625e-17,0.002661596353484478,-0.000391472628381676,0.0012820090092315356,3.3000000000000003,7.7,"[6, 4, 2, 1, 0, 1, 3, 23]"
main_reliable_GRANT_O1014_N2_P0.5_B4_T1.0_S0_R5,reliable,GRANT,40,25,15,25,25,0,7.1000000000000005,4.6000000000000005,3.0,0.0,5.5077470362263625e-17,0.0027450946996379045,-0.0002940283499758048,0.000952548467408707,3.4000000000000004,8.700000000000001,"[7, 7, 2, 1, 0, 3, 4, 16]"
main_reliable_GRANT_O1015_N1_P0.5_B4_T1.0_S0_R5,reliable,GRANT,40,14,26,14,14,0,2.9000000000000004,2.1,0.8,0.0,7.806255641895632e-18,0.0008918891036205431,-0.000989935080303676,0.0002096070855802399,0.9,2.3000000000000003,"[0, 3, 0, 0, 0, 4, 2, 31]"
main_reliable_GRANT_O1015_N2_P0.5_B4_T1.0_S0_R5,reliable,GRANT,40,15,25,15,15,0,3.4000000000000004,2.8000000000000003,1.8,0.0,7.806255641895632e-18,0.0015323457936021292,-0.00031186000433124366,0.0008503884457215098,2.1,5.7,"[8, 1, 0, 0, 0, 5, 2, 24]"
main_reliable_GRANT_O1016_N1_P0.5_B4_T1.0_S0_R5,reliable,GRANT,40,16,24,16,16,0,4.1000000000000005,3.3000000000000003,1.7000000000000002,0.2,3.382710778154774e-17,0.0018524047603816318,-0.0016352977941571111,0.0005378359116503456,1.9000000000000001,4.0,"[2, 0, 2, 0, 0, 0, 8, 28]"
main_reliable_GRANT_O1016_N2_P0.5_B4_T1.0_S0_R5,reliable,GRANT,40,16,24,16,16,0,4.7,4.1000000000000005,3.1,0.2,3.382710778154774e-17,0.00210486112541941,-0.0010990390780604637,0.0007750278091370669,3.1,6.800000000000001,"[6, 0, 0, 0, 3, 0, 6, 25]"
main_reliable_GRANT_O1017_N1_P0.5_B4_T1.0_S0_R5,reliable,GRANT,40,25,15,25,25,0,6.5,4.5,1.6,0.0,3.209238430557093e-17,0.0017893417661145022,-0.0012539912294794574,0.000341348418685726,2.1,6.1000000000000005,"[1, 7, 0, 4, 0, 4, 1, 23]"
main_reliable_GRANT_O1017_N2_P0.5_B4_T1.0_S0_R5,reliable,GRANT,40,24,16,24,24,0,3.9000000000000004,3.1,3.8000000000000003,0.30000000000000004,3.209238430557093e-17,0.002395842406318939,-0.00045766330658574743,0.0013654566341831835,3.8000000000000003,10.0,"[5, 8, 3, 0, 0, 0, 0, 24]"
main_reliable_GRANT_O1018_N1_P0.5_B4_T1.0_S0_R5,reliable,GRANT,40,15,25,15,15,0,3.4000000000000004,3.0,0.9,0.1,9.194034422677078e-17,0.001159509146993221,-0.001868223124590063,0.0002626297385912245,1.1,3.1,"[2, 4, 0, 2, 0, 1, 3, 28]"
main_reliable_GRANT_O1018_N2_P0.5_B4_T1.0_S0_R5,reliable,GRANT,40,16,24,16,16,0,6.300000000000001,5.5,3.8000000000000003,0.1,9.194034422677078e-17,0.002744313228156068,-0.00022642924845884705,0.0012548130139236533,3.8000000000000003,8.4,"[6, 6, 0, 0, 2, 1, 10, 15]"
main_reliable_GRANT_O1019_N1_P0.5_B4_T1.0_S0_R5,reliable,GRANT,40,10,30,10,10,0,2.3000000000000003,2.1,1.0,0.0,3.5561831257524545e-17,0.0012460225160946096,-0.0014844793157991474,0.0003387549678645184,1.1,2.3000000000000003,"[2, 0, 1, 4, 0, 0, 0, 33]"
main_reliable_GRANT_O1019_N2_P0.5_B4_T1.0_S0_R5,reliable,GRANT,40,7,33,7,7,0,2.3000000000000003,2.3000000000000003,1.7000000000000002,0.0,3.5561831257524545e-17,0.0017610367501095547,-0.001020382070178909,0.0006395479208217176,1.8,3.7,"[4, 2, 0, 3, 0, 2, 0, 29]"
main_reliable_GOQ_O1000_N1_P0.2_B4_T0.4_S0_R5,reliable,GOQ,100,48,52,48,48,42,6.300000000000001,5.4,6.800000000000001,1.5,6.938893903907228e-18,0.0033218532850022887,0.0009810843542679393,0.0021017341848670514,6.0,14.700000000000001,"[20, 9, 1, 9, 0, 9, 0, 52]"
main_reliable_GOQ_O1000_N2_P0.2_B4_T0.4_S0_R5,reliable,GOQ,100,57,43,57,57,33,9.4,4.4,7.1000000000000005,0.9,6.938893903907228e-18,0.003275015247919312,0.0011353771777392536,0.0021082933710114943,7.2,19.900000000000002,"[31, 3, 0, 2, 0, 15, 1, 48]"
main_reliable_GOQ_O1001_N1_P0.2_B4_T0.4_S0_R5,reliable,GOQ,100,65,35,65,65,23,5.1000000000000005,4.6000000000000005,2.6,0.4,2.7755575615628914e-17,0.0020507491390473276,-0.0006208244478314529,0.0008144733849380734,2.2,9.1,"[8, 6, 0, 8, 0, 15, 0, 63]"
main_reliable_GOQ_O1001_N2_P0.2_B4_T0.4_S0_R5,reliable,GOQ,100,67,33,67,67,21,11.5,7.6000000000000005,7.6000000000000005,0.7000000000000001,2.7755575615628914e-17,0.004055180083366544,0.001960844641155378,0.002770381012283706,7.4,22.1,"[27, 13, 0, 16, 0, 11, 1, 32]"
main_reliable_GOQ_O1002_N1_P0.2_B4_T0.4_S0_R5,reliable,GOQ,100,87,13,87,87,4,5.7,4.800000000000001,0.9,0.0,1.1015494072452725e-16,0.0007755083115541015,-3.435856091022694e-05,0.000310521679640534,1.0,6.1000000000000005,"[3, 4, 0, 20, 0, 3, 3, 67]"
main_reliable_GOQ_O1002_N2_P0.2_B4_T0.4_S0_R5,reliable,GOQ,100,88,12,88,88,3,9.9,6.5,7.7,0.0,1.1015494072452725e-16,0.003464497897139671,0.002766923758648371,0.002968358820229052,7.800000000000001,19.700000000000003,"[25, 14, 2, 6, 2, 9, 0, 42]"
main_reliable_GOQ_O1003_N1_P0.2_B4_T0.4_S0_R5,reliable,GOQ,100,80,20,80,80,10,8.8,6.800000000000001,3.8000000000000003,0.5,4.5102810375396984e-17,0.0019190054353140735,0.0007064535787000103,0.0013055555063261636,3.6,14.100000000000001,"[12, 11, 1, 14, 2, 10, 0, 50]"
main_reliable_GOQ_O1003_N2_P0.2_B4_T0.4_S0_R5,reliable,GOQ,100,84,16,84,84,7,6.300000000000001,4.6000000000000005,4.2,0.4,4.5102810375396984e-17,0.002068853809436208,0.0010740290724219532,0.0015036428613836932,4.0,12.5,"[17, 2, 2, 2, 0, 14, 4, 59]"
main_reliable_GOQ_O1004_N1_P0.2_B4_T0.4_S0_R5,reliable,GOQ,100,61,39,61,61,17,7.1000000000000005,4.800000000000001,5.0,0.1,1.0408340855860843e-17,0.002660007835476622,0.0011079125053976317,0.0018734473655888013,5.0,14.3,"[18, 11, 0, 15, 0, 1, 0, 55]"
main_reliable_GOQ_O1004_N2_P0.2_B4_T0.4_S0_R5,reliable,GOQ,100,57,43,57,57,16,8.3,5.9,6.5,0.2,1.3877787807814457e-17,0.0033636323453477635,0.0016082058438804663,0.002403006208281709,7.0,17.7,"[23, 9, 0, 11, 5, 0, 4, 48]"
main_reliable_GOQ_O1005_N1_P0.2_B4_T0.4_S0_R5,reliable,GOQ,100,51,49,51,51,20,8.700000000000001,6.1000000000000005,6.5,0.7000000000000001,1.1188966420050406e-16,0.003744015906081859,0.0014999224033418425,0.0024500448765769427,6.4,19.5,"[26, 7, 0, 10, 0, 14, 0, 43]"
main_reliable_GOQ_O1005_N2_P0.2_B4_T0.4_S0_R5,reliable,GOQ,100,56,44,56,56,18,5.5,4.7,6.9,0.1,1.1188966420050406e-16,0.003676921583572164,0.0015854826697289364,0.002494301832174845,7.0,18.5,"[30, 0, 0, 9, 1, 16, 0, 44]"
main_reliable_GOQ_O1006_N1_P0.2_B4_T0.4_S0_R5,reliable,GOQ,100,48,52,48,48,20,9.5,7.300000000000001,8.4,0.4,8.326672684688674e-17,0.0048239538154230014,0.002268244596148439,0.0032443696596942758,8.6,23.5,"[32, 14, 1, 8, 1, 10, 1, 33]"
main_reliable_GOQ_O1006_N2_P0.2_B4_T0.4_S0_R5,reliable,GOQ,100,36,63,37,36,29,7.5,5.6000000000000005,8.1,0.30000000000000004,8.326672684688674e-17,0.004681103004763526,0.0018780046132462261,0.002878820892404428,8.200000000000001,20.700000000000003,"[27, 12, 2, 7, 1, 4, 2, 45]"
main_reliable_GOQ_O1007_N1_P0.2_B4_T0.4_S0_R5,reliable,GOQ,100,65,35,65,65,20,6.2,4.4,3.9000000000000004,0.5,8.326672684688674e-17,0.0024295231162634813,0.0002903003472808856,0.0013752485733872467,3.6,11.700000000000001,"[13, 12, 0, 0, 0, 12, 0, 63]"
main_reliable_GOQ_O1007_N2_P0.2_B4_T0.4_S0_R5,reliable,GOQ,100,70,30,70,70,15,8.8,4.4,7.300000000000001,0.6000000000000001,8.326672684688674e-17,0.0037388726448387777,0.0019103876816599812,0.0026650540347384847,7.4,19.5,"[30, 1, 2, 3, 2, 11, 0, 51]"
main_reliable_GOQ_O1008_N1_P0.2_B4_T0.4_S0_R5,reliable,GOQ,100,53,47,53,53,35,7.7,6.0,5.800000000000001,0.6000000000000001,1.9081958235744878e-17,0.0030257766842709914,0.0012948780209405069,0.001967428992804042,5.800000000000001,14.9,"[16, 13, 0, 10, 0, 3, 5, 53]"
main_reliable_GOQ_O1008_N2_P0.2_B4_T0.4_S0_R5,reliable,GOQ,100,61,39,61,61,27,7.5,5.5,5.4,0.5,1.9081958235744878e-17,0.002335497617329981,0.000996761520099382,0.0015723946668449768,5.6000000000000005,14.5,"[18, 7, 0, 2, 4, 9, 6, 54]"
main_reliable_GOQ_O1009_N1_P0.2_B4_T0.4_S0_R5,reliable,GOQ,100,40,60,40,40,21,6.7,5.0,5.300000000000001,0.2,1.1015494072452725e-16,0.0028332953723288314,0.0009186381892175805,0.0017427494835928702,5.2,12.700000000000001,"[19, 3, 0, 10, 0, 9, 3, 56]"
main_reliable_GOQ_O1009_N2_P0.2_B4_T0.4_S0_R5,reliable,GOQ,100,43,57,43,43,22,8.4,6.0,7.7,0.2,1.1015494072452725e-16,0.004707622907459145,0.002745834976843995,0.003400781426122894,7.6000000000000005,21.5,"[31, 7, 2, 6, 4, 9, 2, 39]"
main_reliable_GOQ_O1010_N1_P0.2_B4_T0.4_S0_R5,reliable,GOQ,100,68,32,68,68,9,5.9,4.7,4.7,0.0,6.245004513516506e-17,0.002925167499385,0.0008219095324869818,0.0017369268060222751,5.0,12.5,"[14, 10, 3, 8, 0, 4, 0, 61]"
main_reliable_GOQ_O1010_N2_P0.2_B4_T0.4_S0_R5,reliable,GOQ,100,70,30,70,70,6,10.600000000000001,7.800000000000001,5.5,0.1,6.245004513516506e-17,0.0028328935122239845,0.0008562002606716797,0.001656125927008248,6.2,16.5,"[14, 16, 0, 5, 0, 21, 2, 42]"
main_reliable_GOQ_O1011_N1_P0.2_B4_T0.4_S0_R5,reliable,GOQ,100,56,44,56,56,21,6.1000000000000005,4.0,4.2,0.2,7.762887554996212e-17,0.002345052870091629,0.00016613959300052994,0.0012771249912136423,4.6000000000000005,13.3,"[15, 10, 0, 3, 0, 7, 3, 62]"
main_reliable_GOQ_O1011_N2_P0.2_B4_T0.4_S0_R5,reliable,GOQ,100,49,51,49,49,24,6.7,4.800000000000001,5.800000000000001,0.5,7.762887554996212e-17,0.002933987310316952,0.0005867640151106815,0.0015821300543781252,5.800000000000001,16.3,"[22, 8, 2, 4, 4, 2, 4, 54]"
main_reliable_GOQ_O1012_N1_P0.2_B4_T0.4_S0_R5,reliable,GOQ,100,32,68,32,32,52,5.0,4.6000000000000005,3.8000000000000003,0.9,6.548581121812447e-17,0.0027785505626184326,-0.0003141665093414442,0.0010395124209636986,3.8000000000000003,7.300000000000001,"[8, 4, 0, 8, 0, 14, 0, 66]"
main_reliable_GOQ_O1012_N2_P0.2_B4_T0.4_S0_R5,reliable,GOQ,100,49,51,49,49,34,9.700000000000001,7.300000000000001,7.4,0.7000000000000001,6.548581121812447e-17,0.003496337970485078,0.000981759435382134,0.0022389638313861475,8.0,20.900000000000002,"[26, 8, 0, 1, 13, 2, 9, 41]"
main_reliable_GOQ_O1013_N1_P0.2_B4_T0.4_S0_R5,reliable,GOQ,100,47,53,47,47,42,8.8,6.0,6.6000000000000005,0.6000000000000001,1.0842021724855044e-17,0.0035210078323806484,0.00099830134433552,0.002202981830678073,6.4,18.3,"[26, 8, 0, 19, 1, 4, 0, 42]"
main_reliable_GOQ_O1013_N2_P0.2_B4_T0.4_S0_R5,reliable,GOQ,100,53,47,53,53,36,11.200000000000001,6.800000000000001,9.700000000000001,0.8,2.7755575615628914e-17,0.004343572789166888,0.0019801052275278215,0.003210033126472211,9.4,24.5,"[34, 9, 2, 4, 6, 9, 2, 34]"
main_reliable_GOQ_O1014_N1_P0.2_B4_T0.4_S0_R5,reliable,GOQ,100,55,45,55,55,28,9.1,7.300000000000001,4.9,0.7000000000000001,5.5077470362263625e-17,0.002550644261175344,3.7132329661643364e-05,0.0013807597982762184,4.800000000000001,13.5,"[12, 11, 0, 6, 1, 17, 5, 48]"
main_reliable_GOQ_O1014_N2_P0.2_B4_T0.4_S0_R5,reliable,GOQ,100,58,42,58,58,26,7.1000000000000005,5.6000000000000005,6.9,0.6000000000000001,5.5077470362263625e-17,0.003372758736499406,0.000993924804672423,0.0021725286690718014,6.800000000000001,19.700000000000003,"[28, 11, 0, 5, 0, 10, 3, 43]"
main_reliable_GOQ_O1015_N1_P0.2_B4_T0.4_S0_R5,reliable,GOQ,100,64,36,64,64,19,10.100000000000001,8.5,5.6000000000000005,0.1,7.806255641895632e-18,0.0026566444695105256,0.0015368613967328274,0.0020075240708253097,5.6000000000000005,15.3,"[10, 13, 4, 8, 1, 20, 1, 43]"
main_reliable_GOQ_O1015_N2_P0.2_B4_T0.4_S0_R5,reliable,GOQ,100,54,46,54,54,20,6.5,4.3,5.0,0.1,7.806255641895632e-18,0.002818943055733261,0.0013763851101411758,0.002158761088940416,5.6000000000000005,14.100000000000001,"[20, 3, 0, 5, 0, 13, 3, 56]"
main_reliable_GOQ_O1016_N1_P0.2_B4_T0.4_S0_R5,reliable,GOQ,100,38,62,38,38,42,6.300000000000001,4.5,4.4,0.6000000000000001,3.382710778154774e-17,0.0028084771434011796,0.00037902238321483277,0.0014562914947850746,4.2,12.5,"[16, 6, 0, 11, 1, 5, 3, 58]"
main_reliable_GOQ_O1016_N2_P0.2_B4_T0.4_S0_R5,reliable,GOQ,100,48,52,48,48,30,7.1000000000000005,5.6000000000000005,5.9,0.2,3.382710778154774e-17,0.0030414530126059436,0.0011175291682828563,0.0019616314484398696,6.800000000000001,18.1,"[23, 13, 0, 5, 3, 4, 6, 46]"
main_reliable_GOQ_O1017_N1_P0.2_B4_T0.4_S0_R5,reliable,GOQ,100,66,34,66,66,16,7.9,6.9,3.0,0.0,3.209238430557093e-17,0.0020120238983424386,0.00011030400233207588,0.0009598409726564932,3.4000000000000004,11.700000000000001,"[8, 6, 3, 25, 0, 5, 0, 53]"
main_reliable_GOQ_O1017_N2_P0.2_B4_T0.4_S0_R5,reliable,GOQ,100,66,34,66,66,17,7.4,6.0,3.4000000000000004,0.2,3.209238430557093e-17,0.002211366446718188,0.00031844496603410864,0.0011782706384846475,3.4000000000000004,11.100000000000001,"[9, 12, 0, 16, 0, 4, 2, 57]"
main_reliable_GOQ_O1018_N1_P0.2_B4_T0.4_S0_R5,reliable,GOQ,100,45,55,45,45,34,7.800000000000001,5.300000000000001,6.7,0.6000000000000001,9.194034422677078e-17,0.003500867609243924,0.001481290316686376,0.002314616255893379,6.4,16.900000000000002,"[23, 10, 0, 6, 0, 11, 0, 50]"
main_reliable_GOQ_O1018_N2_P0.2_B4_T0.4_S0_R5,reliable,GOQ,100,46,54,46,46,30,7.300000000000001,5.5,6.1000000000000005,1.3,9.194034422677078e-17,0.0027922172718426973,0.000996572246158897,0.001863294181231892,5.6000000000000005,17.5,"[22, 11, 3, 5, 5, 0, 6, 48]"
main_reliable_GOQ_O1019_N1_P0.2_B4_T0.4_S0_R5,reliable,GOQ,100,48,52,48,48,14,4.7,4.5,4.6000000000000005,0.2,3.5561831257524545e-17,0.0028321685608825643,0.0008917360668724998,0.001676272192521431,4.4,8.5,"[6, 14, 0, 2, 0, 8, 0, 70]"
main_reliable_GOQ_O1019_N2_P0.2_B4_T0.4_S0_R5,reliable,GOQ,100,51,49,51,51,15,4.7,4.1000000000000005,4.7,0.30000000000000004,3.5561831257524545e-17,0.0028058037675043317,0.0010075545299167551,0.0017946661474120365,4.4,9.700000000000001,"[10, 7, 0, 12, 0, 3, 0, 68]"
main_reliable_PRESCRIPTION_O1000_N1_P0.5_B8_T1.0_S0_R5,reliable,PRESCRIPTION,100,91,9,91,92,0,2.5,0.1,0.0,0.0,2.0816681711721685e-17,0.0002787087564367981,-0.00036976096708308317,0.0,0.0,0.30000000000000004,"[4, 0, 0, 2, 1, 4, 6, 83]"
main_reliable_PRESCRIPTION_O1000_N2_P0.5_B8_T1.0_S0_R5,reliable,PRESCRIPTION,100,91,9,91,93,0,2.9000000000000004,1.5,1.4000000000000001,0.0,2.0816681711721685e-17,0.0006709215551934223,2.2194240352613817e-05,0.00034340510875068155,1.4000000000000001,1.1,"[9, 6, 0, 2, 0, 4, 4, 75]"
main_reliable_PRESCRIPTION_O1001_N1_P0.5_B8_T1.0_S0_R5,reliable,PRESCRIPTION,100,88,12,88,88,0,6.4,2.1,0.7000000000000001,0.0,2.7755575615628914e-17,0.0011562431339329244,-0.0004052955732662418,0.00028475738075876367,1.4000000000000001,2.1,"[4, 9, 0, 4, 1, 11, 11, 60]"
main_reliable_PRESCRIPTION_O1001_N2_P0.5_B8_T1.0_S0_R5,reliable,PRESCRIPTION,100,88,12,88,88,0,8.3,6.2,5.6000000000000005,0.0,2.7755575615628914e-17,0.0027708466659976277,0.0012810818646995762,0.0019472935960368493,5.800000000000001,7.7,"[25, 15, 0, 5, 0, 3, 5, 47]"
main_reliable_PRESCRIPTION_O1002_N1_P0.5_B8_T1.0_S0_R5,reliable,PRESCRIPTION,100,92,8,92,95,0,0.9,0.1,0.0,0.0,1.1015494072452725e-16,0.000224925692604508,-0.0002904657468045999,0.0,0.0,0.30000000000000004,"[0, 0, 0, 6, 0, 0, 0, 94]"
main_reliable_PRESCRIPTION_O1002_N2_P0.5_B8_T1.0_S0_R5,reliable,PRESCRIPTION,100,92,8,92,95,0,4.5,1.9000000000000001,1.7000000000000002,0.0,1.1015494072452725e-16,0.000796011464070454,0.00027973725350410975,0.0005308342213516547,1.8,2.5,"[6, 13, 2, 0, 1, 4, 0, 74]"
main_reliable_PRESCRIPTION_O1003_N1_P0.5_B8_T1.0_S0_R5,reliable,PRESCRIPTION,100,90,10,90,92,0,2.4000000000000004,0.30000000000000004,0.0,0.0,4.5102810375396984e-17,0.0002044658108564315,-0.00032085253200080056,0.0,0.2,0.5,"[3, 2, 2, 4, 0, 2, 2, 85]"
main_reliable_PRESCRIPTION_O1003_N2_P0.5_B8_T1.0_S0_R5,reliable,PRESCRIPTION,100,89,11,89,92,0,7.6000000000000005,2.8000000000000003,2.1,0.0,4.5102810375396984e-17,0.0007885285422233086,0.00025203075321214824,0.0005240906309114842,2.6,1.9000000000000001,"[7, 13, 0, 5, 1, 13, 5, 56]"
main_reliable_PRESCRIPTION_O1004_N1_P0.5_B8_T1.0_S0_R5,reliable,PRESCRIPTION,100,89,11,89,92,0,5.6000000000000005,2.7,1.7000000000000002,0.0,1.3877787807814457e-17,0.0009008995287174931,0.000336044706353401,0.0006447140633044829,3.2,6.300000000000001,"[9, 2, 0, 20, 0, 0, 3, 66]"
main_reliable_PRESCRIPTION_O1004_N2_P0.5_B8_T1.0_S0_R5,reliable,PRESCRIPTION,100,89,11,89,92,0,7.2,4.1000000000000005,4.9,0.0,1.3877787807814457e-17,0.0018659256886694264,0.0013051109211406776,0.001434180450633959,5.4,6.300000000000001,"[22, 6, 0, 7, 3, 3, 10, 49]"
main_reliable_PRESCRIPTION_O1005_N1_P0.5_B8_T1.0_S0_R5,reliable,PRESCRIPTION,100,76,24,76,79,0,6.7,2.8000000000000003,4.0,0.0,1.1188966420050406e-16,0.002341964177642757,0.0011289780032934336,0.0015358253190825447,4.3,9.5,"[12, 17, 0, 6, 0, 6, 5, 54]"
main_reliable_PRESCRIPTION_O1005_N2_P0.5_B8_T1.0_S0_R5,reliable,PRESCRIPTION,100,75,25,75,81,0,7.800000000000001,4.4,5.1000000000000005,0.0,1.1188966420050406e-16,0.002351970517069559,0.0011132032923159513,0.0014250529583052507,5.5,9.0,"[19, 9, 1, 6, 2, 2, 7, 54]"
main_reliable_PRESCRIPTION_O1006_N1_P0.5_B8_T1.0_S0_R5,reliable,PRESCRIPTION,100,67,33,67,74,0,5.800000000000001,3.6,3.4000000000000004,0.0,8.326672684688674e-17,0.0017837480820121297,-3.0020242187081164e-05,0.0007780483555899438,4.1000000000000005,6.800000000000001,"[13, 4, 1, 7, 0, 2, 8, 65]"
main_reliable_PRESCRIPTION_O1006_N2_P0.5_B8_T1.0_S0_R5,reliable,PRESCRIPTION,100,69,31,69,76,0,6.300000000000001,4.9,5.300000000000001,0.0,8.326672684688674e-17,0.003202392325575929,0.0015213368736964284,0.002002178201814879,5.7,7.1000000000000005,"[13, 18, 3, 2, 0, 6, 0, 58]"
main_reliable_PRESCRIPTION_O1007_N1_P0.5_B8_T1.0_S0_R5,reliable,PRESCRIPTION,100,84,16,84,89,0,4.3,1.3,0.5,0.1,8.326672684688674e-17,0.0005056312328668089,-0.0006963364682891304,6.985501274388299e-05,1.0,1.1,"[2, 7, 0, 1, 0, 9, 7, 74]"
main_reliable_PRESCRIPTION_O1007_N2_P0.5_B8_T1.0_S0_R5,reliable,PRESCRIPTION,100,84,16,84,89,0,6.800000000000001,4.4,3.2,0.0,8.326672684688674e-17,0.0017447296227583748,0.0005455779582159903,0.0011914030319021753,4.0,2.7,"[3, 6, 5, 0, 1, 13, 10, 62]"
main_reliable_PRESCRIPTION_O1008_N1_P0.5_B8_T1.0_S0_R5,reliable,PRESCRIPTION,100,86,14,86,92,0,3.5,0.8,1.3,0.0,1.9081958235744878e-17,0.00094114593118087,0.00011327966659223364,0.0004362840298147602,1.8,3.9000000000000004,"[9, 3, 0, 0, 1, 9, 5, 73]"
main_reliable_PRESCRIPTION_O1008_N2_P0.5_B8_T1.0_S0_R5,reliable,PRESCRIPTION,100,86,14,86,92,0,4.3,1.5,1.6,0.0,1.9081958235744878e-17,0.0006428194791816534,-0.0001954152410994118,0.00021791404790823268,1.6,1.7000000000000002,"[3, 2, 0, 0, 3, 6, 11, 75]"
main_reliable_PRESCRIPTION_O1009_N1_P0.5_B8_T1.0_S0_R5,reliable,PRESCRIPTION,100,83,17,83,86,0,4.4,1.6,1.2000000000000002,0.0,1.1015494072452725e-16,0.0008480245996473178,0.00010492304296793174,0.0004179155351830497,1.2000000000000002,0.7000000000000001,"[2, 5, 6, 0, 1, 6, 6, 74]"
main_reliable_PRESCRIPTION_O1009_N2_P0.5_B8_T1.0_S0_R5,reliable,PRESCRIPTION,100,83,17,83,86,0,4.2,2.4000000000000004,2.0,0.0,1.1015494072452725e-16,0.0013541404663983485,0.0006114185918112746,0.0008580092185846489,2.0,1.7000000000000002,"[10, 5, 2, 0, 1, 8, 4, 70]"
main_reliable_PRESCRIPTION_O1010_N1_P0.5_B8_T1.0_S0_R5,reliable,PRESCRIPTION,100,71,29,71,79,0,5.1000000000000005,3.1,2.6,0.0,6.245004513516506e-17,0.0011700416192117953,-0.0003561904846562143,0.00042209381817571084,3.0,1.7000000000000002,"[7, 9, 3, 10, 0, 0, 5, 66]"
main_reliable_PRESCRIPTION_O1010_N2_P0.5_B8_T1.0_S0_R5,reliable,PRESCRIPTION,100,73,27,73,79,0,8.200000000000001,3.7,3.1,0.1,6.245004513516506e-17,0.00155208807073448,4.0571032578190296e-05,0.0006625276870436279,3.2,2.3000000000000003,"[10, 25, 0, 2, 4, 6, 6, 47]"
main_reliable_PRESCRIPTION_O1011_N1_P0.5_B8_T1.0_S0_R5,reliable,PRESCRIPTION,100,86,14,86,90,0,1.5,1.2000000000000002,1.2000000000000002,0.0,7.762887554996212e-17,0.0008134800546321479,-0.00011238316756824822,0.0003681996127712453,1.2000000000000002,1.1,"[5, 0, 0, 7, 0, 2, 0, 86]"
main_reliable_PRESCRIPTION_O1011_N2_P0.5_B8_T1.0_S0_R5,reliable,PRESCRIPTION,100,86,14,86,90,0,4.0,2.7,2.4000000000000004,0.0,7.762887554996212e-17,0.0014358299436586456,0.0005099336427836004,0.0009405385216792763,3.0,2.1,"[13, 0, 0, 0, 1, 4, 9, 73]"
main_reliable_PRESCRIPTION_O1012_N1_P0.5_B8_T1.0_S0_R5,reliable,PRESCRIPTION,100,81,19,81,87,0,2.7,1.2000000000000002,1.3,0.0,6.548581121812447e-17,0.0007862022515831471,-0.0003644488146945671,0.00021347085443650175,1.4000000000000001,1.1,"[4, 0, 1, 0, 0, 0, 13, 82]"
main_reliable_PRESCRIPTION_O1012_N2_P0.5_B8_T1.0_S0_R5,reliable,PRESCRIPTION,100,82,18,82,88,0,5.4,3.2,1.9000000000000001,0.0,6.548581121812447e-17,0.0011151075466308666,2.4465037253806557e-05,0.00045215477605825875,2.9000000000000004,2.6,"[9, 2, 0, 0, 5, 9, 13, 62]"
main_reliable_PRESCRIPTION_O1013_N1_P0.5_B8_T1.0_S0_R5,reliable,PRESCRIPTION,100,86,14,86,88,0,4.1000000000000005,1.6,1.5,0.0,2.0816681711721685e-17,0.0012434868682594615,3.846855005946266e-05,0.0005709856463427125,1.8,0.7000000000000001,"[9, 5, 0, 10, 1, 0, 6, 69]"
main_reliable_PRESCRIPTION_O1013_N2_P0.5_B8_T1.0_S0_R5,reliable,PRESCRIPTION,100,86,14,86,88,0,6.800000000000001,2.9000000000000004,2.6,0.0,2.0816681711721685e-17,0.0010775412807128859,-0.0001323857872245417,0.0005218076733377975,2.8000000000000003,2.5,"[23, 10, 0, 2, 3, 1, 10, 51]"
main_reliable_PRESCRIPTION_O1014_N1_P0.5_B8_T1.0_S0_R5,reliable,PRESCRIPTION,100,80,20,80,86,0,1.9000000000000001,0.9,1.4000000000000001,0.0,5.5077470362263625e-17,0.001342447666834369,-5.4921134515595675e-05,0.0007830583943787907,1.6,1.7000000000000002,"[8, 3, 0, 0, 0, 2, 3, 84]"
main_reliable_PRESCRIPTION_O1014_N2_P0.5_B8_T1.0_S0_R5,reliable,PRESCRIPTION,100,80,20,80,85,0,5.7,3.1,2.2,0.0,5.5077470362263625e-17,0.0011809138961611841,-0.0001935761516163699,0.0006227483057369925,3.0,2.9000000000000004,"[20, 5, 0, 0, 0, 10, 7, 58]"
main_reliable_PRESCRIPTION_O1015_N1_P0.5_B8_T1.0_S0_R5,reliable,PRESCRIPTION,100,93,7,93,97,0,3.8000000000000003,1.2000000000000002,0.9,0.0,1.0408340855860843e-17,0.0002762324192368268,1.7341885590751396e-06,0.00015243964747360943,1.2000000000000002,1.9000000000000001,"[6, 4, 0, 2, 0, 2, 10, 76]"
main_reliable_PRESCRIPTION_O1015_N2_P0.5_B8_T1.0_S0_R5,reliable,PRESCRIPTION,100,93,7,93,97,0,5.6000000000000005,2.1,2.4000000000000004,0.0,1.0408340855860843e-17,0.0007741820879840632,0.0004998007781946334,0.0006208773094123573,2.6,4.7,"[19, 3, 0, 2, 0, 8, 9, 59]"
main_reliable_PRESCRIPTION_O1016_N1_P0.5_B8_T1.0_S0_R5,reliable,PRESCRIPTION,100,78,22,78,82,0,4.800000000000001,2.0,2.3000000000000003,0.0,3.382710778154774e-17,0.0015888169368350302,0.0005955055688469961,0.0008927147457077145,3.1,6.5,"[13, 0, 0, 11, 2, 0, 1, 73]"
main_reliable_PRESCRIPTION_O1016_N2_P0.5_B8_T1.0_S0_R5,reliable,PRESCRIPTION,100,78,22,78,85,0,6.6000000000000005,4.2,5.4,0.0,3.382710778154774e-17,0.0024054152354687137,0.0015596839130715987,0.0017838140091838406,6.1000000000000005,12.700000000000001,"[25, 11, 0, 2, 3, 0, 6, 53]"
main_reliable_PRESCRIPTION_O1017_N1_P0.5_B8_T1.0_S0_R5,reliable,PRESCRIPTION,100,78,22,78,83,0,4.2,1.0,1.8,0.0,3.209238430557093e-17,0.0014480648423159054,0.00022220722435107188,0.0007158063037390953,2.2,5.6000000000000005,"[7, 2, 2, 11, 1, 0, 8, 69]"
main_reliable_PRESCRIPTION_O1017_N2_P0.5_B8_T1.0_S0_R5,reliable,PRESCRIPTION,100,79,21,79,84,0,6.800000000000001,4.4,5.6000000000000005,0.0,3.209238430557093e-17,0.002098497516483804,0.001063006086441972,0.0014378937956205456,5.6000000000000005,9.5,"[19, 12, 5, 2, 0, 7, 0, 55]"
main_reliable_PRESCRIPTION_O1018_N1_P0.5_B8_T1.0_S0_R5,reliable,PRESCRIPTION,100,85,15,85,86,0,3.9000000000000004,1.0,0.6000000000000001,0.0,9.194034422677078e-17,0.0005861418747542262,-0.0002474790255836522,0.0001456746282020455,0.8,1.5,"[2, 11, 0, 3, 0, 0, 7, 77]"
main_reliable_PRESCRIPTION_O1018_N2_P0.5_B8_T1.0_S0_R5,reliable,PRESCRIPTION,100,85,15,85,86,0,6.6000000000000005,4.800000000000001,3.5,0.1,9.194034422677078e-17,0.0012260405130426566,0.0004169756010994903,0.0006477144113529718,4.4,3.8000000000000003,"[12, 10, 0, 2, 3, 6, 7, 60]"
main_reliable_PRESCRIPTION_O1019_N1_P0.5_B8_T1.0_S0_R5,reliable,PRESCRIPTION,98,62,36,62,79,0,4.5,1.2000000000000002,0.8,0.0,3.5561831257524545e-17,0.0006552687953853708,-0.00040702904841842633,0.00012008867969852063,1.0,0.7000000000000001,"[6, 2, 0, 10, 0, 6, 6, 68]"
main_reliable_PRESCRIPTION_O1019_N2_P0.5_B8_T1.0_S0_R5,reliable,PRESCRIPTION,100,62,38,62,77,0,7.1000000000000005,3.9000000000000004,2.8000000000000003,0.0,3.5561831257524545e-17,0.0012028753158767741,0.0001781519173909587,0.0005419026707558311,3.5,2.1,"[5, 3, 1, 13, 0, 7, 12, 59]"
main_partial_NO_FEEDBACK_O1000_N1_P0.5_B8_T1.0_S0_R5,partial,NO_FEEDBACK,0,0,0,0,0,0,0.0,0.0,0.0,0.0,8.326672684688674e-17,0.0,0.0,0.0,0.0,60.0,"[0, 0, 0, 0, 0, 0, 0, 0]"
main_partial_NO_FEEDBACK_O1000_N2_P0.5_B8_T1.0_S0_R5,partial,NO_FEEDBACK,0,0,0,0,0,0,0.0,0.0,0.0,0.0,8.326672684688674e-17,0.0,0.0,0.0,0.0,60.0,"[0, 0, 0, 0, 0, 0, 0, 0]"
main_partial_NO_FEEDBACK_O1001_N1_P0.5_B8_T1.0_S0_R5,partial,NO_FEEDBACK,0,0,0,0,0,0,0.0,0.0,0.0,0.0,2.7755575615628914e-17,0.0,0.0,0.0,0.0,60.0,"[0, 0, 0, 0, 0, 0, 0, 0]"
main_partial_NO_FEEDBACK_O1001_N2_P0.5_B8_T1.0_S0_R5,partial,NO_FEEDBACK,0,0,0,0,0,0,0.0,0.0,0.0,0.0,2.47198095326695e-17,0.0,0.0,0.0,0.0,60.0,"[0, 0, 0, 0, 0, 0, 0, 0]"
main_partial_NO_FEEDBACK_O1002_N1_P0.5_B8_T1.0_S0_R5,partial,NO_FEEDBACK,0,0,0,0,0,0,0.0,0.0,0.0,0.0,1.1015494072452725e-16,0.0,0.0,0.0,0.0,60.0,"[0, 0, 0, 0, 0, 0, 0, 0]"
main_partial_NO_FEEDBACK_O1002_N2_P0.5_B8_T1.0_S0_R5,partial,NO_FEEDBACK,0,0,0,0,0,0,0.0,0.0,0.0,0.0,1.1015494072452725e-16,0.0,0.0,0.0,0.0,60.0,"[0, 0, 0, 0, 0, 0, 0, 0]"
main_partial_NO_FEEDBACK_O1003_N1_P0.5_B8_T1.0_S0_R5,partial,NO_FEEDBACK,0,0,0,0,0,0,0.0,0.0,0.0,0.0,5.551115123125783e-17,0.0,0.0,0.0,0.0,60.0,"[0, 0, 0, 0, 0, 0, 0, 0]"
main_partial_NO_FEEDBACK_O1003_N2_P0.5_B8_T1.0_S0_R5,partial,NO_FEEDBACK,0,0,0,0,0,0,0.0,0.0,0.0,0.0,5.551115123125783e-17,0.0,0.0,0.0,0.0,60.0,"[0, 0, 0, 0, 0, 0, 0, 0]"
main_partial_NO_FEEDBACK_O1004_N1_P0.5_B8_T1.0_S0_R5,partial,NO_FEEDBACK,0,0,0,0,0,0,0.0,0.0,0.0,0.0,2.0816681711721685e-17,0.0,0.0,0.0,0.0,60.0,"[0, 0, 0, 0, 0, 0, 0, 0]"
main_partial_NO_FEEDBACK_O1004_N2_P0.5_B8_T1.0_S0_R5,partial,NO_FEEDBACK,0,0,0,0,0,0,0.0,0.0,0.0,0.0,1.3877787807814457e-17,0.0,0.0,0.0,0.0,60.0,"[0, 0, 0, 0, 0, 0, 0, 0]"
main_partial_NO_FEEDBACK_O1005_N1_P0.5_B8_T1.0_S0_R5,partial,NO_FEEDBACK,0,0,0,0,0,0,0.0,0.0,0.0,0.0,1.1188966420050406e-16,0.0,0.0,0.0,0.0,60.0,"[0, 0, 0, 0, 0, 0, 0, 0]"
main_partial_NO_FEEDBACK_O1005_N2_P0.5_B8_T1.0_S0_R5,partial,NO_FEEDBACK,0,0,0,0,0,0,0.0,0.0,0.0,0.0,1.0061396160665481e-16,0.0,0.0,0.0,0.0,60.0,"[0, 0, 0, 0, 0, 0, 0, 0]"
main_partial_NO_FEEDBACK_O1006_N1_P0.5_B8_T1.0_S0_R5,partial,NO_FEEDBACK,0,0,0,0,0,0,0.0,0.0,0.0,0.0,8.413408858487514e-17,0.0,0.0,0.0,0.0,60.0,"[0, 0, 0, 0, 0, 0, 0, 0]"
main_partial_NO_FEEDBACK_O1006_N2_P0.5_B8_T1.0_S0_R5,partial,NO_FEEDBACK,0,0,0,0,0,0,0.0,0.0,0.0,0.0,8.413408858487514e-17,0.0,0.0,0.0,0.0,60.0,"[0, 0, 0, 0, 0, 0, 0, 0]"
main_partial_NO_FEEDBACK_O1007_N1_P0.5_B8_T1.0_S0_R5,partial,NO_FEEDBACK,0,0,0,0,0,0,0.0,0.0,0.0,0.0,8.543513119185775e-17,0.0,0.0,0.0,0.0,60.0,"[0, 0, 0, 0, 0, 0, 0, 0]"
main_partial_NO_FEEDBACK_O1007_N2_P0.5_B8_T1.0_S0_R5,partial,NO_FEEDBACK,0,0,0,0,0,0,0.0,0.0,0.0,0.0,8.543513119185775e-17,0.0,0.0,0.0,0.0,60.0,"[0, 0, 0, 0, 0, 0, 0, 0]"
main_partial_NO_FEEDBACK_O1008_N1_P0.5_B8_T1.0_S0_R5,partial,NO_FEEDBACK,0,0,0,0,0,0,0.0,0.0,0.0,0.0,1.9081958235744878e-17,0.0,0.0,0.0,0.0,60.0,"[0, 0, 0, 0, 0, 0, 0, 0]"
main_partial_NO_FEEDBACK_O1008_N2_P0.5_B8_T1.0_S0_R5,partial,NO_FEEDBACK,0,0,0,0,0,0,0.0,0.0,0.0,0.0,1.9081958235744878e-17,0.0,0.0,0.0,0.0,60.0,"[0, 0, 0, 0, 0, 0, 0, 0]"
main_partial_NO_FEEDBACK_O1009_N1_P0.5_B8_T1.0_S0_R5,partial,NO_FEEDBACK,0,0,0,0,0,0,0.0,0.0,0.0,0.0,1.1015494072452725e-16,0.0,0.0,0.0,0.0,60.0,"[0, 0, 0, 0, 0, 0, 0, 0]"
main_partial_NO_FEEDBACK_O1009_N2_P0.5_B8_T1.0_S0_R5,partial,NO_FEEDBACK,0,0,0,0,0,0,0.0,0.0,0.0,0.0,1.1015494072452725e-16,0.0,0.0,0.0,0.0,60.0,"[0, 0, 0, 0, 0, 0, 0, 0]"
main_partial_NO_FEEDBACK_O1010_N1_P0.5_B8_T1.0_S0_R5,partial,NO_FEEDBACK,0,0,0,0,0,0,0.0,0.0,0.0,0.0,6.245004513516506e-17,0.0,0.0,0.0,0.0,60.0,"[0, 0, 0, 0, 0, 0, 0, 0]"
main_partial_NO_FEEDBACK_O1010_N2_P0.5_B8_T1.0_S0_R5,partial,NO_FEEDBACK,0,0,0,0,0,0,0.0,0.0,0.0,0.0,5.637851296924623e-17,0.0,0.0,0.0,0.0,60.0,"[0, 0, 0, 0, 0, 0, 0, 0]"
main_partial_NO_FEEDBACK_O1011_N1_P0.5_B8_T1.0_S0_R5,partial,NO_FEEDBACK,0,0,0,0,0,0,0.0,0.0,0.0,0.0,7.762887554996212e-17,0.0,0.0,0.0,0.0,60.0,"[0, 0, 0, 0, 0, 0, 0, 0]"
main_partial_NO_FEEDBACK_O1011_N2_P0.5_B8_T1.0_S0_R5,partial,NO_FEEDBACK,0,0,0,0,0,0,0.0,0.0,0.0,0.0,7.762887554996212e-17,0.0,0.0,0.0,0.0,60.0,"[0, 0, 0, 0, 0, 0, 0, 0]"
main_partial_NO_FEEDBACK_O1012_N1_P0.5_B8_T1.0_S0_R5,partial,NO_FEEDBACK,0,0,0,0,0,0,0.0,0.0,0.0,0.0,6.548581121812447e-17,0.0,0.0,0.0,0.0,60.0,"[0, 0, 0, 0, 0, 0, 0, 0]"
main_partial_NO_FEEDBACK_O1012_N2_P0.5_B8_T1.0_S0_R5,partial,NO_FEEDBACK,0,0,0,0,0,0,0.0,0.0,0.0,0.0,6.548581121812447e-17,0.0,0.0,0.0,0.0,60.0,"[0, 0, 0, 0, 0, 0, 0, 0]"
main_partial_NO_FEEDBACK_O1013_N1_P0.5_B8_T1.0_S0_R5,partial,NO_FEEDBACK,0,0,0,0,0,0,0.0,0.0,0.0,0.0,1.0842021724855044e-17,0.0,0.0,0.0,0.0,60.0,"[0, 0, 0, 0, 0, 0, 0, 0]"
main_partial_NO_FEEDBACK_O1013_N2_P0.5_B8_T1.0_S0_R5,partial,NO_FEEDBACK,0,0,0,0,0,0,0.0,0.0,0.0,0.0,1.3877787807814457e-17,0.0,0.0,0.0,0.0,60.0,"[0, 0, 0, 0, 0, 0, 0, 0]"
main_partial_NO_FEEDBACK_O1014_N1_P0.5_B8_T1.0_S0_R5,partial,NO_FEEDBACK,0,0,0,0,0,0,0.0,0.0,0.0,0.0,5.551115123125783e-17,0.0,0.0,0.0,0.0,60.0,"[0, 0, 0, 0, 0, 0, 0, 0]"
main_partial_NO_FEEDBACK_O1014_N2_P0.5_B8_T1.0_S0_R5,partial,NO_FEEDBACK,0,0,0,0,0,0,0.0,0.0,0.0,0.0,5.551115123125783e-17,0.0,0.0,0.0,0.0,60.0,"[0, 0, 0, 0, 0, 0, 0, 0]"
main_partial_NO_FEEDBACK_O1015_N1_P0.5_B8_T1.0_S0_R5,partial,NO_FEEDBACK,0,0,0,0,0,0,0.0,0.0,0.0,0.0,2.7755575615628914e-17,0.0,0.0,0.0,0.0,60.0,"[0, 0, 0, 0, 0, 0, 0, 0]"
main_partial_NO_FEEDBACK_O1015_N2_P0.5_B8_T1.0_S0_R5,partial,NO_FEEDBACK,0,0,0,0,0,0,0.0,0.0,0.0,0.0,2.7755575615628914e-17,0.0,0.0,0.0,0.0,60.0,"[0, 0, 0, 0, 0, 0, 0, 0]"
main_partial_NO_FEEDBACK_O1016_N1_P0.5_B8_T1.0_S0_R5,partial,NO_FEEDBACK,0,0,0,0,0,0,0.0,0.0,0.0,0.0,3.382710778154774e-17,0.0,0.0,0.0,0.0,60.0,"[0, 0, 0, 0, 0, 0, 0, 0]"
main_partial_NO_FEEDBACK_O1016_N2_P0.5_B8_T1.0_S0_R5,partial,NO_FEEDBACK,0,0,0,0,0,0,0.0,0.0,0.0,0.0,3.382710778154774e-17,0.0,0.0,0.0,0.0,60.0,"[0, 0, 0, 0, 0, 0, 0, 0]"
main_partial_NO_FEEDBACK_O1017_N1_P0.5_B8_T1.0_S0_R5,partial,NO_FEEDBACK,0,0,0,0,0,0,0.0,0.0,0.0,0.0,5.074066167232161e-17,0.0,0.0,0.0,0.0,60.0,"[0, 0, 0, 0, 0, 0, 0, 0]"
main_partial_NO_FEEDBACK_O1017_N2_P0.5_B8_T1.0_S0_R5,partial,NO_FEEDBACK,0,0,0,0,0,0,0.0,0.0,0.0,0.0,5.074066167232161e-17,0.0,0.0,0.0,0.0,60.0,"[0, 0, 0, 0, 0, 0, 0, 0]"
main_partial_NO_FEEDBACK_O1018_N1_P0.5_B8_T1.0_S0_R5,partial,NO_FEEDBACK,0,0,0,0,0,0,0.0,0.0,0.0,0.0,9.194034422677078e-17,0.0,0.0,0.0,0.0,60.0,"[0, 0, 0, 0, 0, 0, 0, 0]"
main_partial_NO_FEEDBACK_O1018_N2_P0.5_B8_T1.0_S0_R5,partial,NO_FEEDBACK,0,0,0,0,0,0,0.0,0.0,0.0,0.0,9.194034422677078e-17,0.0,0.0,0.0,0.0,60.0,"[0, 0, 0, 0, 0, 0, 0, 0]"
main_partial_NO_FEEDBACK_O1019_N1_P0.5_B8_T1.0_S0_R5,partial,NO_FEEDBACK,0,0,0,0,0,0,0.0,0.0,0.0,0.0,7.068998164605489e-17,0.0,0.0,0.0,0.0,60.0,"[0, 0, 0, 0, 0, 0, 0, 0]"
main_partial_NO_FEEDBACK_O1019_N2_P0.5_B8_T1.0_S0_R5,partial,NO_FEEDBACK,0,0,0,0,0,0,0.0,0.0,0.0,0.0,7.068998164605489e-17,0.0,0.0,0.0,0.0,60.0,"[0, 0, 0, 0, 0, 0, 0, 0]"
main_partial_COV_PERIODIC_O1000_N1_P0.5_B8_T1.0_S0_R5,partial,COV_PERIODIC,40,20,20,20,28,0,13.9,12.200000000000001,8.4,0.0,1.3877787807814457e-17,0.004245532572580423,0.0010233537300912093,0.0028038186147414045,9.0,16.3,"[8, 6, 0, 18, 1, 1, 0, 6]"
main_partial_COV_PERIODIC_O1000_N2_P0.5_B8_T1.0_S0_R5,partial,COV_PERIODIC,40,18,22,18,27,0,9.200000000000001,8.1,8.6,0.0,8.326672684688674e-17,0.004527736007181728,0.001562896265570739,0.0030974543123921112,9.4,17.400000000000002,"[13, 8, 0, 5, 1, 3, 0, 10]"
main_partial_COV_PERIODIC_O1001_N1_P0.5_B8_T1.0_S0_R5,partial,COV_PERIODIC,40,28,12,28,28,0,10.8,7.7,5.4,0.0,2.7755575615628914e-17,0.0035280512651239726,-0.0014776352131637017,0.001660644055741323,7.9,16.3,"[11, 6, 0, 9, 1, 2, 0, 11]"
main_partial_COV_PERIODIC_O1001_N2_P0.5_B8_T1.0_S0_R5,partial,COV_PERIODIC,40,28,12,28,28,0,13.600000000000001,9.4,10.100000000000001,0.0,2.7755575615628914e-17,0.005450955798992894,0.0007653329726306938,0.0035393621714329263,11.3,23.1,"[17, 10, 1, 4, 0, 1, 0, 7]"
main_partial_COV_PERIODIC_O1002_N1_P0.5_B8_T1.0_S0_R5,partial,COV_PERIODIC,40,26,14,26,29,0,17.3,11.3,10.3,0.2,1.1015494072452725e-16,0.0050307546978550725,0.0021351244231982524,0.003967094982270506,11.200000000000001,30.400000000000002,"[20, 10, 0, 8, 0, 2, 0, 0]"
main_partial_COV_PERIODIC_O1002_N2_P0.5_B8_T1.0_S0_R5,partial,COV_PERIODIC,40,16,24,16,28,0,13.5,11.5,7.300000000000001,0.0,1.1015494072452725e-16,0.004883196536828853,0.0017275042561347353,0.00271746789864305,8.6,21.0,"[15, 9, 1, 5, 1, 5, 0, 4]"
main_partial_COV_PERIODIC_O1003_N1_P0.5_B8_T1.0_S0_R5,partial,COV_PERIODIC,40,26,14,26,29,0,15.0,11.100000000000001,10.5,0.0,4.5102810375396984e-17,0.004957632623750475,0.0020117211247274265,0.003481847914061954,11.3,21.900000000000002,"[8, 12, 2, 11, 0, 0, 1, 6]"
main_partial_COV_PERIODIC_O1003_N2_P0.5_B8_T1.0_S0_R5,partial,COV_PERIODIC,40,24,16,24,31,0,12.100000000000001,10.100000000000001,5.5,0.0,5.551115123125783e-17,0.0034885536896674756,-4.132658229355934e-05,0.0020160401025739625,5.5,15.100000000000001,"[8, 10, 0, 6, 2, 6, 0, 8]"
main_partial_COV_PERIODIC_O1004_N1_P0.5_B8_T1.0_S0_R5,partial,COV_PERIODIC,40,20,20,20,28,0,13.3,8.6,9.200000000000001,0.0,2.0816681711721685e-17,0.004863736835301246,0.002847346388979456,0.003415444960935539,9.5,18.5,"[15, 3, 0, 10, 0, 2, 0, 10]"
main_partial_COV_PERIODIC_O1004_N2_P0.5_B8_T1.0_S0_R5,partial,COV_PERIODIC,40,23,16,23,29,0,14.200000000000001,9.9,11.100000000000001,0.0,1.3877787807814457e-17,0.005350544503782125,0.003235477423318102,0.00426698630570868,11.4,28.200000000000003,"[19, 12, 0, 2, 1, 1, 0, 5]"
main_partial_COV_PERIODIC_O1005_N1_P0.5_B8_T1.0_S0_R5,partial,COV_PERIODIC,40,15,25,15,17,0,13.8,10.8,9.9,0.0,1.1188966420050406e-16,0.005349777578486824,0.0018518678056220078,0.0034683915932081266,11.5,25.3,"[19, 7, 1, 7, 0, 2, 0, 4]"
main_partial_COV_PERIODIC_O1005_N2_P0.5_B8_T1.0_S0_R5,partial,COV_PERIODIC,40,12,28,12,19,0,12.5,9.4,8.200000000000001,0.1,1.1188966420050406e-16,0.00494558389817183,0.0013499418536800118,0.002732569423497456,8.8,23.3,"[15, 12, 0, 4, 1, 5, 0, 3]"
main_partial_COV_PERIODIC_O1006_N1_P0.5_B8_T1.0_S0_R5,partial,COV_PERIODIC,40,12,27,12,15,0,12.700000000000001,10.100000000000001,6.300000000000001,0.4,8.326672684688674e-17,0.004377702524627991,-0.0008697004261990127,0.0017824008510002145,7.800000000000001,20.3,"[15, 4, 1, 11, 0, 0, 1, 8]"
main_partial_COV_PERIODIC_O1006_N2_P0.5_B8_T1.0_S0_R5,partial,COV_PERIODIC,40,10,29,10,13,0,12.3,7.800000000000001,7.9,0.0,8.413408858487514e-17,0.005198246520623955,0.00018547755960324075,0.002434457273735109,9.700000000000001,22.900000000000002,"[17, 8, 0, 2, 2, 3, 0, 8]"
main_partial_COV_PERIODIC_O1007_N1_P0.5_B8_T1.0_S0_R5,partial,COV_PERIODIC,40,17,23,17,24,0,9.8,7.800000000000001,6.0,0.0,8.326672684688674e-17,0.0034813203380284624,-0.0013361533424165904,0.0019526522876474742,7.4,16.900000000000002,"[6, 9, 1, 7, 0, 1, 0, 16]"
main_partial_COV_PERIODIC_O1007_N2_P0.5_B8_T1.0_S0_R5,partial,COV_PERIODIC,40,15,25,15,22,0,14.3,11.9,10.4,0.0,8.543513119185775e-17,0.005857148631269705,0.0008469380784961531,0.003012164818825942,12.200000000000001,20.700000000000003,"[11, 8, 0, 7, 4, 5, 0, 5]"
main_partial_COV_PERIODIC_O1008_N1_P0.5_B8_T1.0_S0_R5,partial,COV_PERIODIC,40,13,27,13,20,0,8.9,6.7,6.1000000000000005,0.0,1.9081958235744878e-17,0.0035043122672528564,0.0007269949771883707,0.0020729753489174664,7.0,15.8,"[13, 4, 0, 11, 0, 0, 0, 12]"
main_partial_COV_PERIODIC_O1008_N2_P0.5_B8_T1.0_S0_R5,partial,COV_PERIODIC,40,18,22,18,22,0,13.8,10.9,11.4,0.0,1.9081958235744878e-17,0.006033566237172725,0.0031769895977646224,0.004276186123221396,11.9,23.900000000000002,"[15, 11, 1, 5, 0, 1, 1, 6]"
main_partial_COV_PERIODIC_O1009_N1_P0.5_B8_T1.0_S0_R5,partial,COV_PERIODIC,40,9,31,9,14,0,14.4,9.600000000000001,8.700000000000001,0.2,1.1015494072452725e-16,0.004898574409012849,0.002161414105799581,0.0030275453099272752,9.1,21.5,"[13, 2, 1, 15, 0, 2, 0, 7]"
main_partial_COV_PERIODIC_O1009_N2_P0.5_B8_T1.0_S0_R5,partial,COV_PERIODIC,40,2,38,2,13,0,6.2,6.2,7.4,0.0,1.1015494072452725e-16,0.004848182200135619,0.0017881597097053387,0.0029197367406371953,7.800000000000001,16.3,"[16, 2, 1, 4, 0, 4, 2, 11]"
main_partial_COV_PERIODIC_O1010_N1_P0.5_B8_T1.0_S0_R5,partial,COV_PERIODIC,40,14,26,14,22,0,14.8,12.9,7.7,0.0,6.245004513516506e-17,0.00429783551729919,-0.0004641761164371456,0.0020052281572166043,9.600000000000001,16.900000000000002,"[9, 7, 4, 12, 0, 2, 1, 5]"
main_partial_COV_PERIODIC_O1010_N2_P0.5_B8_T1.0_S0_R5,partial,COV_PERIODIC,40,17,23,17,22,0,8.5,6.2,5.0,0.0,6.245004513516506e-17,0.004228207618861152,-0.0006651759601544077,0.0018850109607893763,6.1000000000000005,17.7,"[17, 5, 0, 5, 0, 4, 0, 9]"
main_partial_COV_PERIODIC_O1011_N1_P0.5_B8_T1.0_S0_R5,partial,COV_PERIODIC,40,20,20,20,25,0,12.9,8.700000000000001,7.5,0.0,7.762887554996212e-17,0.004005512413450111,0.0010936894374704747,0.002261571093929512,8.700000000000001,18.2,"[15, 4, 1, 7, 1, 2, 0, 10]"
main_partial_COV_PERIODIC_O1011_N2_P0.5_B8_T1.0_S0_R5,partial,COV_PERIODIC,40,18,22,18,24,0,11.8,6.800000000000001,9.200000000000001,0.1,7.762887554996212e-17,0.004837344829868092,0.0018007687458688414,0.0035190983677803388,10.200000000000001,23.5,"[20, 3, 0, 9, 0, 0, 0, 8]"
main_partial_COV_PERIODIC_O1012_N1_P0.5_B8_T1.0_S0_R5,partial,COV_PERIODIC,40,15,25,15,23,0,11.200000000000001,9.8,7.7,0.30000000000000004,6.548581121812447e-17,0.0038004080052704923,0.0007530757913347475,0.002397095004304912,8.9,14.200000000000001,"[13, 4, 0, 11, 0, 0, 0, 12]"
main_partial_COV_PERIODIC_O1012_N2_P0.5_B8_T1.0_S0_R5,partial,COV_PERIODIC,40,15,25,15,22,0,9.9,7.9,9.1,0.0,6.548581121812447e-17,0.005601069201283372,0.002297558554180109,0.0033872223194339156,9.3,17.400000000000002,"[16, 7, 1, 2, 0, 5, 0, 9]"
main_partial_COV_PERIODIC_O1013_N1_P0.5_B8_T1.0_S0_R5,partial,COV_PERIODIC,40,15,24,15,22,0,16.8,8.700000000000001,10.0,0.0,2.0816681711721685e-17,0.006050464195098513,0.001294686914753416,0.003769653646299309,13.0,30.200000000000003,"[22, 3, 4, 8, 0, 0, 0, 3]"
main_partial_COV_PERIODIC_O1013_N2_P0.5_B8_T1.0_S0_R5,partial,COV_PERIODIC,40,16,23,16,21,0,9.4,7.4,7.1000000000000005,0.2,1.3877787807814457e-17,0.004430340395462915,8.603708962330729e-05,0.002449007416183242,9.1,19.6,"[13, 11, 1, 2, 1, 1, 1, 10]"
main_partial_COV_PERIODIC_O1014_N1_P0.5_B8_T1.0_S0_R5,partial,COV_PERIODIC,40,14,26,14,22,0,13.4,11.700000000000001,7.9,0.2,5.5077470362263625e-17,0.0038780637933060733,0.00048524931441946306,0.002362790820006367,9.0,15.100000000000001,"[9, 9, 0, 11, 1, 3, 0, 7]"
main_partial_COV_PERIODIC_O1014_N2_P0.5_B8_T1.0_S0_R5,partial,COV_PERIODIC,40,15,25,15,23,0,8.9,7.5,6.300000000000001,0.0,5.551115123125783e-17,0.003819920447396792,0.0006583546397051725,0.0019294499971058592,7.2,11.9,"[12, 5, 1, 11, 1, 0, 1, 9]"
main_partial_COV_PERIODIC_O1015_N1_P0.5_B8_T1.0_S0_R5,partial,COV_PERIODIC,40,7,33,7,11,0,11.3,9.700000000000001,9.0,0.0,1.0408340855860843e-17,0.004898828235832844,0.0026241506925794565,0.0034047335202873103,10.0,19.0,"[13, 6, 1, 11, 0, 2, 0, 7]"
main_partial_COV_PERIODIC_O1015_N2_P0.5_B8_T1.0_S0_R5,partial,COV_PERIODIC,40,5,35,5,14,0,10.5,8.4,7.9,0.0,2.7755575615628914e-17,0.0038761965977559525,0.0016981832914271654,0.002758295954052955,8.1,17.5,"[16, 4, 1, 8, 0, 2, 0, 9]"
main_partial_COV_PERIODIC_O1016_N1_P0.5_B8_T1.0_S0_R5,partial,COV_PERIODIC,40,15,25,15,22,0,13.9,9.8,10.8,0.2,3.382710778154774e-17,0.005372009100672926,0.002726658155979633,0.0035350867369184358,11.5,23.5,"[16, 6, 0, 5, 2, 5, 1, 5]"
main_partial_COV_PERIODIC_O1016_N2_P0.5_B8_T1.0_S0_R5,partial,COV_PERIODIC,40,16,24,16,22,0,11.0,8.0,11.0,0.0,3.382710778154774e-17,0.005924965507791303,0.002761997264682917,0.004160425692552644,11.4,24.6,"[22, 6, 0, 6, 0, 3, 0, 3]"
main_partial_COV_PERIODIC_O1017_N1_P0.5_B8_T1.0_S0_R5,partial,COV_PERIODIC,40,14,26,14,17,0,10.5,6.9,4.3,0.1,3.209238430557093e-17,0.00256695501684647,-0.0007656688087225535,0.0013289346755188463,5.6000000000000005,14.3,"[8, 8, 0, 12, 0, 1, 0, 11]"
main_partial_COV_PERIODIC_O1017_N2_P0.5_B8_T1.0_S0_R5,partial,COV_PERIODIC,40,19,21,19,21,0,14.8,11.600000000000001,6.5,0.1,5.074066167232161e-17,0.004573410849907268,0.0003957163267709268,0.0021755140457482675,7.4,20.700000000000003,"[16, 8, 2, 8, 0, 2, 0, 4]"
main_partial_COV_PERIODIC_O1018_N1_P0.5_B8_T1.0_S0_R5,partial,COV_PERIODIC,40,19,20,19,23,0,12.8,9.8,7.300000000000001,0.2,9.194034422677078e-17,0.0032522004178451185,0.000626526225963194,0.0016670385967319109,8.3,12.700000000000001,"[5, 7, 0, 11, 0, 6, 0, 11]"
main_partial_COV_PERIODIC_O1018_N2_P0.5_B8_T1.0_S0_R5,partial,COV_PERIODIC,40,14,26,14,22,0,10.4,8.200000000000001,6.6000000000000005,0.0,9.194034422677078e-17,0.00396483359201453,0.0017122316546387684,0.0025503815567490275,7.6000000000000005,17.0,"[10, 8, 1, 6, 0, 5, 0, 10]"
main_partial_COV_PERIODIC_O1019_N1_P0.5_B8_T1.0_S0_R5,partial,COV_PERIODIC,40,8,32,8,14,0,10.0,8.4,9.3,0.2,3.5561831257524545e-17,0.004838195791696341,0.0023381756707876885,0.003278926009353412,9.5,21.3,"[14, 4, 0, 13, 0, 3, 0, 6]"
main_partial_COV_PERIODIC_O1019_N2_P0.5_B8_T1.0_S0_R5,partial,COV_PERIODIC,40,12,28,12,17,0,11.5,10.200000000000001,6.1000000000000005,0.0,7.068998164605489e-17,0.00323918950704152,0.0009078322856115781,0.002191421501531516,7.300000000000001,13.200000000000001,"[7, 10, 0, 10, 1, 2, 0, 10]"
main_partial_COV_EVENT_O1000_N1_P0.5_B8_T1.0_S0_R5,partial,COV_EVENT,53,19,34,19,34,0,16.400000000000002,11.600000000000001,9.700000000000001,0.0,2.0816681711721685e-17,0.005034185648962072,0.0029673158766174972,0.003492063918026244,10.3,17.2,"[15, 10, 5, 10, 2, 4, 2, 5]"
main_partial_COV_EVENT_O1000_N2_P0.5_B8_T1.0_S0_R5,partial,COV_EVENT,58,19,39,19,39,0,13.700000000000001,9.200000000000001,10.600000000000001,0.0,8.326672684688674e-17,0.005960098352682088,0.004159737991049493,0.0049228279128372306,11.100000000000001,21.6,"[22, 6, 0, 13, 1, 2, 1, 13]"
main_partial_COV_EVENT_O1001_N1_P0.5_B8_T1.0_S0_R5,partial,COV_EVENT,50,28,22,28,32,0,13.600000000000001,9.700000000000001,6.7,0.0,2.7755575615628914e-17,0.00504278660106543,0.0018942139343008102,0.002785679280397918,7.9,11.600000000000001,"[16, 9, 2, 12, 0, 3, 1, 7]"
main_partial_COV_EVENT_O1001_N2_P0.5_B8_T1.0_S0_R5,partial,COV_EVENT,50,28,22,28,32,0,10.3,6.6000000000000005,4.0,0.0,2.7755575615628914e-17,0.00264372761049822,6.539148309384333e-05,0.0015156601329848586,4.6000000000000005,9.8,"[16, 6, 0, 8, 0, 7, 0, 13]"
main_partial_COV_EVENT_O1002_N1_P0.5_B8_T1.0_S0_R5,partial,COV_EVENT,54,21,33,21,37,0,12.600000000000001,7.0,5.5,0.0,1.1015494072452725e-16,0.003296250147067088,0.0014738843867223126,0.0021879115187421177,5.9,12.200000000000001,"[12, 5, 0, 25, 1, 4, 1, 6]"
main_partial_COV_EVENT_O1002_N2_P0.5_B8_T1.0_S0_R5,partial,COV_EVENT,56,17,39,17,37,0,10.9,8.8,6.300000000000001,0.0,1.1015494072452725e-16,0.003710686579448716,0.0018985359370620387,0.002805554581976568,7.0,15.4,"[10, 14, 3, 15, 0, 2, 2, 10]"
main_partial_COV_EVENT_O1003_N1_P0.5_B8_T1.0_S0_R5,partial,COV_EVENT,56,22,34,22,36,0,14.9,11.8,9.1,0.0,4.5102810375396984e-17,0.003447619277361322,0.0018821952733488207,0.0023919498316361774,9.700000000000001,16.1,"[15, 14, 0, 16, 0, 2, 3, 6]"
main_partial_COV_EVENT_O1003_N2_P0.5_B8_T1.0_S0_R5,partial,COV_EVENT,55,22,33,22,39,0,12.700000000000001,7.7,6.7,0.0,5.551115123125783e-17,0.003914098003024691,0.0020186347570640174,0.002901665263242461,6.800000000000001,15.9,"[17, 9, 1, 9, 0, 6, 0, 13]"
main_partial_COV_EVENT_O1004_N1_P0.5_B8_T1.0_S0_R5,partial,COV_EVENT,60,16,44,16,39,0,15.5,13.0,9.5,0.0,1.3877787807814457e-17,0.004527526005014666,0.003032860420796567,0.0033344633740865553,9.8,17.7,"[19, 17, 2, 12, 0, 2, 0, 8]"
main_partial_COV_EVENT_O1004_N2_P0.5_B8_T1.0_S0_R5,partial,COV_EVENT,59,19,40,19,42,0,13.600000000000001,10.700000000000001,7.7,0.0,1.3877787807814457e-17,0.00356592100468069,0.0022034399123937497,0.0025675389042381465,8.1,14.200000000000001,"[18, 7, 2, 17, 1, 1, 0, 13]"
main_partial_COV_EVENT_O1005_N1_P0.5_B8_T1.0_S0_R5,partial,COV_EVENT,65,14,51,14,33,0,17.1,14.100000000000001,8.9,0.0,1.1188966420050406e-16,0.005115973879366289,0.0021149002200174364,0.0032547009607502985,10.4,16.2,"[21, 20, 0, 11, 0, 9, 0, 4]"
main_partial_COV_EVENT_O1005_N2_P0.5_B8_T1.0_S0_R5,partial,COV_EVENT,69,12,57,12,33,0,11.9,10.3,4.7,0.0,1.1188966420050406e-16,0.0034314793546861154,0.000494069541896379,0.001530385545559017,5.0,6.5,"[14, 11, 1, 15, 3, 8, 2, 15]"
main_partial_COV_EVENT_O1006_N1_P0.5_B8_T1.0_S0_R5,partial,COV_EVENT,69,11,58,11,24,0,14.700000000000001,12.3,7.5,0.0,8.326672684688674e-17,0.004925140573214849,0.0005325278762895,0.0025894110887157364,8.6,14.5,"[25, 10, 0, 17, 2, 3, 0, 12]"
main_partial_COV_EVENT_O1006_N2_P0.5_B8_T1.0_S0_R5,partial,COV_EVENT,73,8,65,8,31,0,13.4,11.3,6.7,0.0,8.413408858487514e-17,0.004716778648452541,0.0006067447775975982,0.002491760447481282,8.200000000000001,13.3,"[25, 11, 3, 19, 1, 4, 0, 10]"
main_partial_COV_EVENT_O1007_N1_P0.5_B8_T1.0_S0_R5,partial,COV_EVENT,62,19,43,19,37,0,12.600000000000001,10.5,9.3,0.0,8.326672684688674e-17,0.004704504416633335,0.0012109805271805568,0.0028313668703444646,10.5,19.3,"[30, 7, 0, 11, 0, 3, 0, 11]"
main_partial_COV_EVENT_O1007_N2_P0.5_B8_T1.0_S0_R5,partial,COV_EVENT,57,15,42,15,35,0,11.3,9.200000000000001,7.0,0.0,8.543513119185775e-17,0.004111867328558822,0.0009197619001971054,0.0022969827270914404,7.800000000000001,12.100000000000001,"[13, 13, 0, 11, 1, 6, 0, 13]"
main_partial_COV_EVENT_O1008_N1_P0.5_B8_T1.0_S0_R5,partial,COV_EVENT,64,15,49,15,35,0,12.4,9.4,8.3,0.0,1.9081958235744878e-17,0.004229027749049898,0.002371025801275852,0.003060738471314489,8.700000000000001,16.5,"[16, 20, 0, 11, 0, 4, 0, 13]"
main_partial_COV_EVENT_O1008_N2_P0.5_B8_T1.0_S0_R5,partial,COV_EVENT,58,22,36,22,33,0,11.8,8.4,7.800000000000001,0.0,1.9081958235744878e-17,0.004458436963837572,0.0022879309378456276,0.00323394978330043,7.9,14.5,"[19, 11, 0, 11, 0, 3, 2, 12]"
main_partial_COV_EVENT_O1009_N1_P0.5_B8_T1.0_S0_R5,partial,COV_EVENT,79,3,76,3,27,0,11.8,10.200000000000001,6.800000000000001,0.1,1.1015494072452725e-16,0.003171007765364392,0.0013465341183625025,0.002068281783575383,7.1000000000000005,9.600000000000001,"[11, 14, 4, 26, 0, 6, 0, 18]"
main_partial_COV_EVENT_O1009_N2_P0.5_B8_T1.0_S0_R5,partial,COV_EVENT,80,5,75,5,23,0,13.200000000000001,11.600000000000001,7.4,0.0,1.1015494072452725e-16,0.003543087025585986,0.0013684890907266116,0.002144854879820356,8.0,8.3,"[25, 13, 3, 17, 0, 4, 2, 16]"
main_partial_COV_EVENT_O1010_N1_P0.5_B8_T1.0_S0_R5,partial,COV_EVENT,66,14,52,14,36,0,12.600000000000001,8.8,7.6000000000000005,0.2,6.245004513516506e-17,0.004334318952818742,0.0013596529075225365,0.002546455300818789,8.1,16.1,"[21, 9, 1, 11, 1, 6, 2, 15]"
main_partial_COV_EVENT_O1010_N2_P0.5_B8_T1.0_S0_R5,partial,COV_EVENT,60,13,47,13,27,0,10.5,9.1,6.1000000000000005,0.2,6.245004513516506e-17,0.003948689768140026,0.0002789719332352837,0.001933374281649591,7.800000000000001,10.200000000000001,"[14, 6, 2, 16, 2, 5, 0, 15]"
main_partial_COV_EVENT_O1011_N1_P0.5_B8_T1.0_S0_R5,partial,COV_EVENT,53,23,30,23,34,0,15.600000000000001,12.0,10.9,0.0,7.762887554996212e-17,0.006304848550255798,0.004389294857173984,0.004667289703502681,11.200000000000001,21.1,"[20, 17, 1, 8, 0, 2, 2, 3]"
main_partial_COV_EVENT_O1011_N2_P0.5_B8_T1.0_S0_R5,partial,COV_EVENT,57,17,40,17,38,0,11.100000000000001,7.1000000000000005,8.1,0.0,7.762887554996212e-17,0.004168066936762651,0.0021288033052495985,0.002959288283556837,8.6,17.3,"[21, 6, 1, 10, 3, 3, 0, 13]"
main_partial_COV_EVENT_O1012_N1_P0.5_B8_T1.0_S0_R5,partial,COV_EVENT,60,19,41,19,36,0,14.4,11.200000000000001,8.6,0.0,6.548581121812447e-17,0.004771368147246716,0.0019924466753025866,0.003078442009013393,9.200000000000001,15.100000000000001,"[24, 4, 0, 17, 2, 4, 0, 9]"
main_partial_COV_EVENT_O1012_N2_P0.5_B8_T1.0_S0_R5,partial,COV_EVENT,61,17,44,17,35,0,11.100000000000001,8.3,8.1,0.0,6.548581121812447e-17,0.004518456475791687,0.002176289165591443,0.0031270679891743226,8.700000000000001,14.4,"[19, 7, 1, 16, 0, 4, 1, 13]"
main_partial_COV_EVENT_O1013_N1_P0.5_B8_T1.0_S0_R5,partial,COV_EVENT,58,16,40,16,36,0,11.8,9.200000000000001,6.6000000000000005,0.0,1.0842021724855044e-17,0.003369794903022827,0.000495200830251449,0.0019255913934899057,7.6000000000000005,11.8,"[8, 15, 2, 15, 1, 3, 0, 14]"
main_partial_COV_EVENT_O1013_N2_P0.5_B8_T1.0_S0_R5,partial,COV_EVENT,60,15,45,15,36,0,12.700000000000001,10.3,9.600000000000001,0.0,2.0816681711721685e-17,0.006152742215799627,0.0029314806681542964,0.0037061884603562397,10.8,18.3,"[28, 7, 2, 5, 1, 1, 0, 16]"
main_partial_COV_EVENT_O1014_N1_P0.5_B8_T1.0_S0_R5,partial,COV_EVENT,61,18,43,18,34,0,16.1,13.0,8.9,0.0,5.5077470362263625e-17,0.005000408057484457,0.0014638980413115648,0.003007446987535558,9.700000000000001,12.8,"[16, 15, 3, 17, 2, 1, 3, 4]"
main_partial_COV_EVENT_O1014_N2_P0.5_B8_T1.0_S0_R5,partial,COV_EVENT,63,14,49,14,32,0,13.100000000000001,7.4,6.9,0.0,5.551115123125783e-17,0.00432240479751595,0.0014443180509674045,0.0026646085592266265,7.800000000000001,16.3,"[21, 12, 1, 10, 1, 0, 2, 16]"
main_partial_COV_EVENT_O1015_N1_P0.5_B8_T1.0_S0_R5,partial,COV_EVENT,84,2,82,2,17,0,9.200000000000001,8.1,5.0,0.0,7.806255641895632e-18,0.0028472711598110656,0.0013867735950580998,0.002194429268770359,5.6000000000000005,10.100000000000001,"[20, 3, 3, 31, 2, 3, 2, 20]"
main_partial_COV_EVENT_O1015_N2_P0.5_B8_T1.0_S0_R5,partial,COV_EVENT,76,8,68,8,23,0,10.8,9.600000000000001,4.7,0.0,2.7755575615628914e-17,0.002048021675745296,0.0005203965745235237,0.0011818383221827644,5.2,4.2,"[10, 16, 0, 17, 4, 11, 0, 18]"
main_partial_COV_EVENT_O1016_N1_P0.5_B8_T1.0_S0_R5,partial,COV_EVENT,63,13,50,13,31,0,10.9,9.200000000000001,7.7,0.0,3.382710778154774e-17,0.004170610177897428,0.0017505729364203264,0.0025292192496855427,8.3,12.5,"[16, 11, 4, 12, 1, 3, 1, 15]"
main_partial_COV_EVENT_O1016_N2_P0.5_B8_T1.0_S0_R5,partial,COV_EVENT,60,17,43,17,33,0,10.8,9.4,9.1,0.0,3.382710778154774e-17,0.004488700318620771,0.0021594182171853116,0.0029948667702990616,10.200000000000001,15.8,"[24, 11, 5, 7, 1, 6, 0, 6]"
main_partial_COV_EVENT_O1017_N1_P0.5_B8_T1.0_S0_R5,partial,COV_EVENT,63,15,48,15,36,0,12.100000000000001,9.600000000000001,5.2,0.0,3.209238430557093e-17,0.002567550555837168,6.485998598547635e-05,0.0014446491171233213,5.7,11.4,"[14, 16, 2, 10, 1, 2, 0, 18]"
main_partial_COV_EVENT_O1017_N2_P0.5_B8_T1.0_S0_R5,partial,COV_EVENT,61,20,41,20,37,0,10.700000000000001,8.4,9.3,0.0,5.074066167232161e-17,0.005396681890337054,0.002800733566257628,0.0036510894880251287,9.9,20.8,"[28, 2, 1, 5, 1, 11, 2, 11]"
main_partial_COV_EVENT_O1018_N1_P0.5_B8_T1.0_S0_R5,partial,COV_EVENT,63,17,46,17,28,0,15.9,13.100000000000001,9.3,0.0,9.194034422677078e-17,0.004195036095895508,0.00236327194862437,0.003072387200826532,9.8,14.600000000000001,"[23, 10, 4, 16, 2, 3, 0, 5]"
main_partial_COV_EVENT_O1018_N2_P0.5_B8_T1.0_S0_R5,partial,COV_EVENT,63,18,43,18,33,0,12.200000000000001,9.4,6.300000000000001,0.0,9.194034422677078e-17,0.0035063893086668845,0.001486605160155747,0.002354605302960173,7.2,12.3,"[22, 5, 1, 14, 0, 3, 1, 17]"
main_partial_COV_EVENT_O1019_N1_P0.5_B8_T1.0_S0_R5,partial,COV_EVENT,88,5,83,5,34,0,10.8,9.8,3.0,0.0,3.5561831257524545e-17,0.0017053202597522915,-0.0003038049950030809,0.0007009870563668549,3.5,4.1000000000000005,"[5, 8, 2, 26, 4, 9, 2, 32]"
main_partial_COV_EVENT_O1019_N2_P0.5_B8_T1.0_S0_R5,partial,COV_EVENT,92,3,89,3,33,0,10.0,8.9,3.9000000000000004,0.0,7.068998164605489e-17,0.0021400710304257118,0.00019162204334660695,0.000991870625325468,4.6000000000000005,2.7,"[14, 15, 3, 15, 2, 8, 3, 32]"
main_partial_GRANT_O1000_N1_P0.2_B4_T0.4_S0_R5,partial,GRANT,100,88,12,88,88,0,15.200000000000001,9.3,11.200000000000001,0.0,1.3877787807814457e-17,0.005305393957606335,0.004246433502961431,0.004932812311491984,11.5,27.5,"[39, 8, 0, 17, 1, 20, 0, 15]"
main_partial_GRANT_O1000_N2_P0.2_B4_T0.4_S0_R5,partial,GRANT,100,88,12,88,88,0,13.8,7.9,12.700000000000001,0.0,8.326672684688674e-17,0.0063439398703467875,0.0051680781755865214,0.005541871464867758,13.200000000000001,31.900000000000002,"[46, 13, 2, 11, 1, 8, 2, 17]"
main_partial_GRANT_O1001_N1_P0.2_B4_T0.4_S0_R5,partial,GRANT,100,88,12,88,88,0,14.8,8.6,11.100000000000001,0.0,2.7755575615628914e-17,0.005303409525344736,0.0035753995970191576,0.004347203304609259,12.200000000000001,29.3,"[39, 21, 0, 20, 0, 5, 4, 11]"
main_partial_GRANT_O1001_N2_P0.2_B4_T0.4_S0_R5,partial,GRANT,100,88,12,88,88,0,10.600000000000001,6.9,9.200000000000001,0.0,2.7755575615628914e-17,0.004601564020661855,0.0028045551065652595,0.00352309478483019,9.600000000000001,21.3,"[32, 6, 4, 19, 2, 3, 0, 34]"
main_partial_GRANT_O1002_N1_P0.2_B4_T0.4_S0_R5,partial,GRANT,100,90,10,90,90,0,17.2,11.8,13.9,0.0,1.1015494072452725e-16,0.005768369979071391,0.004865405346022953,0.005144871313083086,14.4,31.900000000000002,"[38, 22, 3, 24, 1, 7, 0, 5]"
main_partial_GRANT_O1002_N2_P0.2_B4_T0.4_S0_R5,partial,GRANT,100,90,10,90,90,0,12.0,8.700000000000001,9.600000000000001,0.0,1.1015494072452725e-16,0.004790489221371989,0.0038417362957032606,0.003948177039292206,10.0,27.700000000000003,"[33, 22, 2, 13, 0, 10, 0, 20]"
main_partial_GRANT_O1003_N1_P0.2_B4_T0.4_S0_R5,partial,GRANT,100,88,12,88,88,0,13.0,9.9,11.0,0.0,4.5102810375396984e-17,0.0049116888384968535,0.004003321164166917,0.004255407681728339,11.5,27.3,"[30, 20, 4, 18, 0, 9, 3, 16]"
main_partial_GRANT_O1003_N2_P0.2_B4_T0.4_S0_R5,partial,GRANT,100,88,12,88,88,0,12.9,8.5,10.4,0.0,5.551115123125783e-17,0.0047384187455449004,0.003862621609679121,0.004184753914113094,10.600000000000001,26.1,"[33, 19, 2, 6, 0, 18, 0, 22]"
main_partial_GRANT_O1004_N1_P0.2_B4_T0.4_S0_R5,partial,GRANT,100,72,28,72,72,0,15.8,10.700000000000001,11.600000000000001,0.0,1.3877787807814457e-17,0.00541900558701002,0.004341524037607674,0.00467351977183791,11.700000000000001,28.1,"[31, 19, 2, 26, 0, 6, 0, 16]"
main_partial_GRANT_O1004_N2_P0.2_B4_T0.4_S0_R5,partial,GRANT,100,67,33,67,67,0,14.700000000000001,11.5,11.4,0.0,1.3877787807814457e-17,0.005283660162277174,0.004018131090394724,0.004322244671956687,12.200000000000001,27.900000000000002,"[25, 33, 3, 19, 0, 6, 1, 13]"
main_partial_GRANT_O1005_N1_P0.2_B4_T0.4_S0_R5,partial,GRANT,100,68,32,68,68,0,13.200000000000001,11.4,11.3,0.0,1.1188966420050406e-16,0.005471130061237215,0.003587109291475684,0.0043767855000844446,12.5,27.5,"[25, 21, 3, 36, 0, 1, 0, 14]"
main_partial_GRANT_O1005_N2_P0.2_B4_T0.4_S0_R5,partial,GRANT,100,68,32,68,68,0,16.2,10.200000000000001,13.200000000000001,0.0,1.1188966420050406e-16,0.006516287840136399,0.004721354404715249,0.004966563042208224,13.600000000000001,33.1,"[41, 34, 0, 10, 0, 2, 1, 12]"
main_partial_GRANT_O1006_N1_P0.2_B4_T0.4_S0_R5,partial,GRANT,100,52,48,52,52,0,12.9,9.600000000000001,10.0,0.0,8.326672684688674e-17,0.005657614180763839,0.0030438368037564723,0.003765988034039278,11.0,25.700000000000003,"[35, 11, 2, 25, 2, 6, 0, 19]"
main_partial_GRANT_O1006_N2_P0.2_B4_T0.4_S0_R5,partial,GRANT,100,56,44,56,56,0,16.8,9.0,12.8,0.0,8.413408858487514e-17,0.006917056800892365,0.00452287621459821,0.005181374635806728,13.8,34.9,"[47, 16, 0, 10, 8, 6, 1, 12]"
main_partial_GRANT_O1007_N1_P0.2_B4_T0.4_S0_R5,partial,GRANT,100,79,21,79,79,0,13.0,8.0,11.200000000000001,0.0,8.326672684688674e-17,0.006143632271394129,0.004012039865742154,0.004778140747486112,11.9,29.900000000000002,"[42, 12, 3, 18, 0, 7, 1, 17]"
main_partial_GRANT_O1007_N2_P0.2_B4_T0.4_S0_R5,partial,GRANT,100,79,21,79,79,0,11.8,7.1000000000000005,10.100000000000001,0.0,8.543513119185775e-17,0.00555085799154271,0.0036436688399597073,0.00418317576519086,10.8,28.1,"[41, 12, 4, 8, 0, 10, 0, 25]"
main_partial_GRANT_O1008_N1_P0.2_B4_T0.4_S0_R5,partial,GRANT,100,85,15,85,85,0,15.5,8.4,13.200000000000001,0.0,1.9081958235744878e-17,0.0065015927551047206,0.00545019530552389,0.005814577668005984,13.3,31.3,"[42, 11, 2, 17, 2, 10, 2, 14]"
main_partial_GRANT_O1008_N2_P0.2_B4_T0.4_S0_R5,partial,GRANT,100,85,15,85,85,0,13.9,8.5,12.700000000000001,0.0,1.9081958235744878e-17,0.006143879329168111,0.005037102021125862,0.0053071077986427285,13.200000000000001,30.1,"[44, 13, 2, 10, 1, 11, 0, 19]"
main_partial_GRANT_O1009_N1_P0.2_B4_T0.4_S0_R5,partial,GRANT,100,63,37,63,63,0,14.0,10.9,12.4,0.1,1.1015494072452725e-16,0.005729687694183492,0.00421772586206122,0.00458137168554315,12.600000000000001,28.1,"[29, 26, 0, 18, 4, 2, 4, 17]"
main_partial_GRANT_O1009_N2_P0.2_B4_T0.4_S0_R5,partial,GRANT,100,55,45,55,55,0,11.9,9.4,9.8,0.0,1.1015494072452725e-16,0.004883337414515656,0.0032348783281813125,0.0036015542345221785,10.200000000000001,21.900000000000002,"[23, 15, 4, 16, 3, 10, 4, 25]"
main_partial_GRANT_O1010_N1_P0.2_B4_T0.4_S0_R5,partial,GRANT,100,72,28,72,72,0,11.5,8.4,7.9,0.0,6.245004513516506e-17,0.004399514252143961,0.002143276566711648,0.0028388425738389185,8.5,21.1,"[23, 16, 0, 24, 0, 8, 0, 29]"
main_partial_GRANT_O1010_N2_P0.2_B4_T0.4_S0_R5,partial,GRANT,100,72,28,72,72,0,14.8,10.0,11.200000000000001,0.0,6.245004513516506e-17,0.005590738822113242,0.0034563130174871406,0.004170914536533403,11.8,26.5,"[31, 18, 1, 12, 0, 20, 1, 17]"
main_partial_GRANT_O1011_N1_P0.2_B4_T0.4_S0_R5,partial,GRANT,100,67,33,67,67,0,15.8,10.700000000000001,13.5,0.0,7.762887554996212e-17,0.00621636531703333,0.004396509510048714,0.004949243938451023,14.100000000000001,32.9,"[41, 23, 2, 20, 2, 6, 0, 6]"
main_partial_GRANT_O1011_N2_P0.2_B4_T0.4_S0_R5,partial,GRANT,100,63,37,63,63,0,13.4,9.3,11.5,0.0,7.762887554996212e-17,0.005562488331932149,0.0035448789349594046,0.004247919848977088,12.200000000000001,26.700000000000003,"[32, 17, 5, 21, 1, 6, 0, 18]"
main_partial_GRANT_O1012_N1_P0.2_B4_T0.4_S0_R5,partial,GRANT,100,62,38,62,62,0,13.8,9.200000000000001,13.200000000000001,0.0,6.548581121812447e-17,0.006768034820295215,0.004722754701284927,0.005171594017023374,13.700000000000001,28.3,"[36, 14, 1, 25, 0, 4, 0, 20]"
main_partial_GRANT_O1012_N2_P0.2_B4_T0.4_S0_R5,partial,GRANT,100,61,39,61,61,0,15.700000000000001,12.5,14.5,0.0,6.548581121812447e-17,0.007416266804985449,0.00559687958515176,0.006072018975526406,15.8,31.1,"[36, 21, 2, 23, 2, 6, 0, 10]"
main_partial_GRANT_O1013_N1_P0.2_B4_T0.4_S0_R5,partial,GRANT,100,87,13,87,87,0,16.0,9.0,13.8,0.0,1.3877787807814457e-17,0.0072402233237687805,0.005820240449883909,0.0062068042760112865,14.5,33.9,"[49, 11, 5, 19, 0, 4, 2, 10]"
main_partial_GRANT_O1013_N2_P0.2_B4_T0.4_S0_R5,partial,GRANT,100,87,13,87,87,0,16.6,10.3,15.0,0.0,1.3877787807814457e-17,0.007620712035848377,0.006195985255663245,0.0066274606150389295,15.8,37.300000000000004,"[52, 24, 3, 13, 0, 1, 0, 7]"
main_partial_GRANT_O1014_N1_P0.2_B4_T0.4_S0_R5,partial,GRANT,100,82,18,82,82,0,11.4,6.7,10.8,0.0,5.5077470362263625e-17,0.005424066476611924,0.0037212221326675243,0.004283938014358911,11.3,26.1,"[40, 12, 1, 8, 0, 10, 2, 27]"
main_partial_GRANT_O1014_N2_P0.2_B4_T0.4_S0_R5,partial,GRANT,100,82,18,82,82,0,14.100000000000001,9.3,12.4,0.0,5.551115123125783e-17,0.0059098690612186785,0.004146837138223349,0.004660298399939453,13.0,28.5,"[38, 23, 0, 12, 3, 3, 2, 19]"
main_partial_GRANT_O1015_N1_P0.2_B4_T0.4_S0_R5,partial,GRANT,100,70,30,70,70,0,13.9,9.4,12.9,0.0,7.806255641895632e-18,0.005975292774616387,0.005091900129826837,0.005333267965251194,12.9,28.5,"[41, 12, 2, 19, 3, 6, 1, 16]"
main_partial_GRANT_O1015_N2_P0.2_B4_T0.4_S0_R5,partial,GRANT,100,71,29,71,71,0,15.9,11.5,15.700000000000001,0.0,2.7755575615628914e-17,0.006898611514836608,0.0060865921511710505,0.006272602443564964,15.8,32.9,"[35, 33, 2, 16, 2, 3, 0, 9]"
main_partial_GRANT_O1016_N1_P0.2_B4_T0.4_S0_R5,partial,GRANT,100,70,30,70,70,0,13.5,9.8,11.3,0.0,3.382710778154774e-17,0.005644383853922032,0.0038837500268923165,0.004561406594537111,11.9,25.700000000000003,"[30, 10, 9, 17, 1, 7, 2, 24]"
main_partial_GRANT_O1016_N2_P0.2_B4_T0.4_S0_R5,partial,GRANT,100,74,26,74,74,0,14.200000000000001,7.7,13.4,0.0,3.382710778154774e-17,0.006842814958779954,0.00548261517615712,0.005902780880260721,14.0,34.7,"[51, 16, 3, 9, 3, 3, 0, 15]"
main_partial_GRANT_O1017_N1_P0.2_B4_T0.4_S0_R5,partial,GRANT,100,78,22,78,78,0,14.100000000000001,9.600000000000001,9.8,0.1,3.209238430557093e-17,0.004836089251936314,0.003256906227018949,0.003702034093318896,10.200000000000001,25.1,"[32, 16, 3, 24, 1, 6, 0, 18]"
main_partial_GRANT_O1017_N2_P0.2_B4_T0.4_S0_R5,partial,GRANT,100,80,20,80,80,0,15.600000000000001,10.8,14.600000000000001,0.1,5.074066167232161e-17,0.006910457952330746,0.005468009670402928,0.005769302599190772,15.200000000000001,37.300000000000004,"[54, 25, 3, 9, 0, 5, 0, 4]"
main_partial_GRANT_O1018_N1_P0.2_B4_T0.4_S0_R5,partial,GRANT,100,66,34,66,66,0,14.0,10.200000000000001,11.5,0.0,9.194034422677078e-17,0.005281553781062054,0.0037731145033098497,0.004045623057803504,11.9,23.3,"[22, 17, 6, 26, 0, 9, 1, 19]"
main_partial_GRANT_O1018_N2_P0.2_B4_T0.4_S0_R5,partial,GRANT,100,63,37,63,63,0,14.0,10.5,12.0,0.0,9.194034422677078e-17,0.006186992240905666,0.004397483150027018,0.004779834956430351,12.600000000000001,27.700000000000003,"[30, 28, 0, 14, 1, 12, 0, 15]"
main_partial_GRANT_O1019_N1_P0.2_B4_T0.4_S0_R5,partial,GRANT,100,45,55,45,45,0,13.3,8.1,10.5,0.0,3.5561831257524545e-17,0.005651858284203546,0.003892875451903445,0.004348728086293368,11.0,23.700000000000003,"[30, 15, 2, 16, 0, 9, 2, 26]"
main_partial_GRANT_O1019_N2_P0.2_B4_T0.4_S0_R5,partial,GRANT,100,51,49,51,51,0,12.4,9.600000000000001,8.6,0.0,7.068998164605489e-17,0.004517961924864796,0.002871349787434493,0.0032636769887819704,9.0,20.900000000000002,"[24, 10, 1, 27, 2, 5, 5, 26]"
main_partial_GOQ_O1000_N1_P0.5_B8_T1.0_S0_R5,partial,GOQ,40,33,7,33,33,3,13.100000000000001,12.3,12.200000000000001,0.2,6.938893903907228e-18,0.004972061086600271,0.003233105371276097,0.004459167804252374,12.3,21.8,"[9, 15, 0, 9, 0, 0, 1, 6]"
main_partial_GOQ_O1000_N2_P0.5_B8_T1.0_S0_R5,partial,GOQ,40,33,7,33,33,2,10.9,7.1000000000000005,7.6000000000000005,0.0,8.326672684688674e-17,0.0034812357019057584,0.001476280505798732,0.002680724291552161,8.700000000000001,17.6,"[16, 7, 1, 6, 1, 1, 0, 8]"
main_partial_GOQ_O1001_N1_P0.5_B8_T1.0_S0_R5,partial,GOQ,40,23,17,23,23,7,11.8,7.9,6.300000000000001,0.0,2.7755575615628914e-17,0.004130794543327665,8.860204345241096e-05,0.0022433234376942946,6.5,20.3,"[17, 7, 0, 5, 0, 3, 0, 8]"
main_partial_GOQ_O1001_N2_P0.5_B8_T1.0_S0_R5,partial,GOQ,40,23,17,23,23,7,10.9,7.0,5.300000000000001,0.5,2.7755575615628914e-17,0.0024946245951481196,-0.001240389717366467,0.0014535680166080566,7.2,18.5,"[15, 4, 2, 4, 0, 3, 1, 11]"
main_partial_GOQ_O1002_N1_P0.5_B8_T1.0_S0_R5,partial,GOQ,40,15,25,15,15,20,14.9,12.600000000000001,5.800000000000001,0.6000000000000001,1.1015494072452725e-16,0.002212570293667449,-0.0015793324365244688,0.0016926549767359838,6.2,22.200000000000003,"[16, 5, 0, 13, 1, 0, 1, 4]"
main_partial_GOQ_O1002_N2_P0.5_B8_T1.0_S0_R5,partial,GOQ,40,19,21,19,19,16,13.3,9.200000000000001,9.9,1.4000000000000001,1.1015494072452725e-16,0.005145479831900251,0.0021975679177646595,0.0032020589061512,9.200000000000001,26.3,"[24, 5, 0, 4, 0, 1, 0, 6]"
main_partial_GOQ_O1003_N1_P0.5_B8_T1.0_S0_R5,partial,GOQ,40,24,16,24,24,9,16.1,11.9,10.100000000000001,1.0,4.5102810375396984e-17,0.004966622040336676,0.0018016419666953486,0.003242326483022223,10.200000000000001,21.0,"[13, 11, 1, 11, 0, 2, 0, 2]"
main_partial_GOQ_O1003_N2_P0.5_B8_T1.0_S0_R5,partial,GOQ,40,25,15,25,25,10,7.9,6.0,7.300000000000001,0.0,5.551115123125783e-17,0.0047351273471750764,0.0011728525204326471,0.002957837017515647,7.4,18.3,"[19, 4, 0, 7, 0, 4, 1, 5]"
main_partial_GOQ_O1004_N1_P0.5_B8_T1.0_S0_R5,partial,GOQ,40,9,31,9,9,12,18.5,12.200000000000001,12.8,3.1,1.3877787807814457e-17,0.0063954413738014785,0.003093940992452377,0.0040416005013566726,11.4,34.300000000000004,"[25, 5, 2, 5, 0, 1, 0, 2]"
main_partial_GOQ_O1004_N2_P0.5_B8_T1.0_S0_R5,partial,GOQ,40,5,35,5,5,16,12.8,10.5,8.1,1.0,1.3877787807814457e-17,0.004755299662299758,0.001668793050653567,0.0032853180652135843,8.6,23.8,"[18, 9, 0, 3, 0, 4, 0, 6]"
main_partial_GOQ_O1005_N1_P0.5_B8_T1.0_S0_R5,partial,GOQ,40,19,21,19,19,7,16.900000000000002,12.3,10.9,0.6000000000000001,1.1188966420050406e-16,0.006166064002359133,0.002679706091001628,0.00393714066935106,11.8,25.400000000000002,"[19, 6, 0, 7, 0, 6, 0, 2]"
main_partial_GOQ_O1005_N2_P0.5_B8_T1.0_S0_R5,partial,GOQ,40,20,20,20,20,6,10.8,7.9,7.2,0.2,1.1188966420050406e-16,0.004115989734908671,0.0007722737232018961,0.0024924406272387087,8.4,19.5,"[16, 7, 0, 5, 2, 4, 0, 6]"
main_partial_GOQ_O1006_N1_P0.5_B8_T1.0_S0_R5,partial,GOQ,40,11,29,11,11,5,9.600000000000001,8.5,7.2,0.2,8.326672684688674e-17,0.005248370948521796,7.891407579864131e-05,0.0021419045073679953,8.3,19.3,"[16, 5, 0, 6, 3, 3, 0, 7]"
main_partial_GOQ_O1006_N2_P0.5_B8_T1.0_S0_R5,partial,GOQ,40,11,29,11,11,7,9.5,6.800000000000001,5.4,0.30000000000000004,8.413408858487514e-17,0.0034277469324705072,-0.0009250645944932995,0.0015659867875245815,6.0,15.100000000000001,"[14, 9, 0, 5, 1, 1, 0, 10]"
main_partial_GOQ_O1007_N1_P0.5_B8_T1.0_S0_R5,partial,GOQ,40,23,17,23,23,4,10.200000000000001,8.0,5.9,0.5,8.326672684688674e-17,0.004555217791221142,-0.00048238348505057877,0.0016173255778057477,6.5,10.700000000000001,"[7, 4, 3, 13, 0, 1, 2, 10]"
main_partial_GOQ_O1007_N2_P0.5_B8_T1.0_S0_R5,partial,GOQ,40,24,16,24,24,3,12.200000000000001,9.1,8.1,0.30000000000000004,8.543513119185775e-17,0.005205443485358622,0.0010079011974239293,0.0030413458244626986,9.5,20.6,"[17, 11, 0, 6, 0, 1, 0, 5]"
main_partial_GOQ_O1008_N1_P0.5_B8_T1.0_S0_R5,partial,GOQ,40,29,11,29,29,3,17.6,9.1,12.100000000000001,0.1,1.9081958235744878e-17,0.005899756101849787,0.0036432307973493882,0.005141205298784024,13.100000000000001,33.6,"[25, 4, 0, 6, 1, 1, 0, 3]"
main_partial_GOQ_O1008_N2_P0.5_B8_T1.0_S0_R5,partial,GOQ,40,28,12,28,28,3,10.5,7.2,8.200000000000001,0.0,1.9081958235744878e-17,0.004844182202520928,0.0021346735616582973,0.003290774216045075,8.6,16.3,"[12, 8, 0, 6, 2, 1, 1, 10]"
main_partial_GOQ_O1009_N1_P0.5_B8_T1.0_S0_R5,partial,GOQ,40,18,22,18,18,3,15.4,12.200000000000001,9.3,0.4,1.1015494072452725e-16,0.005150322685358053,0.0023522206406039275,0.0032069839958952994,10.5,19.3,"[13, 8, 0, 10, 0, 5, 0, 4]"
main_partial_GOQ_O1009_N2_P0.5_B8_T1.0_S0_R5,partial,GOQ,40,14,26,14,14,4,11.9,6.800000000000001,8.8,0.2,1.1015494072452725e-16,0.0044549634683235875,0.0020663099775839688,0.0028777526560406787,9.700000000000001,23.8,"[18, 3, 0, 10, 0, 1, 0, 8]"
main_partial_GOQ_O1010_N1_P0.5_B8_T1.0_S0_R5,partial,GOQ,40,15,25,15,15,12,15.4,12.8,5.2,0.8,6.245004513516506e-17,0.0034212100011252566,-0.000789517369733491,0.0015447494813234514,7.1000000000000005,19.8,"[13, 6, 0, 11, 3, 2, 1, 4]"
main_partial_GOQ_O1010_N2_P0.5_B8_T1.0_S0_R5,partial,GOQ,40,15,25,15,15,10,12.700000000000001,10.4,7.2,0.7000000000000001,6.245004513516506e-17,0.004296320418608992,-0.0001264885892001274,0.0021951374780046816,8.3,19.3,"[15, 7, 1, 7, 1, 2, 0, 7]"
main_partial_GOQ_O1011_N1_P0.5_B8_T1.0_S0_R5,partial,GOQ,40,10,30,10,10,4,11.200000000000001,10.0,9.200000000000001,0.5,7.762887554996212e-17,0.004463748275824439,-3.90512177908775e-05,0.0021885035116565605,10.4,18.3,"[13, 4, 0, 12, 1, 0, 0, 10]"
main_partial_GOQ_O1011_N2_P0.5_B8_T1.0_S0_R5,partial,GOQ,40,14,26,14,14,4,9.9,6.800000000000001,7.300000000000001,1.5,7.762887554996212e-17,0.004638317067428293,0.0006678854201159377,0.002532199406462721,6.6000000000000005,18.1,"[17, 3, 0, 4, 2, 1, 2, 11]"
main_partial_GOQ_O1012_N1_P0.5_B8_T1.0_S0_R5,partial,GOQ,40,15,25,15,15,1,12.700000000000001,9.600000000000001,7.300000000000001,0.7000000000000001,6.548581121812447e-17,0.0042284218478931814,0.00013551197875275088,0.0021784839508584204,8.5,13.700000000000001,"[9, 4, 1, 14, 0, 3, 0, 9]"
main_partial_GOQ_O1012_N2_P0.5_B8_T1.0_S0_R5,partial,GOQ,40,20,20,20,20,0,11.3,8.4,9.1,0.0,6.548581121812447e-17,0.005298095412089567,0.0015422966867650845,0.00322754132973434,9.8,19.1,"[16, 7, 4, 6, 0, 1, 0, 6]"
main_partial_GOQ_O1013_N1_P0.5_B8_T1.0_S0_R5,partial,GOQ,40,25,15,25,25,4,13.100000000000001,9.700000000000001,8.1,0.0,1.0842021724855044e-17,0.004123760491168112,0.0006086216253457631,0.002909184334268915,10.600000000000001,25.0,"[18, 5, 0, 6, 3, 1, 0, 7]"
main_partial_GOQ_O1013_N2_P0.5_B8_T1.0_S0_R5,partial,GOQ,40,25,15,25,25,5,11.4,8.8,5.9,0.1,1.3877787807814457e-17,0.003903852582177292,0.00012688258610855523,0.0025381554569471245,6.9,18.3,"[15, 8, 1, 3, 1, 3, 0, 9]"
main_partial_GOQ_O1014_N1_P0.5_B8_T1.0_S0_R5,partial,GOQ,40,26,14,26,26,0,17.2,13.100000000000001,11.200000000000001,0.0,5.5077470362263625e-17,0.005816933661487641,0.0022505781890782665,0.0035841737544272403,12.8,23.400000000000002,"[17, 6, 5, 8, 1, 2, 0, 1]"
main_partial_GOQ_O1014_N2_P0.5_B8_T1.0_S0_R5,partial,GOQ,40,26,14,26,26,0,11.9,7.7,8.200000000000001,0.0,5.551115123125783e-17,0.004493585664508854,0.0016388578405052707,0.0029833114061716083,9.1,18.6,"[16, 7, 0, 6, 0, 2, 0, 9]"
main_partial_GOQ_O1015_N1_P0.5_B8_T1.0_S0_R5,partial,GOQ,40,15,25,15,15,3,13.200000000000001,10.8,7.9,0.0,1.0408340855860843e-17,0.003943085181968738,0.0016887803020839054,0.002729047379910732,8.8,17.3,"[9, 6, 3, 12, 1, 2, 0, 7]"
main_partial_GOQ_O1015_N2_P0.5_B8_T1.0_S0_R5,partial,GOQ,40,10,30,10,10,3,10.600000000000001,8.9,7.7,0.5,2.7755575615628914e-17,0.00389161049147165,0.0014900939945855043,0.0025907112499000563,7.5,15.3,"[12, 4, 2, 10, 2, 3, 0, 7]"
main_partial_GOQ_O1016_N1_P0.5_B8_T1.0_S0_R5,partial,GOQ,40,19,21,19,19,5,14.3,10.5,7.9,0.4,3.382710778154774e-17,0.004284121472275052,0.000811768059884288,0.002507915786693955,8.8,20.200000000000003,"[15, 7, 2, 11, 0, 2, 0, 3]"
main_partial_GOQ_O1016_N2_P0.5_B8_T1.0_S0_R5,partial,GOQ,40,19,21,19,19,5,13.3,9.5,8.9,0.30000000000000004,3.382710778154774e-17,0.004664459130802927,0.002024602641826524,0.0035124319941892113,9.4,22.900000000000002,"[17, 8, 0, 7, 0, 1, 0, 7]"
main_partial_GOQ_O1017_N1_P0.5_B8_T1.0_S0_R5,partial,GOQ,40,17,23,17,17,12,14.700000000000001,10.100000000000001,8.200000000000001,1.0,3.209238430557093e-17,0.004664897363470227,0.0011630204998850629,0.0026023158078356356,8.6,24.5,"[21, 4, 0, 10, 0, 2, 0, 3]"
main_partial_GOQ_O1017_N2_P0.5_B8_T1.0_S0_R5,partial,GOQ,40,11,29,11,11,17,8.9,6.1000000000000005,5.1000000000000005,0.7000000000000001,5.074066167232161e-17,0.00312510374732223,-0.0007382337437451521,0.0017345758581782766,6.6000000000000005,19.200000000000003,"[14, 7, 0, 2, 1, 4, 1, 11]"
main_partial_GOQ_O1018_N1_P0.5_B8_T1.0_S0_R5,partial,GOQ,40,19,21,19,19,7,12.3,7.5,5.7,0.0,9.194034422677078e-17,0.0030295662679703313,0.00032713952799570266,0.00197779855330111,7.5,17.3,"[14, 2, 1, 8, 0, 3, 2, 10]"
main_partial_GOQ_O1018_N2_P0.5_B8_T1.0_S0_R5,partial,GOQ,40,16,24,16,16,7,12.8,10.200000000000001,9.0,1.1,9.194034422677078e-17,0.005325734804357312,0.002299853425620986,0.003909107372699674,9.1,21.0,"[16, 12, 1, 1, 0, 2, 0, 8]"
main_partial_GOQ_O1019_N1_P0.5_B8_T1.0_S0_R5,partial,GOQ,40,9,31,9,9,5,12.3,10.8,8.0,0.9,3.5561831257524545e-17,0.004253708540764879,0.0011698164830497286,0.0025061496623450673,8.3,16.400000000000002,"[9, 5, 0, 13, 1, 2, 0, 10]"
main_partial_GOQ_O1019_N2_P0.5_B8_T1.0_S0_R5,partial,GOQ,40,14,26,14,14,3,7.1000000000000005,5.9,4.6000000000000005,0.0,7.068998164605489e-17,0.002879754937922961,0.0003847239116584979,0.0018678057910663036,5.0,9.1,"[7, 2, 0, 15, 1, 1, 0, 14]"
main_partial_PRESCRIPTION_O1000_N1_P0.5_B8_T1.0_S0_R5,partial,PRESCRIPTION,100,91,9,91,93,0,13.8,8.5,6.800000000000001,0.0,2.0816681711721685e-17,0.003177206845734053,0.002544029363699336,0.0027860300460270937,7.300000000000001,7.9,"[14, 7, 2, 55, 0, 0, 0, 22]"
main_partial_PRESCRIPTION_O1000_N2_P0.5_B8_T1.0_S0_R5,partial,PRESCRIPTION,100,90,10,90,92,0,9.700000000000001,3.9000000000000004,3.3000000000000003,0.0,8.326672684688674e-17,0.0013382648674693082,0.0006670748886921546,0.0010216619968934765,3.8000000000000003,3.5,"[22, 7, 1, 28, 0, 10, 1, 31]"
main_partial_PRESCRIPTION_O1001_N1_P0.5_B8_T1.0_S0_R5,partial,PRESCRIPTION,100,88,12,88,88,0,15.200000000000001,6.7,8.200000000000001,0.0,2.7755575615628914e-17,0.0061330871860866805,0.004573330759863624,0.005021631603584737,9.200000000000001,15.100000000000001,"[48, 15, 0, 27, 0, 6, 0, 4]"
main_partial_PRESCRIPTION_O1001_N2_P0.5_B8_T1.0_S0_R5,partial,PRESCRIPTION,100,88,12,88,88,0,13.9,5.1000000000000005,4.1000000000000005,0.0,2.7755575615628914e-17,0.003675833322152677,0.0021845098532496912,0.002690046992882714,4.4,5.5,"[15, 14, 5, 31, 3, 9, 4, 19]"
main_partial_PRESCRIPTION_O1002_N1_P0.5_B8_T1.0_S0_R5,partial,PRESCRIPTION,100,92,8,92,95,0,10.600000000000001,1.6,0.2,0.0,1.1015494072452725e-16,9.693121528299661e-05,-0.00040578682868566126,9.6113709933969e-06,1.1,1.5,"[0, 17, 1, 33, 0, 11, 1, 37]"
main_partial_PRESCRIPTION_O1002_N2_P0.5_B8_T1.0_S0_R5,partial,PRESCRIPTION,100,92,8,92,95,0,11.9,3.7,2.7,0.0,1.1015494072452725e-16,0.0013882462362172759,0.0008713434544256999,0.001295115992780067,3.8000000000000003,4.7,"[17, 21, 0, 27, 0, 10, 0, 25]"
main_partial_PRESCRIPTION_O1003_N1_P0.5_B8_T1.0_S0_R5,partial,PRESCRIPTION,100,89,11,89,92,0,13.0,3.4000000000000004,5.4,0.0,4.5102810375396984e-17,0.0022323308800864692,0.0016963268219040157,0.001967584948129236,5.9,13.3,"[37, 7, 2, 23, 3, 7, 2, 19]"
main_partial_PRESCRIPTION_O1003_N2_P0.5_B8_T1.0_S0_R5,partial,PRESCRIPTION,100,89,11,89,91,0,11.5,2.4000000000000004,1.6,0.0,5.551115123125783e-17,0.0005932558137616796,5.185115022243787e-05,0.00038106109744466077,2.2,1.7000000000000002,"[9, 14, 8, 29, 0, 8, 1, 31]"
main_partial_PRESCRIPTION_O1004_N1_P0.5_B8_T1.0_S0_R5,partial,PRESCRIPTION,100,88,12,88,90,0,14.0,8.9,7.7,0.0,1.3877787807814457e-17,0.0031352528561667463,0.0025061514327744715,0.002791862782164001,9.9,14.700000000000001,"[19, 23, 3, 28, 1, 8, 0, 18]"
main_partial_PRESCRIPTION_O1004_N2_P0.5_B8_T1.0_S0_R5,partial,PRESCRIPTION,100,87,13,87,90,0,13.100000000000001,3.9000000000000004,5.0,0.0,1.3877787807814457e-17,0.0019456413164743664,0.0013328640910608967,0.0014753061007516765,5.300000000000001,8.700000000000001,"[26, 19, 5, 18, 1, 9, 0, 22]"
main_partial_PRESCRIPTION_O1005_N1_P0.5_B8_T1.0_S0_R5,partial,PRESCRIPTION,99,78,21,78,84,0,12.3,7.4,6.6000000000000005,0.0,1.1188966420050406e-16,0.00292759394405676,0.0018171655188078328,0.0022641012077018728,7.0,7.7,"[24, 19, 1, 32, 0, 3, 1, 19]"
main_partial_PRESCRIPTION_O1005_N2_P0.5_B8_T1.0_S0_R5,partial,PRESCRIPTION,99,76,23,76,83,0,17.3,11.100000000000001,9.200000000000001,0.0,1.1188966420050406e-16,0.003994836258771381,0.002738746925439456,0.0034364328916203462,11.5,15.600000000000001,"[20, 25, 0, 35, 0, 5, 6, 8]"
main_partial_PRESCRIPTION_O1006_N1_P0.5_B8_T1.0_S0_R5,partial,PRESCRIPTION,98,67,31,67,72,0,12.3,8.5,8.0,0.0,8.326672684688674e-17,0.0036161193505031696,0.001661598862201525,0.0022646215137714027,8.9,16.1,"[23, 21, 0, 20, 3, 5, 0, 26]"
main_partial_PRESCRIPTION_O1006_N2_P0.5_B8_T1.0_S0_R5,partial,PRESCRIPTION,99,72,27,72,78,0,14.200000000000001,7.0,6.5,0.0,8.413408858487514e-17,0.0030767113255836497,0.0015110043989612167,0.0019140608685797689,7.0,8.8,"[24, 15, 1, 25, 2, 12, 1, 19]"
main_partial_PRESCRIPTION_O1007_N1_P0.5_B8_T1.0_S0_R5,partial,PRESCRIPTION,100,85,15,85,88,0,13.5,6.7,4.6000000000000005,0.0,8.326672684688674e-17,0.0019623594801806534,0.0007516569272412793,0.001360838460536162,5.5,5.5,"[17, 19, 1, 36, 1, 7, 0, 19]"
main_partial_PRESCRIPTION_O1007_N2_P0.5_B8_T1.0_S0_R5,partial,PRESCRIPTION,100,85,15,85,88,0,11.4,5.1000000000000005,4.4,0.0,8.543513119185775e-17,0.0018772817631797997,0.0006507226879826356,0.0015105214771593157,6.2,9.5,"[19, 23, 3, 16, 0, 10, 1, 28]"
main_partial_PRESCRIPTION_O1008_N1_P0.5_B8_T1.0_S0_R5,partial,PRESCRIPTION,100,86,14,86,92,0,11.0,5.5,6.5,0.0,2.0816681711721685e-17,0.003046927978723744,0.0023285275940263,0.002511343562391394,6.7,12.0,"[22, 6, 2, 19, 0, 10, 3, 38]"
main_partial_PRESCRIPTION_O1008_N2_P0.5_B8_T1.0_S0_R5,partial,PRESCRIPTION,100,86,14,86,92,0,9.9,4.5,6.1000000000000005,0.0,1.9081958235744878e-17,0.002944062807553457,0.002174490861629867,0.002399292788856473,6.6000000000000005,12.3,"[28, 13, 1, 17, 3, 6, 0, 32]"
main_partial_PRESCRIPTION_O1009_N1_P0.5_B8_T1.0_S0_R5,partial,PRESCRIPTION,100,83,17,83,86,0,11.0,6.1000000000000005,4.7,0.1,1.1015494072452725e-16,0.0013809571397542558,0.0006504148614044847,0.001065789582269533,5.300000000000001,6.1000000000000005,"[10, 16, 1, 27, 2, 5, 2, 37]"
main_partial_PRESCRIPTION_O1009_N2_P0.5_B8_T1.0_S0_R5,partial,PRESCRIPTION,100,83,17,83,86,0,10.3,4.1000000000000005,3.9000000000000004,0.0,1.1015494072452725e-16,0.0017145066340761572,0.0009720071583562461,0.0011277301069598322,4.0,2.9000000000000004,"[25, 8, 3, 30, 0, 6, 2, 26]"
main_partial_PRESCRIPTION_O1010_N1_P0.5_B8_T1.0_S0_R5,partial,PRESCRIPTION,100,72,28,72,78,0,10.100000000000001,4.2,2.2,0.0,6.245004513516506e-17,0.001477899554737007,-7.144523974362833e-05,0.0005759247695354621,2.5,2.5,"[17, 7, 2, 22, 3, 10, 3, 36]"
main_partial_PRESCRIPTION_O1010_N2_P0.5_B8_T1.0_S0_R5,partial,PRESCRIPTION,100,73,27,73,79,0,12.600000000000001,7.0,5.800000000000001,0.0,6.245004513516506e-17,0.0026595514089609016,0.001038061942837153,0.0020200423086315206,7.2,7.5,"[37, 12, 2, 18, 1, 8, 0, 22]"
main_partial_PRESCRIPTION_O1011_N1_P0.5_B8_T1.0_S0_R5,partial,PRESCRIPTION,100,86,14,86,90,0,12.200000000000001,7.7,6.0,0.0,7.762887554996212e-17,0.0019142953330900758,0.0009926718366984636,0.0017269676476759541,7.1000000000000005,7.300000000000001,"[16, 9, 5, 38, 0, 5, 0, 27]"
main_partial_PRESCRIPTION_O1011_N2_P0.5_B8_T1.0_S0_R5,partial,PRESCRIPTION,100,87,13,87,89,0,14.3,7.9,7.2,0.0,7.762887554996212e-17,0.002614254247245483,0.0016642309121200362,0.0020922749701366176,8.0,7.7,"[17, 19, 8, 26, 3, 3, 3, 21]"
main_partial_PRESCRIPTION_O1012_N1_P0.5_B8_T1.0_S0_R5,partial,PRESCRIPTION,100,77,23,77,84,0,14.8,9.9,7.4,0.1,6.548581121812447e-17,0.0032537856679038914,0.002035864157996441,0.0024005566786781877,7.6000000000000005,11.5,"[23, 10, 1, 47, 3, 2, 1, 13]"
main_partial_PRESCRIPTION_O1012_N2_P0.5_B8_T1.0_S0_R5,partial,PRESCRIPTION,100,83,17,83,88,0,11.600000000000001,4.800000000000001,4.9,0.1,6.548581121812447e-17,0.002983561194170502,0.0018684317701901018,0.002119495160185558,5.1000000000000005,6.1000000000000005,"[36, 5, 6, 19, 2, 0, 8, 24]"
main_partial_PRESCRIPTION_O1013_N1_P0.5_B8_T1.0_S0_R5,partial,PRESCRIPTION,100,87,13,87,89,0,12.600000000000001,6.6000000000000005,5.4,0.0,1.3877787807814457e-17,0.003231857187601219,0.0019637949805872273,0.00242635640412967,5.7,7.9,"[18, 14, 3, 24, 3, 7, 3, 28]"
main_partial_PRESCRIPTION_O1013_N2_P0.5_B8_T1.0_S0_R5,partial,PRESCRIPTION,100,86,14,86,89,0,9.3,3.8000000000000003,4.800000000000001,0.0,2.0816681711721685e-17,0.0023828950210591088,0.001175991786982417,0.001690746160559375,5.0,5.7,"[28, 4, 3, 13, 3, 13, 2, 34]"
main_partial_PRESCRIPTION_O1014_N1_P0.5_B8_T1.0_S0_R5,partial,PRESCRIPTION,100,81,19,81,85,0,11.700000000000001,5.4,4.4,0.0,5.5077470362263625e-17,0.0024927492928359823,0.0010724485421906601,0.0014716250875899256,4.9,8.700000000000001,"[20, 11, 2, 21, 1, 11, 4, 30]"
main_partial_PRESCRIPTION_O1014_N2_P0.5_B8_T1.0_S0_R5,partial,PRESCRIPTION,100,81,19,81,85,0,11.4,7.7,6.1000000000000005,0.0,5.551115123125783e-17,0.003321348229105966,0.001997158507601073,0.002608023927412886,7.800000000000001,9.700000000000001,"[32, 10, 1, 21, 1, 4, 1, 30]"
main_partial_PRESCRIPTION_O1015_N1_P0.5_B8_T1.0_S0_R5,partial,PRESCRIPTION,100,93,7,93,97,0,10.8,3.5,2.3000000000000003,0.0,1.0408340855860843e-17,0.0008411599125794883,0.0005668201009138145,0.0007247968691995188,2.8000000000000003,3.0,"[16, 8, 1, 30, 0, 9, 3, 33]"
main_partial_PRESCRIPTION_O1015_N2_P0.5_B8_T1.0_S0_R5,partial,PRESCRIPTION,100,93,7,93,98,0,9.9,1.7000000000000002,1.6,0.0,2.7755575615628914e-17,0.0004940984136532025,0.00021693927278038032,0.000329444836128264,1.6,1.5,"[8, 24, 0, 21, 0, 7, 2, 38]"
main_partial_PRESCRIPTION_O1016_N1_P0.5_B8_T1.0_S0_R5,partial,PRESCRIPTION,99,79,20,79,85,0,13.5,6.6000000000000005,5.9,0.0,3.382710778154774e-17,0.002543949031284406,0.0016517345799456685,0.0019608029191562947,6.300000000000001,8.1,"[4, 30, 4, 30, 1, 6, 0, 24]"
main_partial_PRESCRIPTION_O1016_N2_P0.5_B8_T1.0_S0_R5,partial,PRESCRIPTION,99,82,17,82,86,0,11.700000000000001,7.5,7.800000000000001,0.0,3.382710778154774e-17,0.0032138690151908233,0.0023478928906264566,0.002553787640455563,7.800000000000001,11.4,"[31, 18, 4, 17, 0, 5, 1, 23]"
main_partial_PRESCRIPTION_O1017_N1_P0.5_B8_T1.0_S0_R5,partial,PRESCRIPTION,99,77,22,77,83,0,13.5,5.9,3.9000000000000004,0.0,3.209238430557093e-17,0.001872482962534385,0.0006869399797062956,0.0012146935474611096,5.0,9.3,"[26, 22, 2, 22, 0, 4, 3, 20]"
main_partial_PRESCRIPTION_O1017_N2_P0.5_B8_T1.0_S0_R5,partial,PRESCRIPTION,99,80,19,80,84,0,12.4,8.5,10.5,0.1,5.074066167232161e-17,0.004322086144829967,0.003117864677449049,0.0038035147794944477,12.0,21.700000000000003,"[39, 19, 2, 14, 1, 8, 1, 15]"
main_partial_PRESCRIPTION_O1018_N1_P0.5_B8_T1.0_S0_R5,partial,PRESCRIPTION,100,80,20,80,81,0,10.600000000000001,5.5,7.5,0.0,9.194034422677078e-17,0.0031022112263166136,0.0021267670378234535,0.002290078105064119,7.9,12.200000000000001,"[23, 12, 0, 25, 2, 7, 0, 31]"
main_partial_PRESCRIPTION_O1018_N2_P0.5_B8_T1.0_S0_R5,partial,PRESCRIPTION,99,83,16,83,84,0,10.8,5.0,6.1000000000000005,0.0,9.194034422677078e-17,0.0027395789230586186,0.0018696829045595157,0.002151461966390457,6.4,8.6,"[26, 16, 0, 18, 4, 10, 2, 23]"
main_partial_PRESCRIPTION_O1019_N1_P0.5_B8_T1.0_S0_R5,partial,PRESCRIPTION,99,66,33,66,84,0,12.5,8.0,6.7,0.0,3.5561831257524545e-17,0.0028470701483658523,0.0018932532592737881,0.0023011026990305437,7.800000000000001,12.0,"[23, 15, 0, 31, 2, 7, 0, 21]"
main_partial_PRESCRIPTION_O1019_N2_P0.5_B8_T1.0_S0_R5,partial,PRESCRIPTION,99,63,36,63,81,0,8.5,5.2,4.1000000000000005,0.0,7.068998164605489e-17,0.0017478108211692312,0.0007182908369540522,0.0011527328614175365,4.1000000000000005,3.9000000000000004,"[15, 12, 0, 24, 0, 4, 0, 44]"
main_contention_NO_FEEDBACK_O1000_N1_P0.5_B8_T1.0_S0_R5,contention,NO_FEEDBACK,0,0,0,0,0,0,0.0,0.0,0.0,0.0,8.326672684688674e-17,0.0,0.0,0.0,0.0,60.0,"[0, 0, 0, 0, 0, 0, 0, 0]"
main_contention_NO_FEEDBACK_O1000_N2_P0.5_B8_T1.0_S0_R5,contention,NO_FEEDBACK,0,0,0,0,0,0,0.0,0.0,0.0,0.0,8.326672684688674e-17,0.0,0.0,0.0,0.0,60.0,"[0, 0, 0, 0, 0, 0, 0, 0]"
main_contention_NO_FEEDBACK_O1001_N1_P0.5_B8_T1.0_S0_R5,contention,NO_FEEDBACK,0,0,0,0,0,0,0.0,0.0,0.0,0.0,2.7755575615628914e-17,0.0,0.0,0.0,0.0,60.0,"[0, 0, 0, 0, 0, 0, 0, 0]"
main_contention_NO_FEEDBACK_O1001_N2_P0.5_B8_T1.0_S0_R5,contention,NO_FEEDBACK,0,0,0,0,0,0,0.0,0.0,0.0,0.0,2.7755575615628914e-17,0.0,0.0,0.0,0.0,60.0,"[0, 0, 0, 0, 0, 0, 0, 0]"
main_contention_NO_FEEDBACK_O1002_N1_P0.5_B8_T1.0_S0_R5,contention,NO_FEEDBACK,0,0,0,0,0,0,0.0,0.0,0.0,0.0,1.1015494072452725e-16,0.0,0.0,0.0,0.0,60.0,"[0, 0, 0, 0, 0, 0, 0, 0]"
main_contention_NO_FEEDBACK_O1002_N2_P0.5_B8_T1.0_S0_R5,contention,NO_FEEDBACK,0,0,0,0,0,0,0.0,0.0,0.0,0.0,1.1015494072452725e-16,0.0,0.0,0.0,0.0,60.0,"[0, 0, 0, 0, 0, 0, 0, 0]"
main_contention_NO_FEEDBACK_O1003_N1_P0.5_B8_T1.0_S0_R5,contention,NO_FEEDBACK,0,0,0,0,0,0,0.0,0.0,0.0,0.0,5.551115123125783e-17,0.0,0.0,0.0,0.0,60.0,"[0, 0, 0, 0, 0, 0, 0, 0]"
main_contention_NO_FEEDBACK_O1003_N2_P0.5_B8_T1.0_S0_R5,contention,NO_FEEDBACK,0,0,0,0,0,0,0.0,0.0,0.0,0.0,5.551115123125783e-17,0.0,0.0,0.0,0.0,60.0,"[0, 0, 0, 0, 0, 0, 0, 0]"
main_contention_NO_FEEDBACK_O1004_N1_P0.5_B8_T1.0_S0_R5,contention,NO_FEEDBACK,0,0,0,0,0,0,0.0,0.0,0.0,0.0,2.0816681711721685e-17,0.0,0.0,0.0,0.0,60.0,"[0, 0, 0, 0, 0, 0, 0, 0]"
main_contention_NO_FEEDBACK_O1004_N2_P0.5_B8_T1.0_S0_R5,contention,NO_FEEDBACK,0,0,0,0,0,0,0.0,0.0,0.0,0.0,2.0816681711721685e-17,0.0,0.0,0.0,0.0,60.0,"[0, 0, 0, 0, 0, 0, 0, 0]"
main_contention_NO_FEEDBACK_O1005_N1_P0.5_B8_T1.0_S0_R5,contention,NO_FEEDBACK,0,0,0,0,0,0,0.0,0.0,0.0,0.0,1.1188966420050406e-16,0.0,0.0,0.0,0.0,60.0,"[0, 0, 0, 0, 0, 0, 0, 0]"
main_contention_NO_FEEDBACK_O1005_N2_P0.5_B8_T1.0_S0_R5,contention,NO_FEEDBACK,0,0,0,0,0,0,0.0,0.0,0.0,0.0,1.1188966420050406e-16,0.0,0.0,0.0,0.0,60.0,"[0, 0, 0, 0, 0, 0, 0, 0]"
main_contention_NO_FEEDBACK_O1006_N1_P0.5_B8_T1.0_S0_R5,contention,NO_FEEDBACK,0,0,0,0,0,0,0.0,0.0,0.0,0.0,8.413408858487514e-17,0.0,0.0,0.0,0.0,60.0,"[0, 0, 0, 0, 0, 0, 0, 0]"
main_contention_NO_FEEDBACK_O1006_N2_P0.5_B8_T1.0_S0_R5,contention,NO_FEEDBACK,0,0,0,0,0,0,0.0,0.0,0.0,0.0,8.413408858487514e-17,0.0,0.0,0.0,0.0,60.0,"[0, 0, 0, 0, 0, 0, 0, 0]"
main_contention_NO_FEEDBACK_O1007_N1_P0.5_B8_T1.0_S0_R5,contention,NO_FEEDBACK,0,0,0,0,0,0,0.0,0.0,0.0,0.0,8.543513119185775e-17,0.0,0.0,0.0,0.0,60.0,"[0, 0, 0, 0, 0, 0, 0, 0]"
main_contention_NO_FEEDBACK_O1007_N2_P0.5_B8_T1.0_S0_R5,contention,NO_FEEDBACK,0,0,0,0,0,0,0.0,0.0,0.0,0.0,8.543513119185775e-17,0.0,0.0,0.0,0.0,60.0,"[0, 0, 0, 0, 0, 0, 0, 0]"
main_contention_NO_FEEDBACK_O1008_N1_P0.5_B8_T1.0_S0_R5,contention,NO_FEEDBACK,0,0,0,0,0,0,0.0,0.0,0.0,0.0,1.9081958235744878e-17,0.0,0.0,0.0,0.0,60.0,"[0, 0, 0, 0, 0, 0, 0, 0]"
main_contention_NO_FEEDBACK_O1008_N2_P0.5_B8_T1.0_S0_R5,contention,NO_FEEDBACK,0,0,0,0,0,0,0.0,0.0,0.0,0.0,2.0816681711721685e-17,0.0,0.0,0.0,0.0,60.0,"[0, 0, 0, 0, 0, 0, 0, 0]"
main_contention_NO_FEEDBACK_O1009_N1_P0.5_B8_T1.0_S0_R5,contention,NO_FEEDBACK,0,0,0,0,0,0,0.0,0.0,0.0,0.0,1.1015494072452725e-16,0.0,0.0,0.0,0.0,60.0,"[0, 0, 0, 0, 0, 0, 0, 0]"
main_contention_NO_FEEDBACK_O1009_N2_P0.5_B8_T1.0_S0_R5,contention,NO_FEEDBACK,0,0,0,0,0,0,0.0,0.0,0.0,0.0,1.1015494072452725e-16,0.0,0.0,0.0,0.0,60.0,"[0, 0, 0, 0, 0, 0, 0, 0]"
main_contention_NO_FEEDBACK_O1010_N1_P0.5_B8_T1.0_S0_R5,contention,NO_FEEDBACK,0,0,0,0,0,0,0.0,0.0,0.0,0.0,6.245004513516506e-17,0.0,0.0,0.0,0.0,60.0,"[0, 0, 0, 0, 0, 0, 0, 0]"
main_contention_NO_FEEDBACK_O1010_N2_P0.5_B8_T1.0_S0_R5,contention,NO_FEEDBACK,0,0,0,0,0,0,0.0,0.0,0.0,0.0,6.245004513516506e-17,0.0,0.0,0.0,0.0,60.0,"[0, 0, 0, 0, 0, 0, 0, 0]"
main_contention_NO_FEEDBACK_O1011_N1_P0.5_B8_T1.0_S0_R5,contention,NO_FEEDBACK,0,0,0,0,0,0,0.0,0.0,0.0,0.0,7.762887554996212e-17,0.0,0.0,0.0,0.0,60.0,"[0, 0, 0, 0, 0, 0, 0, 0]"
main_contention_NO_FEEDBACK_O1011_N2_P0.5_B8_T1.0_S0_R5,contention,NO_FEEDBACK,0,0,0,0,0,0,0.0,0.0,0.0,0.0,7.762887554996212e-17,0.0,0.0,0.0,0.0,60.0,"[0, 0, 0, 0, 0, 0, 0, 0]"
main_contention_NO_FEEDBACK_O1012_N1_P0.5_B8_T1.0_S0_R5,contention,NO_FEEDBACK,0,0,0,0,0,0,0.0,0.0,0.0,0.0,6.548581121812447e-17,0.0,0.0,0.0,0.0,60.0,"[0, 0, 0, 0, 0, 0, 0, 0]"
main_contention_NO_FEEDBACK_O1012_N2_P0.5_B8_T1.0_S0_R5,contention,NO_FEEDBACK,0,0,0,0,0,0,0.0,0.0,0.0,0.0,6.548581121812447e-17,0.0,0.0,0.0,0.0,60.0,"[0, 0, 0, 0, 0, 0, 0, 0]"
main_contention_NO_FEEDBACK_O1013_N1_P0.5_B8_T1.0_S0_R5,contention,NO_FEEDBACK,0,0,0,0,0,0,0.0,0.0,0.0,0.0,1.3877787807814457e-17,0.0,0.0,0.0,0.0,60.0,"[0, 0, 0, 0, 0, 0, 0, 0]"
main_contention_NO_FEEDBACK_O1013_N2_P0.5_B8_T1.0_S0_R5,contention,NO_FEEDBACK,0,0,0,0,0,0,0.0,0.0,0.0,0.0,2.7755575615628914e-17,0.0,0.0,0.0,0.0,60.0,"[0, 0, 0, 0, 0, 0, 0, 0]"
main_contention_NO_FEEDBACK_O1014_N1_P0.5_B8_T1.0_S0_R5,contention,NO_FEEDBACK,0,0,0,0,0,0,0.0,0.0,0.0,0.0,5.551115123125783e-17,0.0,0.0,0.0,0.0,60.0,"[0, 0, 0, 0, 0, 0, 0, 0]"
main_contention_NO_FEEDBACK_O1014_N2_P0.5_B8_T1.0_S0_R5,contention,NO_FEEDBACK,0,0,0,0,0,0,0.0,0.0,0.0,0.0,5.551115123125783e-17,0.0,0.0,0.0,0.0,60.0,"[0, 0, 0, 0, 0, 0, 0, 0]"
main_contention_NO_FEEDBACK_O1015_N1_P0.5_B8_T1.0_S0_R5,contention,NO_FEEDBACK,0,0,0,0,0,0,0.0,0.0,0.0,0.0,2.7755575615628914e-17,0.0,0.0,0.0,0.0,60.0,"[0, 0, 0, 0, 0, 0, 0, 0]"
main_contention_NO_FEEDBACK_O1015_N2_P0.5_B8_T1.0_S0_R5,contention,NO_FEEDBACK,0,0,0,0,0,0,0.0,0.0,0.0,0.0,2.7755575615628914e-17,0.0,0.0,0.0,0.0,60.0,"[0, 0, 0, 0, 0, 0, 0, 0]"
main_contention_NO_FEEDBACK_O1016_N1_P0.5_B8_T1.0_S0_R5,contention,NO_FEEDBACK,0,0,0,0,0,0,0.0,0.0,0.0,0.0,3.382710778154774e-17,0.0,0.0,0.0,0.0,60.0,"[0, 0, 0, 0, 0, 0, 0, 0]"
main_contention_NO_FEEDBACK_O1016_N2_P0.5_B8_T1.0_S0_R5,contention,NO_FEEDBACK,0,0,0,0,0,0,0.0,0.0,0.0,0.0,3.382710778154774e-17,0.0,0.0,0.0,0.0,60.0,"[0, 0, 0, 0, 0, 0, 0, 0]"
main_contention_NO_FEEDBACK_O1017_N1_P0.5_B8_T1.0_S0_R5,contention,NO_FEEDBACK,0,0,0,0,0,0,0.0,0.0,0.0,0.0,5.074066167232161e-17,0.0,0.0,0.0,0.0,60.0,"[0, 0, 0, 0, 0, 0, 0, 0]"
main_contention_NO_FEEDBACK_O1017_N2_P0.5_B8_T1.0_S0_R5,contention,NO_FEEDBACK,0,0,0,0,0,0,0.0,0.0,0.0,0.0,5.074066167232161e-17,0.0,0.0,0.0,0.0,60.0,"[0, 0, 0, 0, 0, 0, 0, 0]"
main_contention_NO_FEEDBACK_O1018_N1_P0.5_B8_T1.0_S0_R5,contention,NO_FEEDBACK,0,0,0,0,0,0,0.0,0.0,0.0,0.0,9.194034422677078e-17,0.0,0.0,0.0,0.0,60.0,"[0, 0, 0, 0, 0, 0, 0, 0]"
main_contention_NO_FEEDBACK_O1018_N2_P0.5_B8_T1.0_S0_R5,contention,NO_FEEDBACK,0,0,0,0,0,0,0.0,0.0,0.0,0.0,9.194034422677078e-17,0.0,0.0,0.0,0.0,60.0,"[0, 0, 0, 0, 0, 0, 0, 0]"
main_contention_NO_FEEDBACK_O1019_N1_P0.5_B8_T1.0_S0_R5,contention,NO_FEEDBACK,0,0,0,0,0,0,0.0,0.0,0.0,0.0,7.068998164605489e-17,0.0,0.0,0.0,0.0,60.0,"[0, 0, 0, 0, 0, 0, 0, 0]"
main_contention_NO_FEEDBACK_O1019_N2_P0.5_B8_T1.0_S0_R5,contention,NO_FEEDBACK,0,0,0,0,0,0,0.0,0.0,0.0,0.0,7.068998164605489e-17,0.0,0.0,0.0,0.0,60.0,"[0, 0, 0, 0, 0, 0, 0, 0]"
main_contention_COV_PERIODIC_O1000_N1_P0.5_B4_T1.0_S0_R5,contention,COV_PERIODIC,40,23,15,23,28,0,13.100000000000001,9.9,7.7,0.1,2.0816681711721685e-17,0.003909148436907237,0.00030936902910060836,0.002676182103235338,8.700000000000001,14.3,"[20, 4, 0, 5, 0, 5, 1, 5]"
main_contention_COV_PERIODIC_O1000_N2_P0.5_B4_T1.0_S0_R5,contention,COV_PERIODIC,40,22,17,22,29,0,9.4,6.2,5.5,0.0,8.326672684688674e-17,0.003782901604625992,0.0003513704048691202,0.0021630465128297527,5.9,13.9,"[22, 2, 0, 7, 0, 1, 0, 8]"
main_contention_COV_PERIODIC_O1001_N1_P0.5_B4_T1.0_S0_R5,contention,COV_PERIODIC,40,28,12,28,28,0,11.0,8.5,5.300000000000001,0.2,2.7755575615628914e-17,0.003988553022189517,-0.001940715789022909,0.0014507776222653533,6.2,12.3,"[19, 6, 0, 7, 1, 4, 0, 3]"
main_contention_COV_PERIODIC_O1001_N2_P0.5_B4_T1.0_S0_R5,contention,COV_PERIODIC,40,28,12,28,28,0,9.8,7.300000000000001,5.9,0.0,2.7755575615628914e-17,0.0037794865005120483,-0.0019088452545141304,0.002188108081607779,8.200000000000001,17.400000000000002,"[24, 2, 0, 8, 0, 0, 0, 6]"
main_contention_COV_PERIODIC_O1002_N1_P0.5_B4_T1.0_S0_R5,contention,COV_PERIODIC,40,28,12,28,32,0,15.700000000000001,13.0,7.300000000000001,0.1,1.1015494072452725e-16,0.0032896451335673936,2.4076189518163134e-05,0.00206008373099967,8.4,15.600000000000001,"[19, 7, 0, 9, 0, 5, 0, 0]"
main_contention_COV_PERIODIC_O1002_N2_P0.5_B4_T1.0_S0_R5,contention,COV_PERIODIC,40,30,10,30,31,0,11.100000000000001,8.1,6.6000000000000005,0.0,1.1015494072452725e-16,0.0038638515268688656,0.000950146309259473,0.0024340601523402308,7.5,17.3,"[24, 2, 2, 7, 0, 0, 1, 4]"
main_contention_COV_PERIODIC_O1003_N1_P0.5_B4_T1.0_S0_R5,contention,COV_PERIODIC,40,25,14,25,29,0,13.0,8.9,5.4,0.0,4.5102810375396984e-17,0.003680842839032986,-0.00025306411202409107,0.0019696150325081,5.7,14.8,"[20, 3, 0, 8, 0, 4, 1, 4]"
main_contention_COV_PERIODIC_O1003_N2_P0.5_B4_T1.0_S0_R5,contention,COV_PERIODIC,40,31,9,31,31,0,10.200000000000001,7.7,6.2,0.0,5.551115123125783e-17,0.005129502132345396,0.0013507576279133263,0.0021382320583152024,6.5,12.3,"[24, 1, 1, 8, 0, 0, 0, 6]"
main_contention_COV_PERIODIC_O1004_N1_P0.5_B4_T1.0_S0_R5,contention,COV_PERIODIC,40,19,18,19,29,0,12.3,10.5,5.1000000000000005,0.1,2.0816681711721685e-17,0.002719597182222891,0.00042973025612118266,0.0014317774732317884,6.2,12.100000000000001,"[17, 4, 0, 9, 0, 6, 0, 4]"
main_contention_COV_PERIODIC_O1004_N2_P0.5_B4_T1.0_S0_R5,contention,COV_PERIODIC,40,15,22,15,30,0,8.9,7.1000000000000005,3.2,0.0,2.7755575615628914e-17,0.002221837318373134,-0.00022381707199064195,0.0009508522909014735,3.9000000000000004,11.5,"[21, 3, 0, 5, 0, 1, 1, 9]"
main_contention_COV_PERIODIC_O1005_N1_P0.5_B4_T1.0_S0_R5,contention,COV_PERIODIC,40,16,22,16,20,0,12.4,10.600000000000001,6.2,0.1,1.1188966420050406e-16,0.004500198198427492,0.00022082835605537196,0.001743179251967454,6.800000000000001,12.700000000000001,"[19, 5, 0, 8, 0, 2, 0, 6]"
main_contention_COV_PERIODIC_O1005_N2_P0.5_B4_T1.0_S0_R5,contention,COV_PERIODIC,40,14,22,14,21,0,10.9,9.5,5.300000000000001,0.1,1.1188966420050406e-16,0.004598099884418153,-0.00029245359470989713,0.0017321038515377813,6.300000000000001,14.8,"[20, 4, 0, 8, 0, 0, 2, 6]"
main_contention_COV_PERIODIC_O1006_N1_P0.5_B4_T1.0_S0_R5,contention,COV_PERIODIC,40,16,24,16,17,1,9.600000000000001,8.200000000000001,3.8000000000000003,0.0,8.326672684688674e-17,0.0050071898811267,-0.001620119374575596,0.0011818903965494117,4.9,10.200000000000001,"[16, 4, 0, 8, 0, 5, 2, 5]"
main_contention_COV_PERIODIC_O1006_N2_P0.5_B4_T1.0_S0_R5,contention,COV_PERIODIC,40,15,25,15,16,1,11.8,9.3,6.1000000000000005,0.30000000000000004,8.413408858487514e-17,0.005600857276704736,-0.001186301152945118,0.0017785739258367492,7.4,15.8,"[22, 2, 1, 6, 0, 4, 1, 4]"
main_contention_COV_PERIODIC_O1007_N1_P0.5_B4_T1.0_S0_R5,contention,COV_PERIODIC,40,22,18,22,25,0,11.600000000000001,8.700000000000001,5.800000000000001,0.0,8.326672684688674e-17,0.004619681702224237,-0.0011626859678100603,0.001732668223372929,6.300000000000001,11.200000000000001,"[20, 4, 0, 6, 0, 5, 0, 5]"
main_contention_COV_PERIODIC_O1007_N2_P0.5_B4_T1.0_S0_R5,contention,COV_PERIODIC,40,16,23,16,22,0,8.6,5.800000000000001,5.7,0.0,8.543513119185775e-17,0.005483964172840732,-0.0006898707867267712,0.002224616072277056,6.7,16.900000000000002,"[26, 2, 0, 4, 0, 0, 2, 6]"
main_contention_COV_PERIODIC_O1008_N1_P0.5_B4_T1.0_S0_R5,contention,COV_PERIODIC,40,17,20,17,24,0,12.600000000000001,11.3,7.5,0.0,1.9081958235744878e-17,0.004753077976142204,0.0012641312597132346,0.0026033788210266355,8.5,13.700000000000001,"[17, 5, 1, 11, 0, 1, 0, 5]"
main_contention_COV_PERIODIC_O1008_N2_P0.5_B4_T1.0_S0_R5,contention,COV_PERIODIC,40,19,17,19,23,0,10.100000000000001,7.300000000000001,8.0,0.0,1.9081958235744878e-17,0.004114880999314071,0.0009912315176625686,0.0026109591361304545,8.4,15.600000000000001,"[24, 2, 2, 6, 0, 0, 0, 6]"
main_contention_COV_PERIODIC_O1009_N1_P0.5_B4_T1.0_S0_R5,contention,COV_PERIODIC,40,23,16,23,25,0,10.3,8.4,4.6000000000000005,0.6000000000000001,1.1015494072452725e-16,0.0023950045155126717,-0.0004021927160926218,0.0012740235162904756,4.1000000000000005,8.0,"[16, 4, 0, 9, 0, 6, 0, 5]"
main_contention_COV_PERIODIC_O1009_N2_P0.5_B4_T1.0_S0_R5,contention,COV_PERIODIC,40,20,20,20,25,0,8.3,6.800000000000001,6.2,0.0,1.1015494072452725e-16,0.003950493574422323,0.0010042939062381618,0.002325832355232346,6.800000000000001,15.5,"[22, 4, 0, 3, 0, 2, 1, 8]"
main_contention_COV_PERIODIC_O1010_N1_P0.5_B4_T1.0_S0_R5,contention,COV_PERIODIC,40,16,23,16,20,0,11.200000000000001,9.700000000000001,6.2,0.0,6.245004513516506e-17,0.004648059494702348,-0.0009180230885094587,0.001780059342473293,7.6000000000000005,13.600000000000001,"[22, 3, 0, 6, 0, 4, 0, 5]"
main_contention_COV_PERIODIC_O1010_N2_P0.5_B4_T1.0_S0_R5,contention,COV_PERIODIC,40,13,26,13,20,0,12.0,9.5,5.6000000000000005,0.1,6.245004513516506e-17,0.004210782282416376,-0.0011399029610519333,0.001661965565754786,7.5,16.900000000000002,"[24, 3, 2, 7, 0, 0, 1, 3]"
main_contention_COV_PERIODIC_O1011_N1_P0.5_B4_T1.0_S0_R5,contention,COV_PERIODIC,40,27,13,27,31,0,9.8,7.5,5.7,0.0,7.762887554996212e-17,0.003512665505881303,0.0002812843740655464,0.001969951260496265,6.4,12.100000000000001,"[18, 3, 1, 9, 1, 1, 0, 7]"
main_contention_COV_PERIODIC_O1011_N2_P0.5_B4_T1.0_S0_R5,contention,COV_PERIODIC,40,25,15,25,30,0,10.3,7.6000000000000005,6.1000000000000005,0.1,7.762887554996212e-17,0.0035286805154847965,7.733160322550382e-05,0.0020451952815829584,7.2,14.8,"[22, 4, 0, 5, 0, 2, 1, 6]"
main_contention_COV_PERIODIC_O1012_N1_P0.5_B4_T1.0_S0_R5,contention,COV_PERIODIC,40,20,20,20,25,2,12.4,9.4,7.0,0.30000000000000004,6.548581121812447e-17,0.004789485706902749,0.00032247968922261797,0.0025637877371342873,7.2,12.100000000000001,"[18, 4, 2, 8, 0, 2, 0, 6]"
main_contention_COV_PERIODIC_O1012_N2_P0.5_B4_T1.0_S0_R5,contention,COV_PERIODIC,40,23,17,23,28,2,8.9,6.5,6.2,0.0,6.548581121812447e-17,0.0048442012330645505,0.00027748919055764867,0.0022329893433444157,7.6000000000000005,15.5,"[24, 0, 2, 5, 0, 1, 1, 7]"
main_contention_COV_PERIODIC_O1013_N1_P0.5_B4_T1.0_S0_R5,contention,COV_PERIODIC,40,23,17,23,26,0,10.0,7.7,5.2,0.0,2.0816681711721685e-17,0.004448857132236961,-0.0008304200343920881,0.001866142076535522,6.2,14.200000000000001,"[19, 3, 1, 11, 0, 1, 0, 5]"
main_contention_COV_PERIODIC_O1013_N2_P0.5_B4_T1.0_S0_R5,contention,COV_PERIODIC,40,21,19,21,26,0,11.100000000000001,8.8,5.7,0.0,2.0816681711721685e-17,0.0038055800659573587,-0.0015521056025883204,0.0022711556131284347,7.5,16.7,"[23, 2, 0, 6, 0, 0, 3, 6]"
main_contention_COV_PERIODIC_O1014_N1_P0.5_B4_T1.0_S0_R5,contention,COV_PERIODIC,40,19,21,19,25,0,11.600000000000001,9.700000000000001,6.5,0.0,5.5077470362263625e-17,0.0033636511547196607,-0.0006045169786060513,0.0018976936796080467,7.7,13.5,"[18, 5, 0, 11, 0, 1, 0, 5]"
main_contention_COV_PERIODIC_O1014_N2_P0.5_B4_T1.0_S0_R5,contention,COV_PERIODIC,40,19,20,19,26,0,7.800000000000001,5.1000000000000005,5.7,0.0,5.551115123125783e-17,0.00530282019172329,0.001470234760573331,0.0026474739836595445,7.2,16.7,"[25, 2, 0, 5, 0, 0, 2, 6]"
main_contention_COV_PERIODIC_O1015_N1_P0.5_B4_T1.0_S0_R5,contention,COV_PERIODIC,40,28,11,28,33,0,9.600000000000001,6.9,4.800000000000001,0.0,1.3877787807814457e-17,0.0023126168624937916,0.0011520320488560213,0.0016039591558623012,4.9,11.600000000000001,"[21, 2, 0, 6, 0, 4, 0, 7]"
main_contention_COV_PERIODIC_O1015_N2_P0.5_B4_T1.0_S0_R5,contention,COV_PERIODIC,40,20,19,20,33,0,10.9,7.800000000000001,7.5,0.0,2.7755575615628914e-17,0.0036826548771200186,0.0022142472901407217,0.0028729585793896475,7.6000000000000005,16.400000000000002,"[23, 1, 0, 6, 0, 2, 1, 7]"
main_contention_COV_PERIODIC_O1016_N1_P0.5_B4_T1.0_S0_R5,contention,COV_PERIODIC,40,25,15,25,27,0,10.4,7.7,6.6000000000000005,0.4,3.382710778154774e-17,0.0036482266495634352,0.00043912106918066673,0.0023419909006999213,6.5,12.3,"[19, 4, 0, 9, 0, 1, 0, 7]"
main_contention_COV_PERIODIC_O1016_N2_P0.5_B4_T1.0_S0_R5,contention,COV_PERIODIC,40,22,18,22,28,0,10.0,7.9,7.2,0.2,3.382710778154774e-17,0.0039614722554865275,0.0007186208786249655,0.002835186459181446,7.300000000000001,14.5,"[25, 3, 0, 6, 0, 2, 0, 4]"
main_contention_COV_PERIODIC_O1017_N1_P0.5_B4_T1.0_S0_R5,contention,COV_PERIODIC,40,15,23,15,21,0,10.700000000000001,9.1,1.5,0.0,3.209238430557093e-17,0.002208222096875826,-0.0021222967934382228,0.00046719776252569794,2.6,8.4,"[16, 5, 0, 6, 0, 5, 1, 7]"
main_contention_COV_PERIODIC_O1017_N2_P0.5_B4_T1.0_S0_R5,contention,COV_PERIODIC,40,12,26,12,17,0,10.600000000000001,8.8,5.7,0.1,5.074066167232161e-17,0.005023342253080444,0.00026452379595005794,0.0022399436630272575,7.5,19.1,"[24, 3, 1, 7, 0, 0, 1, 4]"
main_contention_COV_PERIODIC_O1018_N1_P0.5_B4_T1.0_S0_R5,contention,COV_PERIODIC,40,11,22,11,16,0,11.9,11.200000000000001,7.1000000000000005,0.0,9.194034422677078e-17,0.003755238299316229,0.0004688049844044743,0.002173765421642086,7.300000000000001,11.9,"[19, 3, 0, 5, 1, 5, 1, 6]"
main_contention_COV_PERIODIC_O1018_N2_P0.5_B4_T1.0_S0_R5,contention,COV_PERIODIC,40,16,20,16,22,0,8.9,7.1000000000000005,5.300000000000001,0.0,9.194034422677078e-17,0.0033237848310899674,2.235815639865666e-05,0.0017025128604165507,5.9,11.5,"[21, 3, 0, 5, 0, 1, 1, 9]"
main_contention_COV_PERIODIC_O1019_N1_P0.5_B4_T1.0_S0_R5,contention,COV_PERIODIC,40,14,26,14,17,5,12.3,10.700000000000001,6.1000000000000005,0.0,3.5561831257524545e-17,0.0036291012325664705,-1.7998941963911914e-05,0.001578014655281095,7.4,12.100000000000001,"[17, 4, 0, 9, 0, 6, 0, 4]"
main_contention_COV_PERIODIC_O1019_N2_P0.5_B4_T1.0_S0_R5,contention,COV_PERIODIC,40,7,33,7,11,5,12.8,11.8,7.6000000000000005,0.2,7.068998164605489e-17,0.004378592144920822,0.00042560387382671355,0.001980530706358417,8.700000000000001,14.700000000000001,"[24, 2, 0, 8, 0, 1, 0, 5]"
main_contention_COV_EVENT_O1000_N1_P0.2_B4_T0.4_S0_R5,contention,COV_EVENT,100,79,20,79,84,0,15.100000000000001,6.5,13.600000000000001,0.0,1.3877787807814457e-17,0.007302652477614016,0.006015953769707727,0.006439773559633142,14.5,35.6,"[67, 7, 0, 14, 0, 7, 0, 5]"
main_contention_COV_EVENT_O1000_N2_P0.2_B4_T0.4_S0_R5,contention,COV_EVENT,100,73,25,73,84,0,8.8,5.800000000000001,11.4,0.0,8.326672684688674e-17,0.005904803520837349,0.004518967402022883,0.005175276078898362,11.9,29.200000000000003,"[62, 5, 1, 13, 0, 3, 2, 14]"
main_contention_COV_EVENT_O1001_N1_P0.2_B4_T0.4_S0_R5,contention,COV_EVENT,100,82,18,82,85,0,14.8,6.0,12.4,0.0,2.7755575615628914e-17,0.00680296143485025,0.004857464149814211,0.005322849887507026,13.200000000000001,35.6,"[68, 5, 0, 14, 0, 7, 1, 5]"
main_contention_COV_EVENT_O1001_N2_P0.2_B4_T0.4_S0_R5,contention,COV_EVENT,100,82,18,82,85,0,12.600000000000001,8.5,12.4,0.0,2.7755575615628914e-17,0.0062329763355950816,0.004254189778359012,0.004784094080255375,13.100000000000001,30.3,"[62, 9, 2, 15, 0, 1, 1, 10]"
main_contention_COV_EVENT_O1002_N1_P0.2_B4_T0.4_S0_R5,contention,COV_EVENT,100,82,18,82,86,0,15.100000000000001,6.6000000000000005,13.5,0.0,1.1015494072452725e-16,0.006849280394132182,0.006048660637010808,0.006165362006869652,13.700000000000001,36.2,"[67, 5, 1, 14, 0, 8, 1, 4]"
main_contention_COV_EVENT_O1002_N2_P0.2_B4_T0.4_S0_R5,contention,COV_EVENT,100,87,13,87,88,0,12.9,8.9,12.700000000000001,0.0,1.1015494072452725e-16,0.005748810795753196,0.004966171137389404,0.005197964009425903,12.8,31.1,"[58, 10, 4, 11, 1, 2, 1, 13]"
main_contention_COV_EVENT_O1003_N1_P0.2_B4_T0.4_S0_R5,contention,COV_EVENT,100,85,15,85,89,0,15.100000000000001,6.5,13.700000000000001,0.0,4.5102810375396984e-17,0.00711162468481928,0.006336643671061758,0.006437723319565354,13.700000000000001,36.2,"[67, 5, 1, 14, 0, 8, 1, 4]"
main_contention_COV_EVENT_O1003_N2_P0.2_B4_T0.4_S0_R5,contention,COV_EVENT,100,81,19,81,89,0,10.8,7.300000000000001,12.600000000000001,0.0,5.551115123125783e-17,0.005944463377961928,0.005023126951799619,0.005211804889256204,12.9,29.3,"[61, 8, 2, 11, 0, 5, 1, 12]"
main_contention_COV_EVENT_O1004_N1_P0.2_B4_T0.4_S0_R5,contention,COV_EVENT,100,67,31,67,82,0,15.3,7.6000000000000005,13.600000000000001,0.0,1.3877787807814457e-17,0.006849502227998488,0.00594249081722644,0.006061980197154657,13.700000000000001,33.1,"[59, 10, 2, 9, 0, 5, 0, 15]"
main_contention_COV_EVENT_O1004_N2_P0.2_B4_T0.4_S0_R5,contention,COV_EVENT,100,71,24,71,82,0,8.1,5.1000000000000005,11.3,0.0,1.3877787807814457e-17,0.0059768952096663245,0.0051136179109482136,0.005216215751787726,11.4,29.0,"[62, 5, 1, 11, 0, 1, 2, 18]"
main_contention_COV_EVENT_O1005_N1_P0.2_B4_T0.4_S0_R5,contention,COV_EVENT,100,59,39,59,75,0,15.100000000000001,6.6000000000000005,13.8,0.0,1.1188966420050406e-16,0.0071092195725460374,0.005483000059191938,0.005772087975342773,14.200000000000001,36.2,"[67, 5, 1, 14, 0, 8, 1, 4]"
main_contention_COV_EVENT_O1005_N2_P0.2_B4_T0.4_S0_R5,contention,COV_EVENT,100,55,41,55,71,0,12.600000000000001,8.8,13.0,0.0,1.1188966420050406e-16,0.006734668384700299,0.004949069630619465,0.005277127972869049,13.5,30.400000000000002,"[60, 11, 3, 14, 0, 2, 1, 9]"
main_contention_COV_EVENT_O1006_N1_P0.2_B4_T0.4_S0_R5,contention,COV_EVENT,100,56,43,56,69,8,15.100000000000001,6.6000000000000005,13.5,0.0,8.326672684688674e-17,0.007403324201947945,0.005444704488361438,0.005668298647013459,14.0,36.2,"[67, 5, 1, 14, 0, 8, 1, 4]"
main_contention_COV_EVENT_O1006_N2_P0.2_B4_T0.4_S0_R5,contention,COV_EVENT,100,57,42,57,69,8,12.600000000000001,7.9,13.3,0.0,8.413408858487514e-17,0.007036530553400433,0.004969565029757756,0.0053211910227582825,13.5,31.8,"[63, 8, 2, 11, 0, 5, 1, 10]"
main_contention_COV_EVENT_O1007_N1_P0.2_B4_T0.4_S0_R5,contention,COV_EVENT,100,66,34,66,80,0,15.100000000000001,6.5,13.0,0.0,8.326672684688674e-17,0.007446601704916285,0.005356933517851604,0.005832293724311427,13.9,35.6,"[67, 7, 0, 14, 0, 7, 0, 5]"
main_contention_COV_EVENT_O1007_N2_P0.2_B4_T0.4_S0_R5,contention,COV_EVENT,100,64,35,64,77,0,9.200000000000001,6.1000000000000005,10.200000000000001,0.0,8.543513119185775e-17,0.005524400819849292,0.003445560673353718,0.003996804554750133,11.700000000000001,26.400000000000002,"[57, 8, 1, 8, 1, 5, 2, 18]"
main_contention_COV_EVENT_O1008_N1_P0.2_B4_T0.4_S0_R5,contention,COV_EVENT,100,67,31,67,75,0,15.4,7.800000000000001,14.8,0.0,1.9081958235744878e-17,0.007258484769550428,0.005890127685163616,0.006013174139679013,15.0,33.6,"[65, 8, 1, 8, 0, 6, 0, 12]"
main_contention_COV_EVENT_O1008_N2_P0.2_B4_T0.4_S0_R5,contention,COV_EVENT,100,65,33,65,79,0,12.8,7.6000000000000005,13.600000000000001,0.0,1.9081958235744878e-17,0.006936345140549167,0.005627190274556677,0.005910853581645298,14.200000000000001,32.7,"[64, 4, 1, 16, 1, 2, 2, 10]"
main_contention_COV_EVENT_O1009_N1_P0.2_B4_T0.4_S0_R5,contention,COV_EVENT,100,65,32,65,78,0,14.8,6.300000000000001,14.4,0.1,1.1015494072452725e-16,0.00771182943077844,0.006580509922993004,0.006657861715415548,14.4,35.6,"[68, 5, 0, 14, 0, 7, 1, 5]"
main_contention_COV_EVENT_O1009_N2_P0.2_B4_T0.4_S0_R5,contention,COV_EVENT,100,64,31,64,79,1,9.9,7.0,11.5,0.0,1.1015494072452725e-16,0.005874310337007919,0.004712175676345606,0.004891858532699054,11.5,28.200000000000003,"[58, 9, 1, 7, 1, 5, 2, 17]"
main_contention_COV_EVENT_O1010_N1_P0.2_B4_T0.4_S0_R5,contention,COV_EVENT,100,52,45,52,64,0,15.9,8.1,14.4,0.0,6.245004513516506e-17,0.007620517022424992,0.005313502624676265,0.005863788120072548,15.200000000000001,36.300000000000004,"[68, 5, 0, 17, 0, 8, 0, 2]"
main_contention_COV_EVENT_O1010_N2_P0.2_B4_T0.4_S0_R5,contention,COV_EVENT,100,51,48,51,67,0,10.8,7.9,11.4,0.0,6.245004513516506e-17,0.006582042119523505,0.004191359622554656,0.004606934522733742,11.9,29.3,"[61, 8, 2, 11, 0, 5, 1, 12]"
main_contention_COV_EVENT_O1011_N1_P0.2_B4_T0.4_S0_R5,contention,COV_EVENT,100,79,21,79,85,0,14.8,6.1000000000000005,13.3,0.0,7.762887554996212e-17,0.006645474340835503,0.005495345976788481,0.005758443557601004,13.4,34.2,"[63, 9, 0, 9, 0, 5, 0, 14]"
main_contention_COV_EVENT_O1011_N2_P0.2_B4_T0.4_S0_R5,contention,COV_EVENT,100,77,23,77,85,0,9.8,6.6000000000000005,10.3,0.0,7.762887554996212e-17,0.005060497423478943,0.003813982356055859,0.004149373851182298,10.700000000000001,26.1,"[55, 8, 3, 12, 1, 4, 2, 15]"
main_contention_COV_EVENT_O1012_N1_P0.2_B4_T0.4_S0_R5,contention,COV_EVENT,100,72,28,72,81,8,16.1,7.800000000000001,15.4,0.0,6.548581121812447e-17,0.007646528870673984,0.006431888290366873,0.00657721647167619,15.5,34.4,"[62, 6, 1, 13, 0, 7, 0, 11]"
main_contention_COV_EVENT_O1012_N2_P0.2_B4_T0.4_S0_R5,contention,COV_EVENT,100,63,37,63,78,8,11.8,7.9,13.700000000000001,0.0,6.548581121812447e-17,0.007248329620562937,0.005956484369615682,0.006174562537349022,14.0,32.7,"[62, 9, 1, 10, 1, 3, 2, 12]"
main_contention_COV_EVENT_O1013_N1_P0.2_B4_T0.4_S0_R5,contention,COV_EVENT,100,68,30,68,79,0,15.0,7.300000000000001,12.700000000000001,0.0,1.3877787807814457e-17,0.006722010760787244,0.004950531756668597,0.0054136915553938,13.5,32.2,"[59, 8, 2, 9, 0, 6, 0, 16]"
main_contention_COV_EVENT_O1013_N2_P0.2_B4_T0.4_S0_R5,contention,COV_EVENT,100,63,32,63,78,0,12.600000000000001,8.9,12.600000000000001,0.0,2.0816681711721685e-17,0.006771853299819126,0.004833918210513719,0.005247888082951353,13.3,30.400000000000002,"[60, 11, 3, 14, 0, 2, 1, 9]"
main_contention_COV_EVENT_O1014_N1_P0.2_B4_T0.4_S0_R5,contention,COV_EVENT,100,70,30,70,78,0,15.4,7.7,13.5,0.0,5.5077470362263625e-17,0.006833191098580631,0.004987706740258046,0.005430470451132081,14.3,33.5,"[65, 8, 1, 8, 0, 6, 0, 12]"
main_contention_COV_EVENT_O1014_N2_P0.2_B4_T0.4_S0_R5,contention,COV_EVENT,100,64,36,64,77,0,11.8,7.9,12.700000000000001,0.0,5.551115123125783e-17,0.006651762250796164,0.004829363438128169,0.0053225774985026265,13.3,30.200000000000003,"[62, 9, 2, 12, 0, 4, 1, 10]"
main_contention_COV_EVENT_O1015_N1_P0.2_B4_T0.4_S0_R5,contention,COV_EVENT,100,79,19,79,84,0,15.9,7.5,14.5,0.0,1.3877787807814457e-17,0.007295410908952502,0.006827674424217307,0.006873842663055707,14.5,36.300000000000004,"[67, 5, 0, 18, 0, 8, 0, 2]"
main_contention_COV_EVENT_O1015_N2_P0.2_B4_T0.4_S0_R5,contention,COV_EVENT,100,72,24,72,82,0,11.600000000000001,7.4,13.5,0.0,2.7755575615628914e-17,0.0062834781636161696,0.005773896025534044,0.0059062285685569016,13.600000000000001,29.3,"[61, 8, 2, 11, 0, 5, 1, 12]"
main_contention_COV_EVENT_O1016_N1_P0.2_B4_T0.4_S0_R5,contention,COV_EVENT,100,76,24,76,78,9,14.5,6.7,13.3,0.0,3.382710778154774e-17,0.006478811183093982,0.0054167560113609695,0.005699218566469275,13.600000000000001,31.700000000000003,"[60, 8, 0, 10, 0, 6, 0, 16]"
main_contention_COV_EVENT_O1016_N2_P0.2_B4_T0.4_S0_R5,contention,COV_EVENT,100,71,29,71,77,9,12.600000000000001,8.8,14.5,0.0,3.382710778154774e-17,0.0067746734687000945,0.005657711268472151,0.005846557223518685,14.700000000000001,31.1,"[59, 12, 2, 14, 0, 3, 1, 9]"
main_contention_COV_EVENT_O1017_N1_P0.2_B4_T0.4_S0_R5,contention,COV_EVENT,100,52,41,52,78,0,14.8,6.300000000000001,13.8,0.0,3.209238430557093e-17,0.007231778892968461,0.005581813213094021,0.0058255376967300924,14.100000000000001,35.6,"[68, 5, 0, 14, 0, 7, 1, 5]"
main_contention_COV_EVENT_O1017_N2_P0.2_B4_T0.4_S0_R5,contention,COV_EVENT,100,56,39,56,78,0,10.3,7.4,12.0,0.0,5.074066167232161e-17,0.006464449610733098,0.004839075815492517,0.0054129300266284345,12.5,32.9,"[63, 8, 1, 11, 0, 2, 2, 13]"
main_contention_COV_EVENT_O1018_N1_P0.2_B4_T0.4_S0_R5,contention,COV_EVENT,100,54,36,54,67,0,14.8,6.6000000000000005,13.700000000000001,0.0,9.194034422677078e-17,0.007688142879747428,0.00631545550617487,0.006425259297740764,13.8,35.6,"[67, 7, 0, 13, 0, 7, 1, 5]"
main_contention_COV_EVENT_O1018_N2_P0.2_B4_T0.4_S0_R5,contention,COV_EVENT,100,53,39,53,67,0,12.8,9.1,12.700000000000001,0.0,9.194034422677078e-17,0.006598993669452783,0.005100983806498975,0.005345385735176897,13.4,31.200000000000003,"[62, 8, 2, 19, 0, 2, 1, 6]"
main_contention_COV_EVENT_O1019_N1_P0.2_B4_T0.4_S0_R5,contention,COV_EVENT,100,47,43,47,65,6,15.100000000000001,6.6000000000000005,14.4,0.0,3.5561831257524545e-17,0.008058748992289054,0.006843029078224056,0.006972792155347085,14.600000000000001,35.6,"[67, 7, 0, 14, 0, 7, 0, 5]"
main_contention_COV_EVENT_O1019_N2_P0.2_B4_T0.4_S0_R5,contention,COV_EVENT,100,35,54,35,54,6,12.600000000000001,9.0,12.8,0.0,7.068998164605489e-17,0.0068364395430232545,0.0054327595755790355,0.005620988700711272,12.9,30.400000000000002,"[60, 11, 3, 14, 0, 2, 1, 9]"
main_contention_GRANT_O1000_N1_P0.2_B4_T0.4_S0_R5,contention,GRANT,100,88,12,88,88,0,15.100000000000001,6.6000000000000005,13.5,0.0,1.3877787807814457e-17,0.007182473385565055,0.006013043083034488,0.00645151377454502,14.4,35.1,"[67, 7, 0, 14, 0, 7, 0, 5]"
main_contention_GRANT_O1000_N2_P0.2_B4_T0.4_S0_R5,contention,GRANT,100,88,12,88,88,0,11.200000000000001,7.300000000000001,12.3,0.0,8.326672684688674e-17,0.006063468383571782,0.004837301793083263,0.005436471775531245,12.5,28.700000000000003,"[57, 9, 2, 11, 1, 4, 2, 14]"
main_contention_GRANT_O1001_N1_P0.2_B4_T0.4_S0_R5,contention,GRANT,100,88,12,88,88,0,14.8,6.1000000000000005,12.5,0.0,2.7755575615628914e-17,0.006810488265098273,0.005145807062738791,0.0055719868024497,13.100000000000001,35.1,"[68, 5, 0, 14, 0, 7, 1, 5]"
main_contention_GRANT_O1001_N2_P0.2_B4_T0.4_S0_R5,contention,GRANT,100,88,12,88,88,0,12.600000000000001,8.4,12.5,0.0,2.7755575615628914e-17,0.006159993190849652,0.004437591979544226,0.004951385447196969,13.100000000000001,30.3,"[62, 9, 2, 15, 0, 1, 1, 10]"
main_contention_GRANT_O1002_N1_P0.2_B4_T0.4_S0_R5,contention,GRANT,100,90,10,90,90,0,15.100000000000001,6.6000000000000005,12.9,0.0,1.1015494072452725e-16,0.006706015816151834,0.005835836157461711,0.005968395877604652,13.5,35.7,"[67, 5, 1, 14, 0, 8, 1, 4]"
main_contention_GRANT_O1002_N2_P0.2_B4_T0.4_S0_R5,contention,GRANT,100,90,10,90,90,0,12.9,8.9,12.600000000000001,0.0,1.1015494072452725e-16,0.00581003488335602,0.004873689499106869,0.0050940098544274125,12.8,31.1,"[58, 10, 4, 11, 1, 2, 1, 13]"
main_contention_GRANT_O1003_N1_P0.2_B4_T0.4_S0_R5,contention,GRANT,100,88,12,88,88,0,15.100000000000001,6.6000000000000005,13.200000000000001,0.0,4.5102810375396984e-17,0.006966138068620226,0.005980021587515049,0.006128263537838668,13.600000000000001,35.7,"[67, 5, 1, 14, 0, 8, 1, 4]"
main_contention_GRANT_O1003_N2_P0.2_B4_T0.4_S0_R5,contention,GRANT,100,88,12,88,88,0,10.8,7.1000000000000005,12.4,0.0,5.551115123125783e-17,0.00589145766060515,0.004863411527082366,0.005106415576125909,12.9,29.3,"[61, 8, 2, 11, 0, 5, 1, 12]"
main_contention_GRANT_O1004_N1_P0.2_B4_T0.4_S0_R5,contention,GRANT,100,81,19,81,81,0,15.5,6.9,14.4,0.0,1.3877787807814457e-17,0.0074082100338597814,0.0064885718203023844,0.006597251774567711,14.4,36.2,"[68, 7, 0, 10, 0, 4, 0, 11]"
main_contention_GRANT_O1004_N2_P0.2_B4_T0.4_S0_R5,contention,GRANT,100,76,24,76,76,0,12.4,8.8,12.3,0.0,1.3877787807814457e-17,0.006395742049218933,0.005303470714161914,0.005469327506527225,12.4,29.700000000000003,"[60, 9, 3, 11, 0, 4, 1, 12]"
main_contention_GRANT_O1005_N1_P0.2_B4_T0.4_S0_R5,contention,GRANT,100,76,24,76,76,0,15.5,6.800000000000001,14.4,0.0,1.1188966420050406e-16,0.007569921230547165,0.005986578576587134,0.0062454968013905795,14.5,36.2,"[68, 7, 0, 10, 0, 4, 0, 11]"
main_contention_GRANT_O1005_N2_P0.2_B4_T0.4_S0_R5,contention,GRANT,100,72,28,72,72,0,12.600000000000001,8.700000000000001,13.0,0.0,1.1188966420050406e-16,0.006769075233804613,0.005205781167242951,0.005441179431156431,13.3,30.400000000000002,"[60, 11, 3, 14, 0, 2, 1, 9]"
main_contention_GRANT_O1006_N1_P0.2_B4_T0.4_S0_R5,contention,GRANT,100,64,36,64,64,0,15.100000000000001,7.5,13.5,0.0,8.326672684688674e-17,0.007584259569293158,0.005132799669271655,0.0054853299294891885,14.100000000000001,35.0,"[65, 7, 0, 18, 0, 6, 0, 4]"
main_contention_GRANT_O1006_N2_P0.2_B4_T0.4_S0_R5,contention,GRANT,100,61,39,61,61,0,12.600000000000001,7.800000000000001,12.9,0.0,8.413408858487514e-17,0.007029155705420532,0.004489988060334706,0.0049108402717338425,13.5,31.8,"[63, 8, 2, 11, 0, 5, 1, 10]"
main_contention_GRANT_O1007_N1_P0.2_B4_T0.4_S0_R5,contention,GRANT,100,79,21,79,79,0,15.100000000000001,6.5,12.4,0.0,8.326672684688674e-17,0.007296513441863264,0.005242758321114426,0.005672952621748126,13.600000000000001,35.1,"[67, 7, 0, 14, 0, 7, 0, 5]"
main_contention_GRANT_O1007_N2_P0.2_B4_T0.4_S0_R5,contention,GRANT,100,79,21,79,79,0,10.100000000000001,7.0,11.0,0.0,8.543513119185775e-17,0.0058432310218976815,0.0037522429473110753,0.004379444626607831,12.4,27.6,"[57, 8, 1, 8, 1, 7, 2, 16]"
main_contention_GRANT_O1008_N1_P0.2_B4_T0.4_S0_R5,contention,GRANT,100,85,15,85,85,0,15.200000000000001,6.800000000000001,14.9,0.0,1.9081958235744878e-17,0.007409481767881919,0.006382178315275782,0.006475824500724369,14.9,34.9,"[67, 5, 0, 9, 1, 4, 0, 14]"
main_contention_GRANT_O1008_N2_P0.2_B4_T0.4_S0_R5,contention,GRANT,100,85,15,85,85,0,11.200000000000001,7.4,12.5,0.0,2.0816681711721685e-17,0.00622540183104487,0.0051733892256898536,0.005541712271283179,12.5,28.700000000000003,"[57, 9, 2, 11, 1, 4, 2, 14]"
main_contention_GRANT_O1009_N1_P0.2_B4_T0.4_S0_R5,contention,GRANT,100,67,33,67,67,0,14.8,6.4,14.3,0.1,1.1015494072452725e-16,0.007552912805934048,0.0061476671344982865,0.006242247012965438,14.3,35.1,"[68, 5, 0, 14, 0, 7, 1, 5]"
main_contention_GRANT_O1009_N2_P0.2_B4_T0.4_S0_R5,contention,GRANT,100,65,35,65,65,0,9.9,7.0,11.5,0.0,1.1015494072452725e-16,0.005951501695764162,0.004480907065554677,0.0046612867422482366,11.5,28.200000000000003,"[58, 9, 1, 7, 1, 5, 2, 17]"
main_contention_GRANT_O1010_N1_P0.2_B4_T0.4_S0_R5,contention,GRANT,100,72,28,72,72,0,15.9,7.9,14.200000000000001,0.1,6.245004513516506e-17,0.007573872237940156,0.005381168161297575,0.005909395520396559,14.8,35.800000000000004,"[68, 5, 0, 17, 0, 8, 0, 2]"
main_contention_GRANT_O1010_N2_P0.2_B4_T0.4_S0_R5,contention,GRANT,100,72,28,72,72,0,11.9,8.1,10.8,0.0,6.245004513516506e-17,0.006378320030604523,0.004124519889031268,0.0045377926867305515,11.200000000000001,29.200000000000003,"[60, 9, 3, 14, 0, 2, 1, 11]"
main_contention_GRANT_O1011_N1_P0.2_B4_T0.4_S0_R5,contention,GRANT,100,78,22,78,78,0,14.8,6.300000000000001,13.0,0.0,7.762887554996212e-17,0.006517724080129712,0.005001739013630841,0.00546655623856393,13.4,34.0,"[63, 9, 0, 9, 0, 5, 0, 14]"
main_contention_GRANT_O1011_N2_P0.2_B4_T0.4_S0_R5,contention,GRANT,100,75,25,75,75,0,9.8,6.800000000000001,10.100000000000001,0.0,7.762887554996212e-17,0.005153441724388166,0.003441738315093382,0.0039882979800057354,10.700000000000001,26.1,"[55, 8, 3, 12, 1, 4, 2, 15]"
main_contention_GRANT_O1012_N1_P0.2_B4_T0.4_S0_R5,contention,GRANT,100,70,30,70,70,0,15.9,8.4,15.200000000000001,0.0,6.548581121812447e-17,0.007954181737710987,0.006426192359591687,0.006677569270765452,15.9,35.2,"[66, 6, 0, 18, 0, 8, 0, 2]"
main_contention_GRANT_O1012_N2_P0.2_B4_T0.4_S0_R5,contention,GRANT,100,63,37,63,63,0,11.8,7.9,13.600000000000001,0.0,6.548581121812447e-17,0.007540545267420059,0.0054499326311300625,0.005950303016042145,14.0,32.7,"[62, 9, 1, 10, 1, 3, 2, 12]"
main_contention_GRANT_O1013_N1_P0.2_B4_T0.4_S0_R5,contention,GRANT,100,87,13,87,87,0,15.0,7.5,12.9,0.0,1.3877787807814457e-17,0.0067585094450965345,0.005279925014154834,0.005652090155554672,13.3,32.0,"[59, 8, 2, 9, 0, 6, 0, 16]"
main_contention_GRANT_O1013_N2_P0.2_B4_T0.4_S0_R5,contention,GRANT,100,87,13,87,87,0,11.8,7.7,12.9,0.0,1.3877787807814457e-17,0.0068667804668000355,0.005392188972269631,0.005821892583571409,13.600000000000001,32.7,"[62, 9, 1, 10, 1, 3, 2, 12]"
main_contention_GRANT_O1014_N1_P0.2_B4_T0.4_S0_R5,contention,GRANT,100,82,18,82,82,0,15.0,7.300000000000001,13.0,0.0,5.5077470362263625e-17,0.0064049546716238885,0.004682846257761264,0.005224372040246211,13.5,32.0,"[59, 8, 2, 9, 0, 6, 0, 16]"
main_contention_GRANT_O1014_N2_P0.2_B4_T0.4_S0_R5,contention,GRANT,100,82,18,82,82,0,10.8,8.0,12.0,0.0,5.551115123125783e-17,0.006296383172160866,0.004490552652620851,0.005072312724987387,12.3,28.3,"[57, 10, 1, 7, 1, 6, 2, 16]"
main_contention_GRANT_O1015_N1_P0.2_B4_T0.4_S0_R5,contention,GRANT,100,85,15,85,85,0,15.9,7.6000000000000005,14.3,0.0,1.3877787807814457e-17,0.007150771218431215,0.006615950695286615,0.006676811471174189,14.4,35.800000000000004,"[67, 5, 0, 18, 0, 8, 0, 2]"
main_contention_GRANT_O1015_N2_P0.2_B4_T0.4_S0_R5,contention,GRANT,100,71,29,71,71,0,11.600000000000001,7.4,13.4,0.0,2.7755575615628914e-17,0.006233225547436362,0.005514672705423753,0.0057216892036978636,13.5,29.3,"[61, 8, 2, 11, 0, 5, 1, 12]"
main_contention_GRANT_O1016_N1_P0.2_B4_T0.4_S0_R5,contention,GRANT,100,72,28,72,72,0,16.6,7.9,15.600000000000001,0.0,3.382710778154774e-17,0.007540930012852411,0.006145332263613883,0.00647581331020669,16.2,36.4,"[69, 8, 0, 10, 0, 4, 0, 9]"
main_contention_GRANT_O1016_N2_P0.2_B4_T0.4_S0_R5,contention,GRANT,100,78,22,78,78,0,12.600000000000001,8.5,13.5,0.0,3.382710778154774e-17,0.006631374037373191,0.005334381083052817,0.005617767424735176,14.0,30.3,"[62, 9, 2, 15, 0, 1, 1, 10]"
main_contention_GRANT_O1017_N1_P0.2_B4_T0.4_S0_R5,contention,GRANT,100,79,21,79,79,0,14.8,6.1000000000000005,13.600000000000001,0.0,3.209238430557093e-17,0.007071324714611954,0.0056862046400799485,0.005841181322939926,13.8,35.1,"[68, 5, 0, 14, 0, 7, 1, 5]"
main_contention_GRANT_O1017_N2_P0.2_B4_T0.4_S0_R5,contention,GRANT,100,80,20,80,80,0,10.3,7.300000000000001,12.0,0.1,5.074066167232161e-17,0.006492514107958737,0.0050821786338274225,0.005539485656993233,11.9,32.9,"[63, 8, 1, 11, 0, 2, 2, 13]"
main_contention_GRANT_O1018_N1_P0.2_B4_T0.4_S0_R5,contention,GRANT,100,77,23,77,77,0,16.400000000000002,7.2,14.9,0.0,9.194034422677078e-17,0.007812840019488424,0.006454190886086095,0.006638234390763389,15.200000000000001,37.300000000000004,"[69, 8, 1, 9, 0, 4, 0, 9]"
main_contention_GRANT_O1018_N2_P0.2_B4_T0.4_S0_R5,contention,GRANT,100,73,27,73,73,0,12.8,8.700000000000001,12.600000000000001,0.0,9.194034422677078e-17,0.006692829854285551,0.005303542212985211,0.0055306984838305075,12.8,31.200000000000003,"[62, 8, 2, 19, 0, 2, 1, 6]"
main_contention_GRANT_O1019_N1_P0.2_B4_T0.4_S0_R5,contention,GRANT,100,63,37,63,63,0,15.100000000000001,6.6000000000000005,14.3,0.0,3.5561831257524545e-17,0.00806734231235891,0.006662090414885849,0.006753040829458219,14.5,35.1,"[67, 7, 0, 14, 0, 7, 0, 5]"
main_contention_GRANT_O1019_N2_P0.2_B4_T0.4_S0_R5,contention,GRANT,100,55,45,55,55,0,12.600000000000001,8.9,12.8,0.0,7.068998164605489e-17,0.0068994714422177614,0.005105860560447721,0.005443869512027998,12.9,30.400000000000002,"[60, 11, 3, 14, 0, 2, 1, 9]"
main_contention_GOQ_O1000_N1_P0.2_B8_T0.4_S0_R5,contention,GOQ,100,88,12,88,88,3,15.100000000000001,6.6000000000000005,13.4,0.0,1.3877787807814457e-17,0.00699817923108583,0.005905134107872032,0.006351757657950168,14.200000000000001,35.1,"[67, 7, 0, 14, 0, 7, 0, 5]"
main_contention_GOQ_O1000_N2_P0.2_B8_T0.4_S0_R5,contention,GOQ,100,88,12,88,88,3,11.200000000000001,7.300000000000001,11.9,0.0,8.326672684688674e-17,0.005904469310189557,0.004752564997994927,0.005322773007354129,12.100000000000001,28.700000000000003,"[57, 9, 2, 11, 1, 4, 2, 14]"
main_contention_GOQ_O1001_N1_P0.2_B8_T0.4_S0_R5,contention,GOQ,100,80,18,82,80,8,14.8,6.2,12.200000000000001,0.8,2.7755575615628914e-17,0.005745024249246884,0.00424257531365209,0.004644316201694593,12.200000000000001,35.1,"[68, 5, 0, 14, 0, 7, 1, 5]"
main_contention_GOQ_O1001_N2_P0.2_B8_T0.4_S0_R5,contention,GOQ,100,79,21,79,79,10,13.200000000000001,9.200000000000001,12.700000000000001,0.4,2.7755575615628914e-17,0.005406680407517631,0.0038504426817456672,0.004437552780851475,13.0,32.0,"[63, 8, 2, 16, 0, 2, 1, 8]"
main_contention_GOQ_O1002_N1_P0.2_B8_T0.4_S0_R5,contention,GOQ,100,71,27,73,71,21,14.4,6.5,11.600000000000001,0.7000000000000001,1.1015494072452725e-16,0.0054779689610777536,0.004358778795181237,0.004672791743603812,11.3,34.800000000000004,"[68, 5, 0, 12, 0, 10, 0, 5]"
main_contention_GOQ_O1002_N2_P0.2_B8_T0.4_S0_R5,contention,GOQ,100,71,27,73,71,21,11.100000000000001,7.6000000000000005,9.5,0.9,1.1015494072452725e-16,0.003721445526041254,0.0026331684659125537,0.003083289948301419,9.1,30.200000000000003,"[60, 11, 2, 14, 0, 1, 1, 11]"
main_contention_GOQ_O1003_N1_P0.2_B8_T0.4_S0_R5,contention,GOQ,100,80,20,80,80,11,15.100000000000001,6.7,13.0,0.7000000000000001,4.5102810375396984e-17,0.006174856125303298,0.005115506422553128,0.00531938398409909,12.700000000000001,35.7,"[67, 5, 1, 14, 0, 8, 1, 4]"
main_contention_GOQ_O1003_N2_P0.2_B8_T0.4_S0_R5,contention,GOQ,100,78,21,79,78,13,10.8,7.2,11.5,0.7000000000000001,5.551115123125783e-17,0.005041641688479064,0.003932122832354006,0.004341433777429221,11.100000000000001,29.3,"[61, 8, 2, 11, 0, 5, 1, 12]"
main_contention_GOQ_O1004_N1_P0.2_B8_T0.4_S0_R5,contention,GOQ,100,71,29,71,71,16,15.5,6.800000000000001,13.8,0.6000000000000001,1.3877787807814457e-17,0.005718178520732493,0.004776873159809059,0.004996500423534363,13.5,35.800000000000004,"[68, 7, 0, 11, 0, 4, 0, 10]"
main_contention_GOQ_O1004_N2_P0.2_B8_T0.4_S0_R5,contention,GOQ,100,57,43,57,57,23,13.200000000000001,9.1,11.3,0.7000000000000001,1.3877787807814457e-17,0.005057207197900744,0.0036266618800423643,0.004119732307614798,11.200000000000001,33.1,"[63, 8, 2, 16, 0, 2, 1, 8]"
main_contention_GOQ_O1005_N1_P0.2_B8_T0.4_S0_R5,contention,GOQ,100,73,27,73,73,7,15.5,6.800000000000001,13.700000000000001,0.2,1.1188966420050406e-16,0.006740283572682806,0.005086762154131771,0.005448677226512128,13.9,36.2,"[68, 7, 0, 10, 0, 4, 0, 11]"
main_contention_GOQ_O1005_N2_P0.2_B8_T0.4_S0_R5,contention,GOQ,100,70,30,70,70,7,13.5,8.9,12.8,0.1,1.1188966420050406e-16,0.006320419767671407,0.004699559547267522,0.005065822692416123,13.200000000000001,33.6,"[64, 7, 2, 16, 0, 3, 1, 7]"
main_contention_GOQ_O1006_N1_P0.2_B8_T0.4_S0_R5,contention,GOQ,100,59,41,59,59,7,15.100000000000001,7.5,12.600000000000001,0.1,8.326672684688674e-17,0.006940415965470828,0.004500787019378177,0.004832140864703869,13.3,35.0,"[65, 7, 0, 18, 0, 6, 0, 4]"
main_contention_GOQ_O1006_N2_P0.2_B8_T0.4_S0_R5,contention,GOQ,100,56,44,56,56,8,10.3,8.0,10.4,0.2,8.413408858487514e-17,0.006025783951003467,0.003192217064103625,0.0038798867930456395,11.4,28.400000000000002,"[58, 13, 2, 10, 0, 0, 1, 16]"
main_contention_GOQ_O1007_N1_P0.2_B8_T0.4_S0_R5,contention,GOQ,100,74,26,74,74,7,15.100000000000001,6.6000000000000005,12.600000000000001,0.5,8.326672684688674e-17,0.0070318937806889215,0.005106431681158048,0.005515941405778206,13.200000000000001,35.1,"[67, 7, 0, 14, 0, 7, 0, 5]"
main_contention_GOQ_O1007_N2_P0.2_B8_T0.4_S0_R5,contention,GOQ,100,78,22,78,78,2,9.200000000000001,6.1000000000000005,10.0,0.0,8.543513119185775e-17,0.005538838142068621,0.0034014672941308894,0.0040655612180313435,11.3,26.400000000000002,"[57, 8, 1, 8, 1, 5, 2, 18]"
main_contention_GOQ_O1008_N1_P0.2_B8_T0.4_S0_R5,contention,GOQ,100,84,16,84,84,2,15.200000000000001,6.800000000000001,14.100000000000001,0.1,1.9081958235744878e-17,0.007062118992710729,0.006024254368785433,0.006171171408386469,14.0,34.9,"[67, 5, 0, 9, 1, 4, 0, 14]"
main_contention_GOQ_O1008_N2_P0.2_B8_T0.4_S0_R5,contention,GOQ,100,82,18,82,82,4,11.200000000000001,7.4,12.5,0.0,2.0816681711721685e-17,0.0059909082564583785,0.005032720250009341,0.00547905346140003,12.8,28.700000000000003,"[57, 9, 2, 11, 1, 4, 2, 14]"
main_contention_GOQ_O1009_N1_P0.2_B8_T0.4_S0_R5,contention,GOQ,100,71,29,71,71,4,14.8,6.300000000000001,14.100000000000001,0.0,1.1015494072452725e-16,0.007048236152714363,0.00585487164129469,0.0060781726516767045,14.3,35.1,"[68, 5, 0, 14, 0, 7, 1, 5]"
main_contention_GOQ_O1009_N2_P0.2_B8_T0.4_S0_R5,contention,GOQ,100,67,33,67,67,5,9.9,7.0,11.200000000000001,0.30000000000000004,1.1015494072452725e-16,0.005578043012581778,0.00421160782863538,0.004470625195303776,11.100000000000001,28.200000000000003,"[58, 9, 1, 7, 1, 5, 2, 17]"
main_contention_GOQ_O1010_N1_P0.2_B8_T0.4_S0_R5,contention,GOQ,100,62,37,63,62,14,15.9,8.1,13.4,0.8,6.245004513516506e-17,0.007093367407319042,0.004613015551018014,0.005277316834784826,13.700000000000001,35.800000000000004,"[68, 5, 0, 17, 0, 8, 0, 2]"
main_contention_GOQ_O1010_N2_P0.2_B8_T0.4_S0_R5,contention,GOQ,100,60,40,60,60,17,10.200000000000001,7.7,9.200000000000001,0.30000000000000004,6.245004513516506e-17,0.00512264624944853,0.002573402750957807,0.0033762592761796373,9.700000000000001,26.900000000000002,"[57, 12, 2, 10, 1, 1, 1, 16]"
main_contention_GOQ_O1011_N1_P0.2_B8_T0.4_S0_R5,contention,GOQ,100,75,25,75,75,6,14.8,6.4,13.200000000000001,0.2,7.762887554996212e-17,0.005913736187689467,0.004568306332901709,0.004967261322092715,13.4,34.0,"[63, 9, 0, 9, 0, 5, 0, 14]"
main_contention_GOQ_O1011_N2_P0.2_B8_T0.4_S0_R5,contention,GOQ,100,72,28,72,72,6,9.8,6.800000000000001,9.600000000000001,0.2,7.762887554996212e-17,0.004865925674457183,0.003177030965656199,0.00375807472890204,10.200000000000001,26.1,"[55, 8, 3, 12, 1, 4, 2, 15]"
main_contention_GOQ_O1012_N1_P0.2_B8_T0.4_S0_R5,contention,GOQ,100,70,30,70,70,2,15.9,8.4,15.200000000000001,0.0,6.548581121812447e-17,0.007832490168523125,0.00639786819712538,0.006649245108299145,15.9,35.2,"[66, 6, 0, 18, 0, 8, 0, 2]"
main_contention_GOQ_O1012_N2_P0.2_B8_T0.4_S0_R5,contention,GOQ,100,63,37,63,63,1,10.8,7.2,13.3,0.0,6.548581121812447e-17,0.007543536079059743,0.005515101961967567,0.005929085608575733,13.700000000000001,33.1,"[62, 8, 3, 8, 1, 1, 2, 15]"
main_contention_GOQ_O1013_N1_P0.2_B8_T0.4_S0_R5,contention,GOQ,100,83,16,84,83,5,15.0,7.5,11.700000000000001,0.4,1.3877787807814457e-17,0.005703250428495856,0.004124483519898383,0.00466928984975328,11.9,32.0,"[59, 8, 2, 9, 0, 6, 0, 16]"
main_contention_GOQ_O1013_N2_P0.2_B8_T0.4_S0_R5,contention,GOQ,100,80,19,81,80,8,11.8,7.800000000000001,12.100000000000001,0.30000000000000004,1.3877787807814457e-17,0.006181828806946992,0.004607275403464132,0.00526795697785843,12.8,32.7,"[62, 9, 1, 10, 1, 3, 2, 12]"
main_contention_GOQ_O1014_N1_P0.2_B8_T0.4_S0_R5,contention,GOQ,100,80,20,80,80,3,15.0,7.300000000000001,12.700000000000001,0.0,5.5077470362263625e-17,0.006108804697189295,0.004371409492599013,0.005055463577180465,13.3,32.0,"[59, 8, 2, 9, 0, 6, 0, 16]"
main_contention_GOQ_O1014_N2_P0.2_B8_T0.4_S0_R5,contention,GOQ,100,80,20,80,80,3,9.8,7.0,11.200000000000001,0.0,5.551115123125783e-17,0.005980772875324036,0.004283088771125293,0.004793550914164445,11.600000000000001,27.0,"[57, 10, 1, 7, 1, 4, 2, 18]"
main_contention_GOQ_O1015_N1_P0.2_B8_T0.4_S0_R5,contention,GOQ,100,85,15,85,85,1,15.9,7.6000000000000005,14.3,0.0,1.3877787807814457e-17,0.006696919963193889,0.006129783454022605,0.006190644229910178,14.4,35.800000000000004,"[67, 5, 0, 18, 0, 8, 0, 2]"
main_contention_GOQ_O1015_N2_P0.2_B8_T0.4_S0_R5,contention,GOQ,100,69,31,69,69,3,11.600000000000001,7.4,12.600000000000001,0.30000000000000004,2.7755575615628914e-17,0.005780295683525441,0.005052668163496382,0.005269704993812114,12.600000000000001,29.3,"[61, 8, 2, 11, 0, 5, 1, 12]"
main_contention_GOQ_O1016_N1_P0.2_B8_T0.4_S0_R5,contention,GOQ,100,73,27,73,73,4,16.6,7.9,14.9,0.30000000000000004,3.382710778154774e-17,0.0066371636612375575,0.0053091311693884875,0.0057075074777852485,15.200000000000001,36.4,"[69, 8, 0, 10, 0, 4, 0, 9]"
main_contention_GOQ_O1016_N2_P0.2_B8_T0.4_S0_R5,contention,GOQ,100,74,26,74,74,8,12.600000000000001,8.6,13.8,0.30000000000000004,3.382710778154774e-17,0.006176156491365888,0.004996839192264591,0.005446437272587843,14.100000000000001,30.3,"[62, 9, 2, 15, 0, 1, 1, 10]"
main_contention_GOQ_O1017_N1_P0.2_B8_T0.4_S0_R5,contention,GOQ,100,62,38,62,62,20,14.8,6.300000000000001,12.5,0.9,3.209238430557093e-17,0.005514950697501753,0.00394862905948343,0.004203026293973186,12.4,35.1,"[68, 5, 0, 14, 0, 7, 1, 5]"
main_contention_GOQ_O1017_N2_P0.2_B8_T0.4_S0_R5,contention,GOQ,100,67,29,71,67,15,10.3,7.300000000000001,10.9,1.2000000000000002,5.074066167232161e-17,0.004908664166367,0.0033323441396345076,0.003966181041528125,10.200000000000001,32.9,"[63, 8, 1, 11, 0, 2, 2, 13]"
main_contention_GOQ_O1018_N1_P0.2_B8_T0.4_S0_R5,contention,GOQ,100,73,27,73,73,9,16.400000000000002,7.300000000000001,14.600000000000001,0.30000000000000004,9.194034422677078e-17,0.007254221135789891,0.0061010849370559195,0.006348192701767547,14.9,37.300000000000004,"[69, 8, 1, 9, 0, 4, 0, 9]"
main_contention_GOQ_O1018_N2_P0.2_B8_T0.4_S0_R5,contention,GOQ,100,67,33,67,67,12,13.200000000000001,9.1,12.200000000000001,0.5,9.194034422677078e-17,0.005824396840836833,0.004644679172920251,0.00495742619188471,12.4,33.1,"[63, 8, 2, 16, 0, 2, 1, 8]"
main_contention_GOQ_O1019_N1_P0.2_B8_T0.4_S0_R5,contention,GOQ,100,65,35,65,65,2,15.100000000000001,6.6000000000000005,14.4,0.1,3.5561831257524545e-17,0.007726698977708635,0.006342521764649604,0.006436197209933312,14.5,35.1,"[67, 7, 0, 14, 0, 7, 0, 5]"
main_contention_GOQ_O1019_N2_P0.2_B8_T0.4_S0_R5,contention,GOQ,100,54,46,54,54,7,13.100000000000001,9.1,12.8,0.2,7.068998164605489e-17,0.006569077030790698,0.0048378015613590765,0.00542150301488424,13.600000000000001,31.900000000000002,"[61, 8, 3, 11, 0, 2, 2, 13]"
main_contention_PRESCRIPTION_O1000_N1_P0.5_B8_T1.0_S0_R5,contention,PRESCRIPTION,100,92,8,92,93,0,12.3,5.6000000000000005,7.1000000000000005,0.0,1.3877787807814457e-17,0.003087824916002124,0.002399169898879205,0.0026355838841818353,7.7,15.0,"[65, 6, 0, 13, 1, 7, 0, 8]"
main_contention_PRESCRIPTION_O1000_N2_P0.5_B8_T1.0_S0_R5,contention,PRESCRIPTION,100,91,9,91,92,0,12.600000000000001,6.4,6.800000000000001,0.0,8.326672684688674e-17,0.0030843547029066705,0.00242547595198667,0.0027855609934934232,7.1000000000000005,8.3,"[58, 10, 1, 14, 1, 3, 0, 13]"
main_contention_PRESCRIPTION_O1001_N1_P0.5_B8_T1.0_S0_R5,contention,PRESCRIPTION,100,88,12,88,88,0,13.5,5.6000000000000005,5.6000000000000005,0.0,2.7755575615628914e-17,0.004225082968093201,0.0027346192583171027,0.0032142600032406482,7.0,12.3,"[60, 9, 0, 13, 0, 4, 1, 13]"
main_contention_PRESCRIPTION_O1001_N2_P0.5_B8_T1.0_S0_R5,contention,PRESCRIPTION,100,88,12,88,88,0,12.5,5.1000000000000005,4.1000000000000005,0.0,2.7755575615628914e-17,0.0024905214297692778,0.0009298442460461642,0.0018067895252131911,5.2,7.2,"[57, 7, 3, 16, 0, 3, 2, 12]"
main_contention_PRESCRIPTION_O1002_N1_P0.5_B8_T1.0_S0_R5,contention,PRESCRIPTION,100,92,8,92,95,0,16.1,9.700000000000001,8.4,0.0,1.1015494072452725e-16,0.002660610065801152,0.002143565470635427,0.003050165464205925,10.8,16.5,"[67, 6, 1, 16, 0, 4, 0, 6]"
main_contention_PRESCRIPTION_O1002_N2_P0.5_B8_T1.0_S0_R5,contention,PRESCRIPTION,100,92,8,92,95,0,13.200000000000001,5.9,5.1000000000000005,0.0,1.1015494072452725e-16,0.001421167707051559,0.0009125874179012972,0.0018437371041560152,8.0,12.5,"[59, 12, 0, 15, 0, 0, 0, 14]"
main_contention_PRESCRIPTION_O1003_N1_P0.5_B8_T1.0_S0_R5,contention,PRESCRIPTION,100,92,8,92,93,0,14.9,5.7,7.5,0.0,4.5102810375396984e-17,0.0025956206910509516,0.0021072603009116998,0.0023181807084040845,8.200000000000001,16.2,"[64, 6, 0, 15, 1, 8, 1, 5]"
main_contention_PRESCRIPTION_O1003_N2_P0.5_B8_T1.0_S0_R5,contention,PRESCRIPTION,100,90,10,90,91,0,12.700000000000001,7.4,8.200000000000001,0.0,5.551115123125783e-17,0.003946103657138189,0.00343147371495295,0.003504251776612962,8.4,9.700000000000001,"[59, 14, 0, 14, 0, 0, 0, 13]"
main_contention_PRESCRIPTION_O1004_N1_P0.5_B8_T1.0_S0_R5,contention,PRESCRIPTION,100,86,14,86,88,0,14.9,6.5,6.5,0.0,2.0816681711721685e-17,0.0023819497444873437,0.001809677209791602,0.0020483596330767508,8.0,12.0,"[65, 6, 1, 12, 2, 5, 0, 9]"
main_contention_PRESCRIPTION_O1004_N2_P0.5_B8_T1.0_S0_R5,contention,PRESCRIPTION,100,88,12,88,91,0,11.600000000000001,5.0,5.2,0.0,1.3877787807814457e-17,0.0024048278405614004,0.0017984657058818438,0.002196969896604184,7.300000000000001,8.6,"[60, 8, 1, 18, 0, 1, 0, 12]"
main_contention_PRESCRIPTION_O1005_N1_P0.5_B8_T1.0_S0_R5,contention,PRESCRIPTION,99,80,19,80,83,0,12.200000000000001,5.300000000000001,7.6000000000000005,0.0,1.1188966420050406e-16,0.003412069443643174,0.0022794642780871854,0.00254158442818307,8.700000000000001,17.6,"[67, 4, 0, 8, 0, 6, 0, 14]"
main_contention_PRESCRIPTION_O1005_N2_P0.5_B8_T1.0_S0_R5,contention,PRESCRIPTION,99,80,19,80,82,0,12.600000000000001,7.5,6.9,0.0,1.1188966420050406e-16,0.0032046467172318726,0.0019784780356180073,0.002425332916598177,7.9,10.4,"[57, 7, 4, 16, 0, 0, 2, 13]"
main_contention_PRESCRIPTION_O1006_N1_P0.5_B8_T1.0_S0_R5,contention,PRESCRIPTION,100,71,29,71,76,0,13.200000000000001,7.6000000000000005,7.800000000000001,0.0,8.326672684688674e-17,0.004600043352066478,0.0026816602831444642,0.0032607338380871227,8.9,12.100000000000001,"[60, 5, 1, 20, 0, 4, 1, 9]"
main_contention_PRESCRIPTION_O1006_N2_P0.5_B8_T1.0_S0_R5,contention,PRESCRIPTION,100,70,30,70,74,0,12.700000000000001,8.6,8.6,0.0,8.413408858487514e-17,0.004141558789433902,0.0022875283257713223,0.0030645326924924397,10.5,12.0,"[60, 12, 2, 13, 0, 2, 1, 10]"
main_contention_PRESCRIPTION_O1007_N1_P0.5_B8_T1.0_S0_R5,contention,PRESCRIPTION,100,86,14,86,88,0,14.8,5.6000000000000005,7.2,0.0,8.326672684688674e-17,0.0030399946790171666,0.001817780104040857,0.002450541459667367,8.700000000000001,15.9,"[64, 5, 0, 15, 1, 8, 0, 7]"
main_contention_PRESCRIPTION_O1007_N2_P0.5_B8_T1.0_S0_R5,contention,PRESCRIPTION,100,85,15,85,88,0,11.200000000000001,7.1000000000000005,7.0,0.0,8.543513119185775e-17,0.0032488577847138655,0.0020442851561315602,0.0024532816514955496,7.800000000000001,9.4,"[65, 5, 0, 17, 0, 1, 0, 12]"
main_contention_PRESCRIPTION_O1008_N1_P0.5_B8_T1.0_S0_R5,contention,PRESCRIPTION,100,85,15,85,92,0,11.9,6.4,8.6,0.0,2.0816681711721685e-17,0.0036456034903830006,0.0028266823875839637,0.0029716295938653735,8.9,15.200000000000001,"[62, 10, 1, 16, 0, 2, 0, 9]"
main_contention_PRESCRIPTION_O1008_N2_P0.5_B8_T1.0_S0_R5,contention,PRESCRIPTION,100,85,15,85,91,0,10.4,4.2,5.300000000000001,0.0,2.0816681711721685e-17,0.002399368737308867,0.0016333952714762362,0.001818736224168225,5.6000000000000005,7.2,"[60, 7, 1, 15, 0, 1, 2, 14]"
main_contention_PRESCRIPTION_O1009_N1_P0.5_B8_T1.0_S0_R5,contention,PRESCRIPTION,100,83,17,83,86,0,16.3,6.800000000000001,5.6000000000000005,0.1,1.1015494072452725e-16,0.0026967442105419997,0.0019547205419220203,0.0022481167237424528,7.2,11.3,"[59, 11, 2, 17, 0, 10, 0, 1]"
main_contention_PRESCRIPTION_O1009_N2_P0.5_B8_T1.0_S0_R5,contention,PRESCRIPTION,100,83,17,83,86,0,12.200000000000001,6.300000000000001,6.6000000000000005,0.0,1.1015494072452725e-16,0.0027923844947148526,0.002050829759306732,0.002241104069321073,7.0,7.9,"[61, 8, 0, 19, 2, 1, 1, 8]"
main_contention_PRESCRIPTION_O1010_N1_P0.5_B8_T1.0_S0_R5,contention,PRESCRIPTION,100,73,27,73,78,0,14.100000000000001,6.7,8.200000000000001,0.0,6.245004513516506e-17,0.004701436078959337,0.003103884740938245,0.003587863515472411,9.3,15.0,"[64, 7, 0, 13, 1, 7, 0, 8]"
main_contention_PRESCRIPTION_O1010_N2_P0.5_B8_T1.0_S0_R5,contention,PRESCRIPTION,100,74,26,74,78,0,13.100000000000001,7.300000000000001,6.0,0.0,6.245004513516506e-17,0.00250456306831749,0.0009369477637826779,0.001865592994605513,8.4,10.600000000000001,"[57, 8, 0, 16, 0, 3, 1, 15]"
main_contention_PRESCRIPTION_O1011_N1_P0.5_B8_T1.0_S0_R5,contention,PRESCRIPTION,100,87,13,87,89,0,16.400000000000002,6.4,6.6000000000000005,0.0,7.762887554996212e-17,0.003187233685543792,0.0022615211923834705,0.002494050845938186,7.1000000000000005,11.0,"[60, 8, 2, 17, 0, 10, 0, 3]"
main_contention_PRESCRIPTION_O1011_N2_P0.5_B8_T1.0_S0_R5,contention,PRESCRIPTION,100,87,13,87,89,0,13.100000000000001,6.300000000000001,5.5,0.0,7.762887554996212e-17,0.002590597447340691,0.001642856766900778,0.002174742626512033,6.7,8.0,"[62, 7, 2, 17, 0, 4, 1, 7]"
main_contention_PRESCRIPTION_O1012_N1_P0.5_B8_T1.0_S0_R5,contention,PRESCRIPTION,100,81,19,81,84,0,14.200000000000001,7.9,10.8,0.0,6.548581121812447e-17,0.005991889395573534,0.004789886267375102,0.005003073461774359,11.0,20.200000000000003,"[67, 5, 0, 12, 0, 5, 0, 11]"
main_contention_PRESCRIPTION_O1012_N2_P0.5_B8_T1.0_S0_R5,contention,PRESCRIPTION,100,78,22,78,83,0,11.9,7.0,6.9,0.0,6.548581121812447e-17,0.003988621557272365,0.002581809145491018,0.0029772807739225815,7.1000000000000005,11.5,"[62, 5, 1, 17, 2, 2, 1, 10]"
main_contention_PRESCRIPTION_O1013_N1_P0.5_B8_T1.0_S0_R5,contention,PRESCRIPTION,100,86,14,86,89,0,10.600000000000001,5.5,5.2,0.0,2.0816681711721685e-17,0.0028470378721427263,0.001617348451305471,0.002069050546131315,6.0,8.6,"[62, 8, 1, 13, 0, 3, 0, 13]"
main_contention_PRESCRIPTION_O1013_N2_P0.5_B8_T1.0_S0_R5,contention,PRESCRIPTION,100,87,13,87,89,0,10.600000000000001,3.9000000000000004,4.3,0.0,2.0816681711721685e-17,0.002667779886984122,0.0014096100563636518,0.0017673262614154022,4.5,6.2,"[58, 9, 3, 18, 0, 1, 0, 11]"
main_contention_PRESCRIPTION_O1014_N1_P0.5_B8_T1.0_S0_R5,contention,PRESCRIPTION,100,83,17,83,86,0,13.700000000000001,6.1000000000000005,6.9,0.0,5.5077470362263625e-17,0.0036440220362057383,0.002296759311529445,0.0025747648029562143,7.1000000000000005,12.3,"[61, 3, 0, 11, 1, 12, 0, 12]"
main_contention_PRESCRIPTION_O1014_N2_P0.5_B8_T1.0_S0_R5,contention,PRESCRIPTION,100,83,17,83,85,0,11.200000000000001,7.4,5.1000000000000005,0.0,5.551115123125783e-17,0.002758839878983883,0.0013285690014499957,0.0020347806855497684,6.1000000000000005,9.8,"[64, 3, 4, 10, 0, 3, 0, 16]"
main_contention_PRESCRIPTION_O1015_N1_P0.5_B8_T1.0_S0_R5,contention,PRESCRIPTION,100,92,8,92,97,0,16.3,6.1000000000000005,8.0,0.0,1.0408340855860843e-17,0.002851098919316013,0.002586548291518137,0.002770684676005135,8.6,16.3,"[59, 10, 1, 17, 0, 3, 2, 8]"
main_contention_PRESCRIPTION_O1015_N2_P0.5_B8_T1.0_S0_R5,contention,PRESCRIPTION,100,93,7,93,98,0,11.8,5.2,5.5,0.0,2.7755575615628914e-17,0.0019399661813191238,0.0016692371070386705,0.001838929808520145,5.9,8.4,"[60, 7, 0, 18, 0, 0, 0, 15]"
main_contention_PRESCRIPTION_O1016_N1_P0.5_B8_T1.0_S0_R5,contention,PRESCRIPTION,99,85,14,85,89,0,11.9,6.800000000000001,6.800000000000001,0.0,3.382710778154774e-17,0.0027675290938815006,0.0019917359872804437,0.0023370489517061154,7.6000000000000005,13.4,"[57, 7, 0, 14, 0, 5, 0, 16]"
main_contention_PRESCRIPTION_O1016_N2_P0.5_B8_T1.0_S0_R5,contention,PRESCRIPTION,100,79,21,79,81,0,11.8,4.9,4.9,0.0,3.382710778154774e-17,0.0026153725615505464,0.0014589383426997266,0.0017556071471496132,5.4,6.5,"[57, 8, 2, 19, 0, 1, 1, 12]"
main_contention_PRESCRIPTION_O1017_N1_P0.5_B8_T1.0_S0_R5,contention,PRESCRIPTION,100,77,23,77,82,0,14.8,7.300000000000001,6.4,0.0,3.209238430557093e-17,0.0030954226276116354,0.001791241633138741,0.0023127137117144388,7.800000000000001,11.600000000000001,"[56, 13, 0, 16, 0, 12, 0, 3]"
main_contention_PRESCRIPTION_O1017_N2_P0.5_B8_T1.0_S0_R5,contention,PRESCRIPTION,99,79,20,79,83,0,8.4,3.7,3.7,0.0,5.074066167232161e-17,0.0015250870788855117,0.000341237000770687,0.0011568984498706513,5.800000000000001,7.0,"[61, 5, 2, 8, 0, 0, 4, 19]"
main_contention_PRESCRIPTION_O1018_N1_P0.5_B8_T1.0_S0_R5,contention,PRESCRIPTION,100,85,15,85,85,0,14.4,7.2,6.7,0.1,9.194034422677078e-17,0.002717156257087772,0.001855664690130645,0.0022111795095566657,8.0,9.9,"[56, 15, 0, 12, 1, 5, 0, 11]"
main_contention_PRESCRIPTION_O1018_N2_P0.5_B8_T1.0_S0_R5,contention,PRESCRIPTION,100,84,16,84,86,0,11.0,6.9,6.4,0.0,9.194034422677078e-17,0.002782831434334697,0.0019371688070357756,0.0024097582254030536,7.7,10.600000000000001,"[59, 8, 1, 16, 1, 2, 1, 12]"
main_contention_PRESCRIPTION_O1019_N1_P0.5_B8_T1.0_S0_R5,contention,PRESCRIPTION,99,64,35,64,79,0,14.700000000000001,8.9,10.100000000000001,0.0,3.5561831257524545e-17,0.00499245204552338,0.004001399272626948,0.004185424830650836,10.600000000000001,20.5,"[65, 5, 4, 12, 1, 6, 0, 6]"
main_contention_PRESCRIPTION_O1019_N2_P0.5_B8_T1.0_S0_R5,contention,PRESCRIPTION,99,62,37,62,77,0,12.8,9.200000000000001,9.1,0.0,7.068998164605489e-17,0.003369228642490941,0.002338017953613268,0.0026049316180573085,9.9,12.100000000000001,"[61, 8, 2, 16, 0, 1, 0, 11]"
