tag,tick,service,code_count,max_gap,min_gap,mean_gap,choice_diff,selected_exact_regret,logged_code,logged_code_gap
main_reliable_COV_PERIODIC_O1000_N1_P0.5_B8_T1.0_S0_R5,0,0.5,190,0.10952553672496956,-2.7755575615628914e-17,0.04262913597395955,1,0.030969473909636072,134,0.050642954977616436
main_reliable_COV_PERIODIC_O1000_N1_P0.5_B8_T1.0_S0_R5,0,0.75,190,0.09848430488088349,-2.7755575615628914e-17,0.03417363129624187,1,0.026480917729748324,134,0.02233584918237593
main_reliable_COV_PERIODIC_O1000_N1_P0.5_B8_T1.0_S0_R5,5,0.5,190,0.003757561157514945,3.469446951953614e-18,0.00105774741287022,0,0.0,19,0.0030285251376110517
main_reliable_COV_PERIODIC_O1000_N1_P0.5_B8_T1.0_S0_R5,5,0.75,190,0.0040738370905005865,3.469446951953614e-18,0.0010072501022166346,0,0.0,19,0.0024960786800160423
main_reliable_COV_PERIODIC_O1000_N1_P0.5_B8_T1.0_S0_R5,10,0.5,190,0.002240836878576489,6.938893903907228e-18,0.0006210247237686916,1,0.00015435593835071149,15,0.0022050141257724115
main_reliable_COV_PERIODIC_O1000_N1_P0.5_B8_T1.0_S0_R5,10,0.75,190,0.0024847333268133327,3.469446951953614e-18,0.0006057590525984617,0,0.0,15,0.0024410206307904324
main_reliable_COV_PERIODIC_O1000_N1_P0.5_B8_T1.0_S0_R5,15,0.5,190,0.0023350063209569595,-1.0408340855860843e-17,0.0006478085853321101,1,7.51165547481468e-05,15,0.002299183568152889
main_reliable_COV_PERIODIC_O1000_N1_P0.5_B8_T1.0_S0_R5,15,0.75,190,0.0025847797650060365,-6.938893903907228e-18,0.0006307109082006472,0,0.0,15,0.002541067068983136
main_reliable_COV_PERIODIC_O1000_N1_P0.5_B8_T1.0_S0_R5,20,0.5,190,0.005084105561639227,0.0,0.001448206173588326,0,0.0,19,0.004066978755701271
main_reliable_COV_PERIODIC_O1000_N1_P0.5_B8_T1.0_S0_R5,20,0.75,190,0.005432903807464799,0.0,0.001358989083290275,1,0.0007390184063611367,19,0.0032678737414740117
main_reliable_COV_PERIODIC_O1000_N1_P0.5_B8_T1.0_S0_R5,25,0.5,190,0.006593984113717234,0.0,0.001901215762457761,1,0.00010632785173549097,63,0.005234744077829541
main_reliable_COV_PERIODIC_O1000_N1_P0.5_B8_T1.0_S0_R5,25,0.75,190,0.006954007986871014,0.0,0.0017612238868875618,1,0.0016594917776032309,63,0.00410927908031844
main_reliable_COV_PERIODIC_O1000_N1_P0.5_B8_T1.0_S0_R5,30,0.5,190,0.009734468284482774,0.0,0.002869523301939346,1,0.001337929693060902,6,0.007627013150537459
main_reliable_COV_PERIODIC_O1000_N1_P0.5_B8_T1.0_S0_R5,30,0.75,190,0.0100527634532235,0.0,0.0026064526377333396,1,0.003506894539591361,6,0.005767778339318123
main_reliable_COV_PERIODIC_O1000_N1_P0.5_B8_T1.0_S0_R5,35,0.5,190,0.0023491068857209203,-3.469446951953614e-18,0.0006518244055317268,1,6.327807286967899e-05,5,0.0023133634978245686
main_reliable_COV_PERIODIC_O1000_N1_P0.5_B8_T1.0_S0_R5,35,0.75,190,0.002599730276139526,-3.469446951953614e-18,0.000634444255213364,0,0.0,5,0.0025561136390526325
main_reliable_COV_PERIODIC_O1000_N1_P0.5_B8_T1.0_S0_R5,40,0.5,190,0.012980906456807467,-6.938893903907228e-18,0.003903323102091672,1,0.0025709999103983514,6,0.010060679932740998
main_reliable_COV_PERIODIC_O1000_N1_P0.5_B8_T1.0_S0_R5,40,0.75,190,0.013188342122552404,-6.938893903907228e-18,0.0034937966412109966,1,0.005356499865597525,6,0.007388552165536362
main_reliable_COV_PERIODIC_O1000_N1_P0.5_B8_T1.0_S0_R5,45,0.5,190,0.0022913305716175184,-3.469446951953614e-18,0.0006353804515009236,1,0.0001117322278170775,5,0.002255507818813441
main_reliable_COV_PERIODIC_O1000_N1_P0.5_B8_T1.0_S0_R5,45,0.75,190,0.0025384047333024476,-3.469446951953614e-18,0.000619139287504897,0,0.0,5,0.0024946920372795507
main_reliable_COV_PERIODIC_O1000_N1_P0.5_B8_T1.0_S0_R5,50,0.5,190,0.0023850227744881894,-3.469446951953614e-18,0.0006620532149225621,1,3.346469730762178e-05,5,0.002349200021684119
main_reliable_COV_PERIODIC_O1000_N1_P0.5_B8_T1.0_S0_R5,50,0.75,190,0.0026378320936833143,-3.469446951953614e-18,0.0006439604239980853,0,0.0,5,0.002594119397660414
main_reliable_COV_PERIODIC_O1000_N1_P0.5_B8_T1.0_S0_R5,55,0.5,190,0.0026928561024708586,-6.938893903907228e-18,0.0007500059224451858,0,0.0,5,0.0026570333496667813
main_reliable_COV_PERIODIC_O1000_N1_P0.5_B8_T1.0_S0_R5,55,0.75,190,0.002963108458452997,-3.469446951953614e-18,0.0007254689097980986,0,0.0,5,0.002919395762430093
main_reliable_COV_PERIODIC_O1000_N1_P0.5_B8_T1.0_S0_R5,60,0.5,190,0.0022668956676796873,3.469446951953614e-18,0.0006284317518285155,1,0.00013231900532174878,5,0.0022310729148756203
main_reliable_COV_PERIODIC_O1000_N1_P0.5_B8_T1.0_S0_R5,60,0.75,190,0.002512439774756639,3.469446951953614e-18,0.0006126646370114012,0,0.0,5,0.002468727078733742
main_reliable_COV_PERIODIC_O1000_N1_P0.5_B8_T1.0_S0_R5,65,0.5,190,0.002387331228014093,3.469446951953614e-18,0.000662712301623386,1,3.1483523722366374e-05,5,0.002351587849074601
main_reliable_COV_PERIODIC_O1000_N1_P0.5_B8_T1.0_S0_R5,65,0.75,190,0.0026402673269655848,0.0,0.0006445697387452854,0,0.0,5,0.0025966507007193253
main_reliable_COV_PERIODIC_O1000_N1_P0.5_B8_T1.0_S0_R5,70,0.5,190,0.0023045893737954487,1.0408340855860843e-17,0.0006391567270890258,1,0.0001003616623138047,5,0.0022690413024023283
main_reliable_COV_PERIODIC_O1000_N1_P0.5_B8_T1.0_S0_R5,70,0.75,190,0.0025524470023677685,6.938893903907228e-18,0.0006226448736174957,0,0.0,5,0.0025090667855866104
main_reliable_COV_PERIODIC_O1000_N1_P0.5_B8_T1.0_S0_R5,75,0.5,190,0.004967045827307157,0.0,0.0014134559771243253,0,0.0,6,0.003975856533401191
main_reliable_COV_PERIODIC_O1000_N1_P0.5_B8_T1.0_S0_R5,75,0.75,190,0.005313910150270121,0.0,0.0013278973994495134,1,0.0006664221502197427,6,0.0032011235186699613
main_reliable_COV_PERIODIC_O1000_N1_P0.5_B8_T1.0_S0_R5,80,0.5,190,0.0021642367988221056,0.0,0.0005992725272989368,1,0.0002196372603181819,5,0.0021284140460180387
main_reliable_COV_PERIODIC_O1000_N1_P0.5_B8_T1.0_S0_R5,80,0.75,190,0.0024031932954609904,0.0,0.0005854558904937913,0,0.0,5,0.00235948059943809
main_reliable_COV_PERIODIC_O1000_N1_P0.5_B8_T1.0_S0_R5,85,0.5,190,0.0023977569786926,6.938893903907228e-18,0.0006656819753504041,1,2.2906776300259807e-05,5,0.0023619342258885297
main_reliable_COV_PERIODIC_O1000_N1_P0.5_B8_T1.0_S0_R5,85,0.75,190,0.002651329923264438,3.469446951953614e-18,0.0006473334287974886,0,0.0,5,0.002607617227241534
main_reliable_COV_PERIODIC_O1000_N1_P0.5_B8_T1.0_S0_R5,90,0.5,190,0.005179689666320403,0.0,0.001476621967819488,0,0.0,6,0.004141315973168955
main_reliable_COV_PERIODIC_O1000_N1_P0.5_B8_T1.0_S0_R5,90,0.75,190,0.005529944478106744,0.0,0.0013843857255539291,1,0.0007981472180767467,6,0.003322201718477767
main_reliable_COV_PERIODIC_O1000_N1_P0.5_B8_T1.0_S0_R5,95,0.5,190,0.0026193278689063126,0.0,0.0007289541989099704,0,0.0,5,0.002583505116102249
main_reliable_COV_PERIODIC_O1000_N1_P0.5_B8_T1.0_S0_R5,95,0.75,190,0.00288560197856786,-3.469446951953614e-18,0.0007060048206546267,0,0.0,5,0.0028418892825449633
main_reliable_COV_PERIODIC_O1000_N1_P0.5_B8_T1.0_S0_R5,100,0.5,190,0.004785461266820765,-6.938893903907228e-18,0.001359660952705283,0,0.0,6,0.0038343214399559553
main_reliable_COV_PERIODIC_O1000_N1_P0.5_B8_T1.0_S0_R5,100,0.75,190,0.005128990766365717,-6.938893903907228e-18,0.0012796906884605696,1,0.0005533967586005516,6,0.003097096991982344
main_reliable_COV_PERIODIC_O1000_N1_P0.5_B8_T1.0_S0_R5,105,0.5,190,0.0040058830379699276,0.0,0.0011302735629152632,0,0.0,19,0.00322412595892993
main_reliable_COV_PERIODIC_O1000_N1_P0.5_B8_T1.0_S0_R5,105,0.75,190,0.004330095033543202,0.0,0.0010730028299967193,1,6.19061035312847e-05,19,0.0026434325896638328
main_reliable_COV_PERIODIC_O1000_N1_P0.5_B8_T1.0_S0_R5,110,0.5,190,0.005027451772060446,0.0,0.0014313811073283444,0,0.0,19,0.004022889548172072
main_reliable_COV_PERIODIC_O1000_N1_P0.5_B8_T1.0_S0_R5,110,0.75,190,0.0053753348758390045,0.0,0.0013439400436739595,1,0.0007039092118231276,19,0.003235598393611795
main_reliable_COV_PERIODIC_O1000_N1_P0.5_B8_T1.0_S0_R5,115,0.5,190,0.004635621887850765,0.0,0.0013153722910861482,0,0.0,19,0.003717355954389226
main_reliable_COV_PERIODIC_O1000_N1_P0.5_B8_T1.0_S0_R5,115,0.75,190,0.0049760842362175026,0.0,0.0012399317726638059,1,0.0004597352216899296,19,0.0030108012654190067
main_reliable_COV_PERIODIC_O1000_N1_P0.5_B8_T1.0_S0_R5,120,0.5,190,0.002224715973850745,6.938893903907228e-18,0.0006164442663003513,1,0.00016803175617007698,15,0.002188893221046675
main_reliable_COV_PERIODIC_O1000_N1_P0.5_B8_T1.0_S0_R5,120,0.75,190,0.0024675848267482862,3.469446951953614e-18,0.0006014866643665919,0,0.0,15,0.0024238721307253824
main_reliable_COV_PERIODIC_O1000_N1_P0.5_B8_T1.0_S0_R5,125,0.5,190,0.0022189524261450565,-6.938893903907228e-18,0.0006148069946654769,1,0.0001729291898051287,15,0.0021831296733409826
main_reliable_COV_PERIODIC_O1000_N1_P0.5_B8_T1.0_S0_R5,125,0.75,190,0.002461452345420754,-3.469446951953614e-18,0.0005999591339308346,0,0.0,15,0.0024177396493978535
main_reliable_COV_PERIODIC_O1000_N1_P0.5_B8_T1.0_S0_R5,130,0.5,190,0.010506431151948943,0.0,0.0031124691798704437,1,0.0016340191182872277,19,0.008208688432643413
main_reliable_COV_PERIODIC_O1000_N1_P0.5_B8_T1.0_S0_R5,130,0.75,190,0.010803837017004499,0.0,0.002816178619172505,1,0.003951028677430843,19,0.006160457885527257
main_reliable_COV_PERIODIC_O1000_N1_P0.5_B8_T1.0_S0_R5,135,0.5,190,0.0049167256851367636,0.0,0.0013985350269005404,0,0.0,19,0.003936657533571461
main_reliable_COV_PERIODIC_O1000_N1_P0.5_B8_T1.0_S0_R5,135,0.75,190,0.0052627070836304655,0.0,0.0013145357414179218,1,0.0006351520539885046,19,0.0031723554547192015
main_reliable_COV_PERIODIC_O1000_N1_P0.5_B8_T1.0_S0_R5,140,0.5,190,0.004254570665334287,-6.938893903907228e-18,0.001203165239356893,0,0.0,19,0.003419165045433395
main_reliable_COV_PERIODIC_O1000_N1_P0.5_B8_T1.0_S0_R5,140,0.75,190,0.004585888070222113,-6.938893903907228e-18,0.0011388969980482275,1,0.00021981196327082106,19,0.002789396338608287
main_reliable_COV_PERIODIC_O1000_N1_P0.5_B8_T1.0_S0_R5,145,0.5,190,0.009273371577713817,6.938893903907228e-18,0.0027252885577087414,1,0.0011598852684141722,63,0.007278254020092287
main_reliable_COV_PERIODIC_O1000_N1_P0.5_B8_T1.0_S0_R5,145,0.75,190,0.009602413413171203,6.938893903907228e-18,0.0024815665273421987,1,0.003239827902621256,63,0.005530545174855447
main_reliable_COV_PERIODIC_O1000_N1_P0.5_B8_T1.0_S0_R5,150,0.5,190,0.009532664939394225,6.938893903907228e-18,0.0028063090905299437,1,0.001260064854032808,6,0.007474389729257708
main_reliable_COV_PERIODIC_O1000_N1_P0.5_B8_T1.0_S0_R5,150,0.75,190,0.009855862870483262,6.938893903907228e-18,0.0025517629214173846,1,0.0033900972810492133,6,0.005664131515034004
main_reliable_COV_PERIODIC_O1000_N1_P0.5_B8_T1.0_S0_R5,155,0.5,190,0.004408389872320381,6.938893903907228e-18,0.0012483863431841508,0,0.0,6,0.0035396668627557595
main_reliable_COV_PERIODIC_O1000_N1_P0.5_B8_T1.0_S0_R5,155,0.75,190,0.004743637034905487,6.938893903907228e-18,0.001179669591185646,1,0.00031697410935739925,6,0.0028791168995108904
main_reliable_COV_PERIODIC_O1000_N1_P0.5_B8_T1.0_S0_R5,160,0.5,190,0.0021680951444610318,-6.938893903907228e-18,0.0006003674379524896,1,0.00021633068382483772,5,0.002132272391656965
main_reliable_COV_PERIODIC_O1000_N1_P0.5_B8_T1.0_S0_R5,160,0.75,190,0.002407303958165876,-3.469446951953614e-18,0.0005864787157848888,0,0.0,5,0.0023635912621429757
main_reliable_COV_PERIODIC_O1000_N1_P0.5_B8_T1.0_S0_R5,165,0.5,190,0.011976499842024542,1.3877787807814457e-17,0.0035801513784975997,1,0.0021927395184972998,6,0.00931121582924243
main_reliable_COV_PERIODIC_O1000_N1_P0.5_B8_T1.0_S0_R5,165,0.75,190,0.0122243615099447,6.938893903907228e-18,0.003217756567146776,1,0.004789109277745951,6,0.006895357905279509
main_reliable_COV_PERIODIC_O1000_N1_P0.5_B8_T1.0_S0_R5,170,0.5,190,0.004952588802753441,6.938893903907228e-18,0.0014091681228479039,0,0.0,6,0.003964596388499317
main_reliable_COV_PERIODIC_O1000_N1_P0.5_B8_T1.0_S0_R5,170,0.75,190,0.005299202663456522,6.938893903907228e-18,0.00132405836160935,1,0.000657442167062653,6,0.0031928630376889047
main_reliable_COV_PERIODIC_O1000_N1_P0.5_B8_T1.0_S0_R5,175,0.5,190,0.004782874859676704,0.0,0.001358895693558176,0,0.0,6,0.00383230382457668
main_reliable_COV_PERIODIC_O1000_N1_P0.5_B8_T1.0_S0_R5,175,0.75,190,0.005126353862831834,0.0,0.0012790042507629152,1,0.0005517831387206046,6,0.003095610960725796
main_reliable_COV_PERIODIC_O1000_N1_P0.5_B8_T1.0_S0_R5,180,0.5,190,0.004994799692574492,0.0,0.0014216899527319255,0,0.0,6,0.00399746919017669
main_reliable_COV_PERIODIC_O1000_N1_P0.5_B8_T1.0_S0_R5,180,0.75,190,0.005342137645405733,0.0,0.001335267894263682,1,0.0006836525975020928,6,0.0032169711846645674
main_reliable_COV_PERIODIC_O1000_N1_P0.5_B8_T1.0_S0_R5,185,0.5,190,0.004511478904279928,6.938893903907228e-18,0.0012787492920738148,0,0.0,6,0.003620326761321929
main_reliable_COV_PERIODIC_O1000_N1_P0.5_B8_T1.0_S0_R5,185,0.75,190,0.004849177783920789,6.938893903907228e-18,0.0012070042672661558,1,0.0003818521062475648,6,0.0029389828575436747
main_reliable_COV_PERIODIC_O1000_N1_P0.5_B8_T1.0_S0_R5,190,0.5,190,0.005029483356585138,6.938893903907228e-18,0.001431984224801896,0,0.0,6,0.004024470943355389
main_reliable_COV_PERIODIC_O1000_N1_P0.5_B8_T1.0_S0_R5,190,0.75,190,0.005377399949791941,6.938893903907228e-18,0.0013444796480997301,1,0.0007051690353462314,6,0.0032367567441031614
main_reliable_COV_PERIODIC_O1000_N1_P0.5_B8_T1.0_S0_R5,195,0.5,190,0.008715043814480447,1.3877787807814457e-17,0.002551567821512774,1,0.0009432381292643136,63,0.006855024876211667
main_reliable_COV_PERIODIC_O1000_N1_P0.5_B8_T1.0_S0_R5,195,0.75,190,0.009055103852994142,6.938893903907228e-18,0.002330713570907999,1,0.0029148571938964474,63,0.0052407368907582685
main_reliable_COV_PERIODIC_O1000_N2_P0.5_B8_T1.0_S0_R5,0,0.5,190,0.10952553672496956,-2.7755575615628914e-17,0.04262913597395955,1,0.030969473909636072,134,0.050642954977616436
main_reliable_COV_PERIODIC_O1000_N2_P0.5_B8_T1.0_S0_R5,0,0.75,190,0.09848430488088349,-2.7755575615628914e-17,0.03417363129624187,1,0.026480917729748324,134,0.02233584918237593
main_reliable_COV_PERIODIC_O1000_N2_P0.5_B8_T1.0_S0_R5,5,0.5,190,0.003760478575341418,-1.0408340855860843e-17,0.0010585978426925638,0,0.0,19,0.003030824148188005
main_reliable_COV_PERIODIC_O1000_N2_P0.5_B8_T1.0_S0_R5,5,0.75,190,0.004076853748614207,-6.938893903907228e-18,0.0010080225087435934,0,0.0,19,0.0024978164634175334
main_reliable_COV_PERIODIC_O1000_N2_P0.5_B8_T1.0_S0_R5,10,0.5,190,0.002008572913441184,0.0,0.0005551655646739731,1,0.0003547504213307316,15,0.00197275016063711
main_reliable_COV_PERIODIC_O1000_N2_P0.5_B8_T1.0_S0_R5,10,0.75,190,0.002237031506098143,0.0,0.0005441748177179833,0,0.0,15,0.002193318810075246
main_reliable_COV_PERIODIC_O1000_N2_P0.5_B8_T1.0_S0_R5,15,0.5,190,0.002331855721458175,0.0,0.0006469163267434208,1,7.751670050669748e-05,15,0.0022963122094927443
main_reliable_COV_PERIODIC_O1000_N2_P0.5_B8_T1.0_S0_R5,15,0.75,190,0.002581394340652507,0.0,0.0006298686677998015,0,0.0,15,0.002538019643157037
main_reliable_COV_PERIODIC_O1000_N2_P0.5_B8_T1.0_S0_R5,20,0.5,190,0.005084104207506421,0.0,0.0014482057715377902,0,0.0,19,0.0040669777089999415
main_reliable_COV_PERIODIC_O1000_N2_P0.5_B8_T1.0_S0_R5,20,0.75,190,0.005432902430207522,0.0,0.0013589887233238058,1,0.0007390175732078022,19,0.003267872975716117
main_reliable_COV_PERIODIC_O1000_N2_P0.5_B8_T1.0_S0_R5,25,0.5,190,0.006593984113617772,0.0,0.001901215762427636,1,0.00010632785169563397,63,0.0052347440777530466
main_reliable_COV_PERIODIC_O1000_N2_P0.5_B8_T1.0_S0_R5,25,0.75,190,0.006954007986771579,0.0,0.0017612238868609832,1,0.0016594917775434523,63,0.004109279080264108
main_reliable_COV_PERIODIC_O1000_N2_P0.5_B8_T1.0_S0_R5,30,0.5,190,0.009734468284482774,0.0,0.002869523301939346,1,0.001337929693060902,6,0.007627013150537459
main_reliable_COV_PERIODIC_O1000_N2_P0.5_B8_T1.0_S0_R5,30,0.75,190,0.0100527634532235,0.0,0.0026064526377333396,1,0.003506894539591361,6,0.005767778339318123
main_reliable_COV_PERIODIC_O1000_N2_P0.5_B8_T1.0_S0_R5,35,0.5,190,0.0023491862503506183,0.0,0.0006518456917461919,1,6.327807286967899e-05,5,0.0023133634978245755
main_reliable_COV_PERIODIC_O1000_N2_P0.5_B8_T1.0_S0_R5,35,0.75,190,0.0025998263347390346,3.469446951953614e-18,0.0006344674293985826,0,0.0,5,0.0025561136390526325
main_reliable_COV_PERIODIC_O1000_N2_P0.5_B8_T1.0_S0_R5,40,0.5,190,0.004977150247859732,0.0,0.0014164533808562825,0,0.0,6,0.003983725709387181
main_reliable_COV_PERIODIC_O1000_N2_P0.5_B8_T1.0_S0_R5,40,0.75,190,0.005324188101887312,0.0,0.0013305807176488102,1,0.0006726966244867301,6,0.003206894792363739
main_reliable_COV_PERIODIC_O1000_N2_P0.5_B8_T1.0_S0_R5,45,0.5,190,0.0022891707501903474,0.0,0.0006347661238372826,1,0.00011354893754107406,5,0.0022533480025509756
main_reliable_COV_PERIODIC_O1000_N2_P0.5_B8_T1.0_S0_R5,45,0.75,190,0.002536110247023989,0.0,0.0006185670105677835,0,0.0,5,0.0024923975572520053
main_reliable_COV_PERIODIC_O1000_N2_P0.5_B8_T1.0_S0_R5,50,0.5,190,0.0023850226244612853,-3.469446951953614e-18,0.0006620531721755861,1,3.346482180526661e-05,5,0.0023491998716572114
main_reliable_COV_PERIODIC_O1000_N2_P0.5_B8_T1.0_S0_R5,50,0.75,190,0.002637831934637694,-3.469446951953614e-18,0.0006439603842585704,0,0.0,5,0.0025941192386147935
main_reliable_COV_PERIODIC_O1000_N2_P0.5_B8_T1.0_S0_R5,55,0.5,190,0.0026928561023480888,0.0,0.0007500059224100177,0,0.0,5,0.002657033349544022
main_reliable_COV_PERIODIC_O1000_N2_P0.5_B8_T1.0_S0_R5,55,0.75,190,0.0029631084583236836,0.0,0.0007254689097656048,0,0.0,5,0.0029193957623007867
main_reliable_COV_PERIODIC_O1000_N2_P0.5_B8_T1.0_S0_R5,60,0.5,190,0.0022668956676796803,0.0,0.0006284317518285135,1,0.00013231900532175225,5,0.0022310729148756134
main_reliable_COV_PERIODIC_O1000_N2_P0.5_B8_T1.0_S0_R5,60,0.75,190,0.002512439774756632,0.0,0.0006126646370113996,0,0.0,5,0.0024687270787337318
main_reliable_COV_PERIODIC_O1000_N2_P0.5_B8_T1.0_S0_R5,65,0.5,190,0.002387410601878675,6.938893903907228e-18,0.0006627335903147242,1,3.1483523722366374e-05,5,0.0023515878490746045
main_reliable_COV_PERIODIC_O1000_N2_P0.5_B8_T1.0_S0_R5,65,0.75,190,0.002640363396742229,3.469446951953614e-18,0.0006445929156269707,0,0.0,5,0.0025966507007193287
main_reliable_COV_PERIODIC_O1000_N2_P0.5_B8_T1.0_S0_R5,70,0.5,190,0.0023048640552063952,0.0,0.0006392303983441033,1,0.00010036166231380816,5,0.0022690413024023214
main_reliable_COV_PERIODIC_O1000_N2_P0.5_B8_T1.0_S0_R5,70,0.75,190,0.0025527794816095108,0.0,0.0006227250860870299,0,0.0,5,0.002509066785586614
main_reliable_COV_PERIODIC_O1000_N2_P0.5_B8_T1.0_S0_R5,75,0.5,190,0.004967045835925672,0.0,0.0014134559794358812,0,0.0,6,0.003975856533401191
main_reliable_COV_PERIODIC_O1000_N2_P0.5_B8_T1.0_S0_R5,75,0.75,190,0.005313910160701242,6.938893903907228e-18,0.0013278974019660045,1,0.0006664221502197427,6,0.0032011235186699613
main_reliable_COV_PERIODIC_O1000_N2_P0.5_B8_T1.0_S0_R5,80,0.5,190,0.002164236798822109,0.0,0.0005992725272989351,1,0.00021963726031817843,5,0.0021284140460180317
main_reliable_COV_PERIODIC_O1000_N2_P0.5_B8_T1.0_S0_R5,80,0.75,190,0.0024031932954609904,0.0,0.0005854558904937909,0,0.0,5,0.00235948059943809
main_reliable_COV_PERIODIC_O1000_N2_P0.5_B8_T1.0_S0_R5,85,0.5,190,0.0023977569786926,6.938893903907228e-18,0.0006656819753504041,1,2.2906776300259807e-05,5,0.0023619342258885297
main_reliable_COV_PERIODIC_O1000_N2_P0.5_B8_T1.0_S0_R5,85,0.75,190,0.002651329923264438,3.469446951953614e-18,0.0006473334287974886,0,0.0,5,0.002607617227241534
main_reliable_COV_PERIODIC_O1000_N2_P0.5_B8_T1.0_S0_R5,90,0.5,190,0.005179689666320403,0.0,0.001476621967819488,0,0.0,6,0.004141315973168955
main_reliable_COV_PERIODIC_O1000_N2_P0.5_B8_T1.0_S0_R5,90,0.75,190,0.005529944478106744,0.0,0.0013843857255539291,1,0.0007981472180767467,6,0.003322201718477767
main_reliable_COV_PERIODIC_O1000_N2_P0.5_B8_T1.0_S0_R5,95,0.5,190,0.0026193278689063126,0.0,0.0007289541989099704,0,0.0,5,0.002583505116102249
main_reliable_COV_PERIODIC_O1000_N2_P0.5_B8_T1.0_S0_R5,95,0.75,190,0.00288560197856786,-3.469446951953614e-18,0.0007060048206546267,0,0.0,5,0.0028418892825449633
main_reliable_COV_PERIODIC_O1000_N2_P0.5_B8_T1.0_S0_R5,100,0.5,190,0.004791095247567975,6.938893903907228e-18,0.001361328014636054,0,0.0,6,0.003838716256858131
main_reliable_COV_PERIODIC_O1000_N2_P0.5_B8_T1.0_S0_R5,100,0.75,190,0.005134734449032716,6.938893903907228e-18,0.001281185977103352,1,0.0005569113431822363,6,0.0031003335941512875
main_reliable_COV_PERIODIC_O1000_N2_P0.5_B8_T1.0_S0_R5,105,0.5,190,0.004005883038310856,0.0,0.001130273563006702,0,0.0,19,0.0032241259589299368
main_reliable_COV_PERIODIC_O1000_N2_P0.5_B8_T1.0_S0_R5,105,0.75,190,0.004330095033955893,0.0,0.001073002830096284,1,6.19061035312847e-05,19,0.0026434325896638328
main_reliable_COV_PERIODIC_O1000_N2_P0.5_B8_T1.0_S0_R5,110,0.5,190,0.005027451772060446,0.0,0.001431381107328344,0,0.0,19,0.004022889548172072
main_reliable_COV_PERIODIC_O1000_N2_P0.5_B8_T1.0_S0_R5,110,0.75,190,0.0053753348758390045,0.0,0.0013439400436739588,1,0.0007039092118231276,19,0.003235598393611795
main_reliable_COV_PERIODIC_O1000_N2_P0.5_B8_T1.0_S0_R5,115,0.5,190,0.004635621887850765,0.0,0.0013153722910861482,0,0.0,19,0.003717355954389226
main_reliable_COV_PERIODIC_O1000_N2_P0.5_B8_T1.0_S0_R5,115,0.75,190,0.0049760842362175026,0.0,0.0012399317726638059,1,0.0004597352216899296,19,0.0030108012654190067
main_reliable_COV_PERIODIC_O1000_N2_P0.5_B8_T1.0_S0_R5,120,0.5,190,0.0022268351477264803,0.0,0.0006170463119208271,1,0.0001662321077759571,15,0.0021910123973449096
main_reliable_COV_PERIODIC_O1000_N2_P0.5_B8_T1.0_S0_R5,120,0.75,190,0.0024698394465546072,0.0,0.0006020483065793684,0,0.0,15,0.002426126753463702
main_reliable_COV_PERIODIC_O1000_N2_P0.5_B8_T1.0_S0_R5,125,0.5,190,0.0022189525602591756,0.0,0.0006148070327617088,1,0.00017292907579535485,15,0.002183129807455112
main_reliable_COV_PERIODIC_O1000_N2_P0.5_B8_T1.0_S0_R5,125,0.75,190,0.0024614524881292413,0.0,0.0005999591694759137,0,0.0,15,0.0024177397921063375
main_reliable_COV_PERIODIC_O1000_N2_P0.5_B8_T1.0_S0_R5,130,0.5,190,0.010506431160358487,0.0,0.0031124691825272143,1,0.0016340191215026625,19,0.008208688438970844
main_reliable_COV_PERIODIC_O1000_N2_P0.5_B8_T1.0_S0_R5,130,0.75,190,0.01080383702516586,0.0,0.0028161786214614603,1,0.003951028682253999,19,0.006160457889779307
main_reliable_COV_PERIODIC_O1000_N2_P0.5_B8_T1.0_S0_R5,135,0.5,190,0.004916725685170799,0.0,0.0013985350269106339,0,0.0,19,0.003936657533597988
main_reliable_COV_PERIODIC_O1000_N2_P0.5_B8_T1.0_S0_R5,135,0.75,190,0.0052627070836651114,0.0,0.001314535741426961,1,0.0006351520540096717,19,0.003172355454738679
main_reliable_COV_PERIODIC_O1000_N2_P0.5_B8_T1.0_S0_R5,140,0.5,190,0.00425457066533437,6.938893903907228e-18,0.0012031652393569223,0,0.0,19,0.0034191650454334574
main_reliable_COV_PERIODIC_O1000_N2_P0.5_B8_T1.0_S0_R5,140,0.75,190,0.004585888070222192,6.938893903907228e-18,0.0011388969980482505,1,0.00021981196327086963,19,0.0027893963386083354
main_reliable_COV_PERIODIC_O1000_N2_P0.5_B8_T1.0_S0_R5,145,0.5,190,0.009273371577713817,6.938893903907228e-18,0.0027252885577087414,1,0.0011598852684141722,63,0.007278254020092287
main_reliable_COV_PERIODIC_O1000_N2_P0.5_B8_T1.0_S0_R5,145,0.75,190,0.009602413413171203,6.938893903907228e-18,0.0024815665273421987,1,0.003239827902621256,63,0.005530545174855447
main_reliable_COV_PERIODIC_O1000_N2_P0.5_B8_T1.0_S0_R5,150,0.5,190,0.009532664939394225,6.938893903907228e-18,0.0028063090905299437,1,0.001260064854032808,6,0.007474389729257708
main_reliable_COV_PERIODIC_O1000_N2_P0.5_B8_T1.0_S0_R5,150,0.75,190,0.009855862870483262,6.938893903907228e-18,0.0025517629214173846,1,0.0033900972810492133,6,0.005664131515034004
main_reliable_COV_PERIODIC_O1000_N2_P0.5_B8_T1.0_S0_R5,155,0.5,190,0.0044083105122207575,0.0,0.001248365058184683,0,0.0,6,0.0035396668627557665
main_reliable_COV_PERIODIC_O1000_N2_P0.5_B8_T1.0_S0_R5,155,0.75,190,0.004743540981789078,0.0,0.0011796464183232392,1,0.0003169741093574027,6,0.0028791168995108835
main_reliable_COV_PERIODIC_O1000_N2_P0.5_B8_T1.0_S0_R5,160,0.5,190,0.0021680951417645915,-3.469446951953614e-18,0.0006003674372292815,1,0.0002163306838248273,5,0.0021322723916569544
main_reliable_COV_PERIODIC_O1000_N2_P0.5_B8_T1.0_S0_R5,160,0.75,190,0.002407303954902327,0.0,0.000586478714997564,0,0.0,5,0.002363591262142972
main_reliable_COV_PERIODIC_O1000_N2_P0.5_B8_T1.0_S0_R5,165,0.5,190,0.011976499842024528,-2.0816681711721685e-17,0.003580151378497594,1,0.002192739518497286,6,0.00931121582924243
main_reliable_COV_PERIODIC_O1000_N2_P0.5_B8_T1.0_S0_R5,165,0.75,190,0.012224361509944694,-1.3877787807814457e-17,0.003217756567146772,1,0.004789109277745951,6,0.006895357905279502
main_reliable_COV_PERIODIC_O1000_N2_P0.5_B8_T1.0_S0_R5,170,0.5,190,0.004952588802753441,6.938893903907228e-18,0.0014091681228479039,0,0.0,6,0.003964596388499317
main_reliable_COV_PERIODIC_O1000_N2_P0.5_B8_T1.0_S0_R5,170,0.75,190,0.005299202663456522,6.938893903907228e-18,0.00132405836160935,1,0.000657442167062653,6,0.0031928630376889047
main_reliable_COV_PERIODIC_O1000_N2_P0.5_B8_T1.0_S0_R5,175,0.5,190,0.004810245654751362,0.0,0.0013669954804966234,0,0.0,6,0.003853652971741811
main_reliable_COV_PERIODIC_O1000_N2_P0.5_B8_T1.0_S0_R5,175,0.75,190,0.005154254729342007,6.938893903907228e-18,0.0012862687902723499,1,0.0005688539520339771,6,0.0031113307433863896
main_reliable_COV_PERIODIC_O1000_N2_P0.5_B8_T1.0_S0_R5,180,0.5,190,0.005026120376878551,0.0,0.001430985864411887,0,0.0,6,0.004021853168321217
main_reliable_COV_PERIODIC_O1000_N2_P0.5_B8_T1.0_S0_R5,180,0.75,190,0.005373981506273096,0.0,0.001343586416873499,1,0.0007030835552156341,6,0.0032348392312717134
main_reliable_COV_PERIODIC_O1000_N2_P0.5_B8_T1.0_S0_R5,185,0.5,190,0.004540311329153855,0.0,0.0012872493908927538,0,0.0,6,0.0036428741078066637
main_reliable_COV_PERIODIC_O1000_N2_P0.5_B8_T1.0_S0_R5,185,0.75,190,0.004878669772453551,0.0,0.0012146506476789366,1,0.00039996581402425985,6,0.002955690811755139
main_reliable_COV_PERIODIC_O1000_N2_P0.5_B8_T1.0_S0_R5,190,0.5,190,0.005029646526148776,0.0,0.0014320326657509346,0,0.0,6,0.004024597954142284
main_reliable_COV_PERIODIC_O1000_N2_P0.5_B8_T1.0_S0_R5,190,0.75,190,0.005377565806923647,0.0,0.0013445229873427081,1,0.0007052702171931637,6,0.0032368497755262474
main_reliable_COV_PERIODIC_O1000_N2_P0.5_B8_T1.0_S0_R5,195,0.5,190,0.008715043814480718,0.0,0.002551567821512845,1,0.0009432381292642997,63,0.006855024876211667
main_reliable_COV_PERIODIC_O1000_N2_P0.5_B8_T1.0_S0_R5,195,0.75,190,0.009055103852994469,0.0,0.002330713570908078,1,0.0029148571938964474,63,0.0052407368907582685
main_reliable_COV_EVENT_O1000_N1_P0.5_B4_T1.0_S0_R5,0,0.5,190,0.10952553672496956,-2.7755575615628914e-17,0.04262913597395955,1,0.030969473909636072,134,0.050642954977616436
main_reliable_COV_EVENT_O1000_N1_P0.5_B4_T1.0_S0_R5,0,0.75,190,0.09848430488088349,-2.7755575615628914e-17,0.03417363129624187,1,0.026480917729748324,134,0.02233584918237593
main_reliable_COV_EVENT_O1000_N1_P0.5_B4_T1.0_S0_R5,5,0.5,190,0.005063783799625916,0.0,0.0014421695233052115,0,0.0,19,0.004051166391590408
main_reliable_COV_EVENT_O1000_N1_P0.5_B4_T1.0_S0_R5,5,0.75,190,0.005412258249949516,0.0,0.001353590654848263,1,0.0007264301503390573,19,0.0032563029749376193
main_reliable_COV_EVENT_O1000_N1_P0.5_B4_T1.0_S0_R5,15,0.5,190,0.0023824212636105353,-6.938893903907228e-18,0.000661311987266658,1,3.56239156680746e-05,15,0.0023465985108064615
main_reliable_COV_EVENT_O1000_N1_P0.5_B4_T1.0_S0_R5,15,0.75,190,0.0026350741171277114,-3.469446951953614e-18,0.0006432713263605299,0,0.0,15,0.002591361421104811
main_reliable_COV_EVENT_O1000_N1_P0.5_B4_T1.0_S0_R5,20,0.5,190,0.005084127515146253,0.0,0.0014482126958511546,0,0.0,19,0.004066995836235467
main_reliable_COV_EVENT_O1000_N1_P0.5_B4_T1.0_S0_R5,20,0.75,190,0.0054329261080739745,0.0,0.0013589949153857558,1,0.0007390320021227088,19,0.0032678862374460674
main_reliable_COV_EVENT_O1000_N1_P0.5_B4_T1.0_S0_R5,30,0.5,190,0.00262051658728428,0.0,0.0007292993283258413,0,0.0,5,0.0025849730710098065
main_reliable_COV_EVENT_O1000_N1_P0.5_B4_T1.0_S0_R5,30,0.75,190,0.0028868124898608835,0.0,0.0007063118932087216,0,0.0,5,0.002843437787149232
main_reliable_COV_EVENT_O1000_N1_P0.5_B4_T1.0_S0_R5,35,0.5,190,0.0023886795595921932,-3.469446951953614e-18,0.0006630951726884371,1,3.043094168976579e-05,5,0.0023528568067968866
main_reliable_COV_EVENT_O1000_N1_P0.5_B4_T1.0_S0_R5,35,0.75,190,0.0026417085476169756,-3.469446951953614e-18,0.0006449290373799254,0,0.0,5,0.002597995851604692
main_reliable_COV_EVENT_O1000_N1_P0.5_B4_T1.0_S0_R5,55,0.5,190,0.0026928561026762048,0.0,0.00075000592250402,0,0.0,5,0.002657033349872138
main_reliable_COV_EVENT_O1000_N1_P0.5_B4_T1.0_S0_R5,55,0.75,190,0.0029631084586693064,0.0,0.0007254689098524579,0,0.0,5,0.0029193957626464026
main_reliable_COV_EVENT_O1000_N1_P0.5_B4_T1.0_S0_R5,60,0.5,190,0.0022668956676797046,1.0408340855860843e-17,0.0006284317518285184,1,0.00013231900532173144,5,0.002231072914875634
main_reliable_COV_EVENT_O1000_N1_P0.5_B4_T1.0_S0_R5,60,0.75,190,0.002512439774756653,6.938893903907228e-18,0.0006126646370114043,0,0.0,5,0.0024687270787337526
main_reliable_COV_EVENT_O1000_N1_P0.5_B4_T1.0_S0_R5,65,0.5,190,0.002387410601878675,6.938893903907228e-18,0.0006627335903147242,1,3.1483523722366374e-05,5,0.0023515878490746045
main_reliable_COV_EVENT_O1000_N1_P0.5_B4_T1.0_S0_R5,65,0.75,190,0.002640363396742229,3.469446951953614e-18,0.0006445929156269707,0,0.0,5,0.0025966507007193287
main_reliable_COV_EVENT_O1000_N1_P0.5_B4_T1.0_S0_R5,70,0.5,190,0.0023048640552063952,0.0,0.0006392303983441033,1,0.00010036166231380816,5,0.0022690413024023214
main_reliable_COV_EVENT_O1000_N1_P0.5_B4_T1.0_S0_R5,70,0.75,190,0.0025527794816095108,0.0,0.0006227250860870299,0,0.0,5,0.002509066785586614
main_reliable_COV_EVENT_O1000_N1_P0.5_B4_T1.0_S0_R5,75,0.5,190,0.004967045835925672,0.0,0.0014134559794358812,0,0.0,6,0.003975856533401191
main_reliable_COV_EVENT_O1000_N1_P0.5_B4_T1.0_S0_R5,75,0.75,190,0.005313910160701242,6.938893903907228e-18,0.0013278974019660045,1,0.0006664221502197427,6,0.0032011235186699613
main_reliable_COV_EVENT_O1000_N1_P0.5_B4_T1.0_S0_R5,90,0.5,190,0.005179689666320403,0.0,0.001476621967819488,0,0.0,6,0.004141315973168955
main_reliable_COV_EVENT_O1000_N1_P0.5_B4_T1.0_S0_R5,90,0.75,190,0.005529944478106744,0.0,0.0013843857255539291,1,0.0007981472180767467,6,0.003322201718477767
main_reliable_COV_EVENT_O1000_N1_P0.5_B4_T1.0_S0_R5,95,0.5,190,0.0026193278689063126,0.0,0.0007289541989099704,0,0.0,5,0.002583505116102249
main_reliable_COV_EVENT_O1000_N1_P0.5_B4_T1.0_S0_R5,95,0.75,190,0.00288560197856786,-3.469446951953614e-18,0.0007060048206546267,0,0.0,5,0.0028418892825449633
main_reliable_COV_EVENT_O1000_N1_P0.5_B4_T1.0_S0_R5,100,0.5,190,0.004785461266820765,-6.938893903907228e-18,0.001359660952705283,0,0.0,6,0.0038343214399559553
main_reliable_COV_EVENT_O1000_N1_P0.5_B4_T1.0_S0_R5,100,0.75,190,0.005128990766365717,-6.938893903907228e-18,0.0012796906884605696,1,0.0005533967586005516,6,0.003097096991982344
main_reliable_COV_EVENT_O1000_N1_P0.5_B4_T1.0_S0_R5,105,0.5,190,0.0040058830379699276,0.0,0.0011302735629152632,0,0.0,15,0.003970280317868835
main_reliable_COV_EVENT_O1000_N1_P0.5_B4_T1.0_S0_R5,105,0.75,190,0.004330095033543202,0.0,0.0010730028299967193,1,6.19061035312847e-05,15,0.004286648664528013
main_reliable_COV_EVENT_O1000_N1_P0.5_B4_T1.0_S0_R5,110,0.5,190,0.013393394684370521,-2.0816681711721685e-17,0.004036869660998831,1,0.0027256191019014997,19,0.010367638138749365
main_reliable_COV_EVENT_O1000_N1_P0.5_B4_T1.0_S0_R5,110,0.75,190,0.013582807196552783,-1.3877787807814457e-17,0.003607551722618985,1,0.005588428652852244,19,0.007589180379915725
main_reliable_COV_EVENT_O1000_N1_P0.5_B4_T1.0_S0_R5,115,0.5,190,0.004698561743546881,6.938893903907228e-18,0.0013339644121700893,0,0.0,19,0.0037665066400509456
main_reliable_COV_EVENT_O1000_N1_P0.5_B4_T1.0_S0_R5,115,0.75,190,0.005040347764958757,6.938893903907228e-18,0.001256630310088497,1,0.0004991224058940695,19,0.0030471007622416488
main_reliable_COV_EVENT_O1000_N1_P0.5_B4_T1.0_S0_R5,140,0.5,190,0.0062712888782839454,6.938893903907228e-18,0.001803668826733277,0,0.0,19,0.00498623204528674
main_reliable_COV_EVENT_O1000_N1_P0.5_B4_T1.0_S0_R5,140,0.75,190,0.006630916670573764,6.938893903907228e-18,0.0016750560398453723,1,0.0014649520673990987,19,0.003932251873889604
main_reliable_COV_EVENT_O1000_N2_P0.5_B4_T1.0_S0_R5,0,0.5,190,0.10952553672496956,-2.7755575615628914e-17,0.04262913597395955,1,0.030969473909636072,134,0.050642954977616436
main_reliable_COV_EVENT_O1000_N2_P0.5_B4_T1.0_S0_R5,0,0.75,190,0.09848430488088349,-2.7755575615628914e-17,0.03417363129624187,1,0.026480917729748324,134,0.02233584918237593
main_reliable_COV_EVENT_O1000_N2_P0.5_B4_T1.0_S0_R5,5,0.5,190,0.003760478575341418,-1.0408340855860843e-17,0.0010585978426925638,0,0.0,15,0.003724655822264028
main_reliable_COV_EVENT_O1000_N2_P0.5_B4_T1.0_S0_R5,5,0.75,190,0.004076853748614207,-6.938893903907228e-18,0.0010080225087435934,0,0.0,15,0.0040331410522605055
main_reliable_COV_EVENT_O1000_N2_P0.5_B4_T1.0_S0_R5,15,0.5,190,0.00798666311396165,0.0,0.0023264935312467443,1,0.0006585920610196125,19,0.006301098674056843
main_reliable_COV_EVENT_O1000_N2_P0.5_B4_T1.0_S0_R5,15,0.75,190,0.008337646249036004,0.0,0.002134514215490812,1,0.0024878880915294166,19,0.004858043071322801
main_reliable_COV_EVENT_O1000_N2_P0.5_B4_T1.0_S0_R5,20,0.5,190,0.00508422863739183,0.0,0.0014482427389782393,0,0.0,19,0.0040670745194093735
main_reliable_COV_EVENT_O1000_N2_P0.5_B4_T1.0_S0_R5,20,0.75,190,0.005433028827352155,0.0,0.001359021778957803,1,0.0007390946322880267,19,0.0032679438013025683
main_reliable_COV_EVENT_O1000_N2_P0.5_B4_T1.0_S0_R5,30,0.5,190,0.0026207958171956224,1.0408340855860843e-17,0.0007293742195062565,0,0.0,5,0.002584973071009817
main_reliable_COV_EVENT_O1000_N2_P0.5_B4_T1.0_S0_R5,30,0.75,190,0.002887150475161953,6.938893903907228e-18,0.0007063934340859256,0,0.0,5,0.002843437787149232
main_reliable_COV_EVENT_O1000_N2_P0.5_B4_T1.0_S0_R5,35,0.5,190,0.0023886795596009605,-1.0408340855860843e-17,0.0006630951726907878,1,3.0430941689772728e-05,5,0.0023528568067968866
main_reliable_COV_EVENT_O1000_N2_P0.5_B4_T1.0_S0_R5,35,0.75,190,0.002641708547627592,-6.938893903907228e-18,0.0006449290373824858,0,0.0,5,0.0025979958516046883
main_reliable_COV_EVENT_O1000_N2_P0.5_B4_T1.0_S0_R5,55,0.5,190,0.0026928561026762048,0.0,0.00075000592250402,0,0.0,5,0.002657033349872138
main_reliable_COV_EVENT_O1000_N2_P0.5_B4_T1.0_S0_R5,55,0.75,190,0.0029631084586693064,0.0,0.0007254689098524579,0,0.0,5,0.0029193957626464026
main_reliable_COV_EVENT_O1000_N2_P0.5_B4_T1.0_S0_R5,60,0.5,190,0.0022668956676797046,1.0408340855860843e-17,0.0006284317518285184,1,0.00013231900532173144,5,0.002231072914875634
main_reliable_COV_EVENT_O1000_N2_P0.5_B4_T1.0_S0_R5,60,0.75,190,0.002512439774756653,6.938893903907228e-18,0.0006126646370114043,0,0.0,5,0.0024687270787337526
main_reliable_COV_EVENT_O1000_N2_P0.5_B4_T1.0_S0_R5,65,0.5,190,0.002387410601878675,6.938893903907228e-18,0.0006627335903147242,1,3.1483523722366374e-05,5,0.0023515878490746045
main_reliable_COV_EVENT_O1000_N2_P0.5_B4_T1.0_S0_R5,65,0.75,190,0.002640363396742229,3.469446951953614e-18,0.0006445929156269707,0,0.0,5,0.0025966507007193287
main_reliable_COV_EVENT_O1000_N2_P0.5_B4_T1.0_S0_R5,70,0.5,190,0.002342882264457051,0.0,0.0006500507817958864,1,6.853816696999679e-05,5,0.0023070595116529875
main_reliable_COV_EVENT_O1000_N2_P0.5_B4_T1.0_S0_R5,70,0.75,190,0.0025931376502603305,0.0,0.0006327974102468229,0,0.0,5,0.00254942495423743
main_reliable_COV_EVENT_O1000_N2_P0.5_B4_T1.0_S0_R5,75,0.5,190,0.004967062879697254,0.0,0.0014134610350007447,0,0.0,6,0.003975869807438623
main_reliable_COV_EVENT_O1000_N2_P0.5_B4_T1.0_S0_R5,75,0.75,190,0.005313927498232753,0.0,0.0013279019280159896,1,0.0006664327350852269,6,0.003201133254976951
main_reliable_COV_EVENT_O1000_N2_P0.5_B4_T1.0_S0_R5,90,0.5,190,0.005179689666320403,0.0,0.001476621967819488,0,0.0,6,0.004141315973168955
main_reliable_COV_EVENT_O1000_N2_P0.5_B4_T1.0_S0_R5,90,0.75,190,0.005529944478106744,0.0,0.0013843857255539291,1,0.0007981472180767467,6,0.003322201718477767
main_reliable_COV_EVENT_O1000_N2_P0.5_B4_T1.0_S0_R5,95,0.5,190,0.0026193278689063126,0.0,0.0007289541989099704,0,0.0,5,0.002583505116102249
main_reliable_COV_EVENT_O1000_N2_P0.5_B4_T1.0_S0_R5,95,0.75,190,0.00288560197856786,-3.469446951953614e-18,0.0007060048206546267,0,0.0,5,0.0028418892825449633
main_reliable_GRANT_O1000_N1_P0.5_B4_T1.0_S0_R5,0,0.5,190,0.10952553672496956,-2.7755575615628914e-17,0.04262913597395955,1,0.030969473909636072,134,0.050642954977616436
main_reliable_GRANT_O1000_N1_P0.5_B4_T1.0_S0_R5,0,0.75,190,0.09848430488088349,-2.7755575615628914e-17,0.03417363129624187,1,0.026480917729748324,134,0.02233584918237593
main_reliable_GRANT_O1000_N1_P0.5_B4_T1.0_S0_R5,5,0.5,190,0.003757561157514945,3.469446951953614e-18,0.00105774741287022,0,0.0,19,0.0030285251376110517
main_reliable_GRANT_O1000_N1_P0.5_B4_T1.0_S0_R5,5,0.75,190,0.0040738370905005865,3.469446951953614e-18,0.0010072501022166346,0,0.0,19,0.0024960786800160423
main_reliable_GRANT_O1000_N1_P0.5_B4_T1.0_S0_R5,10,0.5,190,0.002240836878576489,6.938893903907228e-18,0.0006210247237686916,1,0.00015435593835071149,19,0.0018220728478302722
main_reliable_GRANT_O1000_N1_P0.5_B4_T1.0_S0_R5,10,0.75,190,0.0024847333268133327,3.469446951953614e-18,0.0006057590525984617,0,0.0,19,0.001561800780773226
main_reliable_GRANT_O1000_N1_P0.5_B4_T1.0_S0_R5,15,0.5,190,0.0023322519509216405,-6.938893903907228e-18,0.0006470245221393237,1,7.741889138222074e-05,19,0.0018955086480079986
main_reliable_GRANT_O1000_N1_P0.5_B4_T1.0_S0_R5,15,0.75,190,0.0025818565051683555,-3.469446951953614e-18,0.0006299812052870498,0,0.0,19,0.0016201269980851765
main_reliable_GRANT_O1000_N1_P0.5_B4_T1.0_S0_R5,20,0.5,190,0.0037661791492279856,3.469446951953614e-18,0.001060259674318608,0,0.0,19,0.003035316156577622
main_reliable_GRANT_O1000_N1_P0.5_B4_T1.0_S0_R5,20,0.75,190,0.004082747848961132,3.469446951953614e-18,0.001009531785176724,0,0.0,19,0.00250121148833346
main_reliable_GRANT_O1000_N1_P0.5_B4_T1.0_S0_R5,25,0.5,190,0.006593984108430977,0.0,0.0019012157610399497,1,0.00010632785173548404,63,0.005234744077829541
main_reliable_GRANT_O1000_N1_P0.5_B4_T1.0_S0_R5,25,0.75,190,0.00695400798047268,0.0,0.0017612238853439474,1,0.0016594917776032309,63,0.00410927908031844
main_reliable_GRANT_O1000_N1_P0.5_B4_T1.0_S0_R5,30,0.5,190,0.00973446828448278,-1.3877787807814457e-17,0.002869523301939345,1,0.0013379296930609089,6,0.007627013150537459
main_reliable_GRANT_O1000_N1_P0.5_B4_T1.0_S0_R5,30,0.75,190,0.0100527634532235,-6.938893903907228e-18,0.0026064526377333396,1,0.0035068945395913542,6,0.00576777833931813
main_reliable_GRANT_O1000_N1_P0.5_B4_T1.0_S0_R5,35,0.5,190,0.0023491068857209203,-3.469446951953614e-18,0.0006518244055317268,1,6.327807286967899e-05,6,0.0019091007238099672
main_reliable_GRANT_O1000_N1_P0.5_B4_T1.0_S0_R5,35,0.75,190,0.002599730276139526,-3.469446951953614e-18,0.000634444255213364,0,0.0,6,0.0016308986069142606
main_reliable_GRANT_O1000_N1_P0.5_B4_T1.0_S0_R5,40,0.5,190,0.004977150242942444,0.0,0.0014164533795374289,0,0.0,6,0.003983725709387181
main_reliable_GRANT_O1000_N1_P0.5_B4_T1.0_S0_R5,40,0.75,190,0.0053241880959358605,0.0,0.001330580716213031,1,0.0006726966244867301,6,0.003206894792363746
main_reliable_GRANT_O1000_N1_P0.5_B4_T1.0_S0_R5,45,0.5,190,0.002290142369050497,-1.0408340855860843e-17,0.0006350424826567534,1,0.00011273160267077573,6,0.0018616943153448653
main_reliable_GRANT_O1000_N1_P0.5_B4_T1.0_S0_R5,45,0.75,190,0.002537142460581992,-6.938893903907228e-18,0.0006188244561126978,0,0.0,6,0.0015932972622224525
main_reliable_GRANT_O1000_N1_P0.5_B4_T1.0_S0_R5,50,0.5,190,0.0023850226919717027,1.0408340855860843e-17,0.0006620531914112462,1,3.3464765782722367e-05,6,0.0019378525397438784
main_reliable_GRANT_O1000_N1_P0.5_B4_T1.0_S0_R5,50,0.75,190,0.0026378320062064343,6.938893903907228e-18,0.0006439604021409043,0,0.0,6,0.0016536600342534
main_reliable_GRANT_O1000_N1_P0.5_B4_T1.0_S0_R5,55,0.5,190,0.002505198304360759,-6.938893903907228e-18,0.00069633188395937,0,0.0,6,0.0020341554623734895
main_reliable_GRANT_O1000_N1_P0.5_B4_T1.0_S0_R5,55,0.75,190,0.0027650666116922212,-3.469446951953614e-18,0.0006757874780081881,0,0.0,6,0.0017296641736986931
main_reliable_GRANT_O1000_N1_P0.5_B4_T1.0_S0_R5,60,0.5,190,0.0022668850014120473,-3.469446951953614e-18,0.000628428719284117,1,0.00013232800797625607,6,0.0018430087896695244
main_reliable_GRANT_O1000_N1_P0.5_B4_T1.0_S0_R5,60,0.75,190,0.0025124284374482206,-3.469446951953614e-18,0.0006126618105861491,0,0.0,6,0.0015784514988202783
main_reliable_GRANT_O1000_N1_P0.5_B4_T1.0_S0_R5,65,0.5,190,0.002387331227260609,-6.938893903907228e-18,0.0006627123014086859,1,3.1483524347432346e-05,6,0.0019397678092853143
main_reliable_GRANT_O1000_N1_P0.5_B4_T1.0_S0_R5,65,0.75,190,0.0026402673261668452,-3.469446951953614e-18,0.0006445697385457002,0,0.0,6,0.0016551751031041381
main_reliable_GRANT_O1000_N1_P0.5_B4_T1.0_S0_R5,70,0.5,190,0.0023045893737954036,0.0,0.0006391567270890116,1,0.0001003616623138498,6,0.0018735185019474396
main_reliable_GRANT_O1000_N1_P0.5_B4_T1.0_S0_R5,70,0.75,190,0.0025524470023677234,0.0,0.0006226448736174841,0,0.0,6,0.001602684319656253
main_reliable_GRANT_O1000_N1_P0.5_B4_T1.0_S0_R5,75,0.5,190,0.00370325994596514,0.0,0.0010419254947082106,0,0.0,6,0.002985720809566522
main_reliable_GRANT_O1000_N1_P0.5_B4_T1.0_S0_R5,75,0.75,190,0.004017664148722698,0.0,0.000992874103805028,0,0.0,6,0.0024636976229861357
main_reliable_GRANT_O1000_N1_P0.5_B4_T1.0_S0_R5,80,0.5,190,0.0021642010586231733,3.469446951953614e-18,0.0005992623854161562,1,0.00021966789868548692,6,0.001760426171068502
main_reliable_GRANT_O1000_N1_P0.5_B4_T1.0_S0_R5,80,0.75,190,0.0024031552162784645,3.469446951953614e-18,0.0005854464158920944,0,0.0,6,0.0015126662560066978
main_reliable_GRANT_O1000_N1_P0.5_B4_T1.0_S0_R5,85,0.5,190,0.0023977569760014195,-6.938893903907228e-18,0.00066568197458343,1,2.2906778529542537e-05,6,0.0019480655103960715
main_reliable_GRANT_O1000_N1_P0.5_B4_T1.0_S0_R5,85,0.75,190,0.0026513299204122716,-3.469446951953614e-18,0.0006473334280846666,0,0.0,6,0.0016617373162622767
main_reliable_GRANT_O1000_N1_P0.5_B4_T1.0_S0_R5,90,0.5,190,0.0038431063444028107,0.0,0.0010826996126359503,0,0.0,6,0.0030959070884155407
main_reliable_GRANT_O1000_N1_P0.5_B4_T1.0_S0_R5,90,0.75,190,0.004162236877421687,0.0,0.0010299002835479313,0,0.0,6,0.0025469531607692705
main_reliable_GRANT_O1000_N1_P0.5_B4_T1.0_S0_R5,95,0.5,190,0.0026113582238770083,0.0,0.0007266740527339116,0,0.0,6,0.0021190838272374737
main_reliable_GRANT_O1000_N1_P0.5_B4_T1.0_S0_R5,95,0.75,190,0.002877194215236887,0.0,0.0007038949780907237,0,0.0,6,0.0017964005151698964
main_reliable_GRANT_O1000_N1_P0.5_B4_T1.0_S0_R5,100,0.5,190,0.0035678692362288086,3.469446951953614e-18,0.0010025339039697366,0,0.0,6,0.0028788832844509477
main_reliable_GRANT_O1000_N1_P0.5_B4_T1.0_S0_R5,100,0.75,190,0.0038774002212516832,0.0,0.0009570347328590031,0,0.0,6,0.002382657644183897
main_reliable_GRANT_O1000_N1_P0.5_B4_T1.0_S0_R5,105,0.5,190,0.004005882752335432,0.0,0.0011302734863067189,0,0.0,19,0.00322412595892993
main_reliable_GRANT_O1000_N1_P0.5_B4_T1.0_S0_R5,105,0.75,190,0.004330094687788583,0.0,0.0010730027465800014,1,6.190610353129164e-05,19,0.002643432589663826
main_reliable_GRANT_O1000_N1_P0.5_B4_T1.0_S0_R5,110,0.5,190,0.005027451772060432,6.938893903907228e-18,0.001431381107328345,0,0.0,19,0.004022889548172079
main_reliable_GRANT_O1000_N1_P0.5_B4_T1.0_S0_R5,110,0.75,190,0.0053753348758389975,6.938893903907228e-18,0.001343940043673959,1,0.0007039092118231276,19,0.003235598393611802
main_reliable_GRANT_O1000_N1_P0.5_B4_T1.0_S0_R5,115,0.5,190,0.004635621887850765,0.0,0.0013153722910861482,0,0.0,19,0.003717355954389226
main_reliable_GRANT_O1000_N1_P0.5_B4_T1.0_S0_R5,115,0.75,190,0.0049760842362175026,0.0,0.0012399317726638059,1,0.0004597352216899296,19,0.0030108012654190067
main_reliable_GRANT_O1000_N1_P0.5_B4_T1.0_S0_R5,120,0.5,190,0.002224715973850745,6.938893903907228e-18,0.0006164442663003513,1,0.00016803175617007698,19,0.0018091114139517292
main_reliable_GRANT_O1000_N1_P0.5_B4_T1.0_S0_R5,120,0.75,190,0.0024675848267482862,3.469446951953614e-18,0.0006014866643665919,0,0.0,19,0.0015514832596630612
main_reliable_GRANT_O1000_N1_P0.5_B4_T1.0_S0_R5,125,0.5,190,0.0022189524261450565,-6.938893903907228e-18,0.0006148069946654769,1,0.0001729291898051287,19,0.0018044766190834297
main_reliable_GRANT_O1000_N1_P0.5_B4_T1.0_S0_R5,125,0.75,190,0.002461452345420754,-3.469446951953614e-18,0.0005999591339308346,0,0.0,19,0.0015477921913772189
main_reliable_GRANT_O1000_N1_P0.5_B4_T1.0_S0_R5,130,0.5,190,0.00464302693973824,0.0,0.001317558855615711,0,0.0,19,0.0037231401479613235
main_reliable_GRANT_O1000_N1_P0.5_B4_T1.0_S0_R5,130,0.75,190,0.004983647701869022,0.0,0.001241896244163632,1,0.0004643726506930908,19,0.003015075881963966
main_reliable_GRANT_O1000_N1_P0.5_B4_T1.0_S0_R5,135,0.5,190,0.004853100705380385,0.0,0.0013796836507889662,0,0.0,19,0.0038870692892072345
main_reliable_GRANT_O1000_N1_P0.5_B4_T1.0_S0_R5,135,0.75,190,0.005197920686869632,0.0,0.0012976442678678574,1,0.000595558269962302,19,0.003135916061007174
main_reliable_GRANT_O1000_N1_P0.5_B4_T1.0_S0_R5,140,0.5,190,0.004254418374464122,0.0,0.001203120517431452,0,0.0,19,0.0034190456509563816
main_reliable_GRANT_O1000_N1_P0.5_B4_T1.0_S0_R5,140,0.75,190,0.004585731724669473,0.0,0.0011388566382111536,1,0.00021971554819631353,19,0.002789307270964561
main_reliable_GRANT_O1000_N1_P0.5_B4_T1.0_S0_R5,145,0.5,190,0.009273371577713692,1.3877787807814457e-17,0.0027252885577087054,1,0.0011598852684141792,63,0.007278254020092287
main_reliable_GRANT_O1000_N1_P0.5_B4_T1.0_S0_R5,145,0.75,190,0.00960241341317105,6.938893903907228e-18,0.002481566527342161,1,0.003239827902621256,63,0.005530545174855447
main_reliable_GRANT_O1000_N1_P0.5_B4_T1.0_S0_R5,150,0.5,190,0.009532664939394225,6.938893903907228e-18,0.0028063090905299437,1,0.001260064854032808,6,0.007474389729257708
main_reliable_GRANT_O1000_N1_P0.5_B4_T1.0_S0_R5,150,0.75,190,0.009855862870483262,6.938893903907228e-18,0.0025517629214173846,1,0.0033900972810492133,6,0.005664131515034004
main_reliable_GRANT_O1000_N1_P0.5_B4_T1.0_S0_R5,155,0.5,190,0.004408389872320381,6.938893903907228e-18,0.0012483863431841508,0,0.0,6,0.0035396668627557595
main_reliable_GRANT_O1000_N1_P0.5_B4_T1.0_S0_R5,155,0.75,190,0.004743637034905487,6.938893903907228e-18,0.001179669591185646,1,0.00031697410935739925,6,0.0028791168995108904
main_reliable_GRANT_O1000_N1_P0.5_B4_T1.0_S0_R5,160,0.5,190,0.0021680951444610318,-6.938893903907228e-18,0.0006003674379524896,1,0.00021633068382483772,6,0.0017635604848203548
main_reliable_GRANT_O1000_N1_P0.5_B4_T1.0_S0_R5,160,0.75,190,0.002407303958165876,-3.469446951953614e-18,0.0005864787157848888,0,0.0,6,0.0015151682717812268
main_reliable_GRANT_O1000_N1_P0.5_B4_T1.0_S0_R5,165,0.5,190,0.004994117400248868,0.0,0.001421487493914443,0,0.0,6,0.003996937933846735
main_reliable_GRANT_O1000_N1_P0.5_B4_T1.0_S0_R5,165,0.75,190,0.005341443822782139,0.0,0.0013350866923668694,1,0.0006832291485041504,6,0.0032165817536026625
main_reliable_GRANT_O1000_N1_P0.5_B4_T1.0_S0_R5,170,0.5,190,0.004919300875957773,0.0,0.0013992983741569975,0,0.0,6,0.003938664007346333
main_reliable_GRANT_O1000_N1_P0.5_B4_T1.0_S0_R5,170,0.75,190,0.005265328219988121,0.0,0.0013152194873342923,1,0.000636753276177196,6,0.003173828789749325
main_reliable_GRANT_O1000_N1_P0.5_B4_T1.0_S0_R5,175,0.5,190,0.004782731512080661,0.0,0.0013588532810617706,0,0.0,6,0.003832192000006264
main_reliable_GRANT_O1000_N1_P0.5_B4_T1.0_S0_R5,175,0.75,190,0.0051262077140618,-6.938893903907228e-18,0.00127896620617855,1,0.0005516937032189438,6,0.003095528596155972
main_reliable_GRANT_O1000_N1_P0.5_B4_T1.0_S0_R5,180,0.5,190,0.004994798959015563,0.0,0.001421689735059592,0,0.0,6,0.003997468619004102
main_reliable_GRANT_O1000_N1_P0.5_B4_T1.0_S0_R5,180,0.75,190,0.005342136899453186,0.0,0.0013352676994462817,1,0.000683652142239418,6,0.0032169707659765387
main_reliable_GRANT_O1000_N1_P0.5_B4_T1.0_S0_R5,185,0.5,190,0.004511478901040283,0.0,0.0012787492911189332,0,0.0,6,0.0036203267587883586
main_reliable_GRANT_O1000_N1_P0.5_B4_T1.0_S0_R5,185,0.75,190,0.004849177780606343,0.0,0.0012070042664070225,1,0.00038185210421166557,6,0.0029389828556656075
main_reliable_GRANT_O1000_N1_P0.5_B4_T1.0_S0_R5,190,0.5,190,0.00502948335656675,0.0,0.0014319842247964337,0,0.0,6,0.004024470943341067
main_reliable_GRANT_O1000_N1_P0.5_B4_T1.0_S0_R5,190,0.75,190,0.005377399949773248,0.0,0.001344479648094844,1,0.0007051690353348274,6,0.0032367567440926698
main_reliable_GRANT_O1000_N1_P0.5_B4_T1.0_S0_R5,195,0.5,190,0.002400295609729708,0.0,0.0006664068195714664,1,2.07386136916142e-05,63,0.0019501648161939708
main_reliable_GRANT_O1000_N1_P0.5_B4_T1.0_S0_R5,195,0.75,190,0.0026540084057881212,0.0,0.0006480036904058444,0,0.0,63,0.0016633971191553007
main_reliable_GRANT_O1000_N2_P0.5_B4_T1.0_S0_R5,0,0.5,190,0.10952553672496956,-2.7755575615628914e-17,0.04262913597395955,1,0.030969473909636072,134,0.050642954977616436
main_reliable_GRANT_O1000_N2_P0.5_B4_T1.0_S0_R5,0,0.75,190,0.09848430488088349,-2.7755575615628914e-17,0.03417363129624187,1,0.026480917729748324,134,0.02233584918237593
main_reliable_GRANT_O1000_N2_P0.5_B4_T1.0_S0_R5,5,0.5,190,0.003760478575341418,-1.0408340855860843e-17,0.0010585978426925638,0,0.0,19,0.003030824148188005
main_reliable_GRANT_O1000_N2_P0.5_B4_T1.0_S0_R5,5,0.75,190,0.004076853748614207,-6.938893903907228e-18,0.0010080225087435934,0,0.0,19,0.0024978164634175334
main_reliable_GRANT_O1000_N2_P0.5_B4_T1.0_S0_R5,10,0.5,190,0.002008572913441184,0.0,0.0005551655646739731,1,0.0003547504213307316,19,0.0016349940284777487
main_reliable_GRANT_O1000_N2_P0.5_B4_T1.0_S0_R5,10,0.75,190,0.002237031506098143,0.0,0.0005441748177179833,0,0.0,19,0.0014121885232788803
main_reliable_GRANT_O1000_N2_P0.5_B4_T1.0_S0_R5,15,0.5,190,0.002331855721458175,0.0,0.0006469163267434208,1,7.751670050669748e-05,19,0.0018954147362294088
main_reliable_GRANT_O1000_N2_P0.5_B4_T1.0_S0_R5,15,0.75,190,0.002581394340652507,0.0,0.0006298686677998015,0,0.0,19,0.0016200525481155775
main_reliable_GRANT_O1000_N2_P0.5_B4_T1.0_S0_R5,20,0.5,190,0.0037661791127474795,0.0,0.0010602596638889241,0,0.0,19,0.003035316134777366
main_reliable_GRANT_O1000_N2_P0.5_B4_T1.0_S0_R5,20,0.75,190,0.004082747809688883,-3.469446951953614e-18,0.001009531775278168,0,0.0,19,0.0025012114718583126
main_reliable_GRANT_O1000_N2_P0.5_B4_T1.0_S0_R5,25,0.5,190,0.0065939841083315215,0.0,0.001901215761009825,1,0.00010632785169563397,63,0.00523474407775304
main_reliable_GRANT_O1000_N2_P0.5_B4_T1.0_S0_R5,25,0.75,190,0.006954007980373253,6.938893903907228e-18,0.0017612238853173697,1,0.0016594917775434453,63,0.004109279080264108
main_reliable_GRANT_O1000_N2_P0.5_B4_T1.0_S0_R5,30,0.5,190,0.00973446828448278,-1.3877787807814457e-17,0.002869523301939345,1,0.0013379296930609089,6,0.007627013150537459
main_reliable_GRANT_O1000_N2_P0.5_B4_T1.0_S0_R5,30,0.75,190,0.0100527634532235,-6.938893903907228e-18,0.0026064526377333396,1,0.0035068945395913542,6,0.00576777833931813
main_reliable_GRANT_O1000_N2_P0.5_B4_T1.0_S0_R5,35,0.5,190,0.0023491862503506183,0.0,0.0006518456917461919,1,6.327807286967899e-05,6,0.0019091007238099672
main_reliable_GRANT_O1000_N2_P0.5_B4_T1.0_S0_R5,35,0.75,190,0.0025998263347390346,3.469446951953614e-18,0.0006344674293985826,0,0.0,6,0.0016308986069142606
main_reliable_GRANT_O1000_N2_P0.5_B4_T1.0_S0_R5,40,0.5,190,0.004977150247859732,0.0,0.0014164533808562825,0,0.0,6,0.003983725709387181
main_reliable_GRANT_O1000_N2_P0.5_B4_T1.0_S0_R5,40,0.75,190,0.005324188101887312,0.0,0.0013305807176488102,1,0.0006726966244867301,6,0.003206894792363739
main_reliable_GRANT_O1000_N2_P0.5_B4_T1.0_S0_R5,45,0.5,190,0.0022891707501903474,0.0,0.0006347661238372826,1,0.00011354893754107406,6,0.0018609138360907648
main_reliable_GRANT_O1000_N2_P0.5_B4_T1.0_S0_R5,45,0.75,190,0.002536110247023989,0.0,0.0006185670105677835,0,0.0,6,0.001592677451217099
main_reliable_GRANT_O1000_N2_P0.5_B4_T1.0_S0_R5,50,0.5,190,0.0023850226244612853,-3.469446951953614e-18,0.0006620531721755861,1,3.346482180526661e-05,6,0.0019378524855948182
main_reliable_GRANT_O1000_N2_P0.5_B4_T1.0_S0_R5,50,0.75,190,0.002637831934637694,-3.469446951953614e-18,0.0006439603842585704,0,0.0,6,0.0016536599914169017
main_reliable_GRANT_O1000_N2_P0.5_B4_T1.0_S0_R5,55,0.5,190,0.0025051983043374616,0.0,0.0006963318839527204,0,0.0,6,0.002034155462354831
main_reliable_GRANT_O1000_N2_P0.5_B4_T1.0_S0_R5,55,0.75,190,0.0027650666116675916,0.0,0.0006757874780020198,0,0.0,6,0.0017296641736840104
main_reliable_GRANT_O1000_N2_P0.5_B4_T1.0_S0_R5,60,0.5,190,0.0022668850014120334,0.0,0.0006284287192841183,1,0.00013232800797625607,6,0.0018430087896695244
main_reliable_GRANT_O1000_N2_P0.5_B4_T1.0_S0_R5,60,0.75,190,0.002512428437448217,0.0,0.0006126618105861487,0,0.0,6,0.0015784514988202783
main_reliable_GRANT_O1000_N2_P0.5_B4_T1.0_S0_R5,65,0.5,190,0.002387410601125191,-3.469446951953614e-18,0.0006627335901000227,1,3.148352434742541e-05,6,0.0019397678092853143
main_reliable_GRANT_O1000_N2_P0.5_B4_T1.0_S0_R5,65,0.75,190,0.0026403633959434895,-3.469446951953614e-18,0.0006445929154273854,0,0.0,6,0.0016551751031041312
main_reliable_GRANT_O1000_N2_P0.5_B4_T1.0_S0_R5,70,0.5,190,0.002304864055206357,-3.469446951953614e-18,0.0006392303983440879,1,0.00010036166231384633,6,0.0018735185019474326
main_reliable_GRANT_O1000_N2_P0.5_B4_T1.0_S0_R5,70,0.75,190,0.002552779481609462,0.0,0.0006227250860870174,0,0.0,6,0.001602684319656253
main_reliable_GRANT_O1000_N2_P0.5_B4_T1.0_S0_R5,75,0.5,190,0.0037032599545836486,-3.469446951953614e-18,0.001041925497019767,0,0.0,6,0.002985720809566522
main_reliable_GRANT_O1000_N2_P0.5_B4_T1.0_S0_R5,75,0.75,190,0.004017664159153819,0.0,0.0009928741063215194,0,0.0,6,0.0024636976229861357
main_reliable_GRANT_O1000_N2_P0.5_B4_T1.0_S0_R5,80,0.5,190,0.0021642010586231768,-6.938893903907228e-18,0.0005992623854161532,1,0.0002196678986854904,6,0.001760426171068502
main_reliable_GRANT_O1000_N2_P0.5_B4_T1.0_S0_R5,80,0.75,190,0.0024031552162784645,-3.469446951953614e-18,0.0005854464158920921,0,0.0,6,0.0015126662560066978
main_reliable_GRANT_O1000_N2_P0.5_B4_T1.0_S0_R5,85,0.5,190,0.0023977569760014195,-6.938893903907228e-18,0.00066568197458343,1,2.2906778529542537e-05,6,0.0019480655103960715
main_reliable_GRANT_O1000_N2_P0.5_B4_T1.0_S0_R5,85,0.75,190,0.0026513299204122716,-3.469446951953614e-18,0.0006473334280846666,0,0.0,6,0.0016617373162622767
main_reliable_GRANT_O1000_N2_P0.5_B4_T1.0_S0_R5,90,0.5,190,0.0038431063444028107,0.0,0.0010826996126359503,0,0.0,6,0.0030959070884155407
main_reliable_GRANT_O1000_N2_P0.5_B4_T1.0_S0_R5,90,0.75,190,0.004162236877421687,0.0,0.0010299002835479313,0,0.0,6,0.0025469531607692705
main_reliable_GRANT_O1000_N2_P0.5_B4_T1.0_S0_R5,95,0.5,190,0.0026113582238770083,0.0,0.0007266740527339116,0,0.0,6,0.0021190838272374737
main_reliable_GRANT_O1000_N2_P0.5_B4_T1.0_S0_R5,95,0.75,190,0.002877194215236887,0.0,0.0007038949780907237,0,0.0,6,0.0017964005151698964
main_reliable_GRANT_O1000_N2_P0.5_B4_T1.0_S0_R5,100,0.5,190,0.0035707330507674592,3.469446951953614e-18,0.0010033662670509002,0,0.0,6,0.0028811448181785687
main_reliable_GRANT_O1000_N2_P0.5_B4_T1.0_S0_R5,100,0.75,190,0.0038803702107069148,0.0,0.0009577927523508173,0,0.0,6,0.0023843763750437813
main_reliable_GRANT_O1000_N2_P0.5_B4_T1.0_S0_R5,105,0.5,190,0.004005882954494666,0.0,0.0011302735405267995,0,0.0,19,0.00322412595892993
main_reliable_GRANT_O1000_N2_P0.5_B4_T1.0_S0_R5,105,0.75,190,0.004330094932498151,0.0,0.0010730028056186033,1,6.190610353129164e-05,19,0.002643432589663826
main_reliable_GRANT_O1000_N2_P0.5_B4_T1.0_S0_R5,110,0.5,190,0.005027451772060446,0.0,0.0014313811073283422,0,0.0,19,0.004022889548172072
main_reliable_GRANT_O1000_N2_P0.5_B4_T1.0_S0_R5,110,0.75,190,0.005375334875839008,6.938893903907228e-18,0.0013439400436739588,1,0.0007039092118231276,19,0.003235598393611795
main_reliable_GRANT_O1000_N2_P0.5_B4_T1.0_S0_R5,115,0.5,190,0.004635621887850765,0.0,0.0013153722910861482,0,0.0,19,0.003717355954389226
main_reliable_GRANT_O1000_N2_P0.5_B4_T1.0_S0_R5,115,0.75,190,0.0049760842362175026,0.0,0.0012399317726638059,1,0.0004597352216899296,19,0.0030108012654190067
main_reliable_GRANT_O1000_N2_P0.5_B4_T1.0_S0_R5,120,0.5,190,0.0022268351476563038,0.0,0.0006170463119020049,1,0.00016623210777596403,19,0.0018108154545552202
main_reliable_GRANT_O1000_N2_P0.5_B4_T1.0_S0_R5,120,0.75,190,0.0024698394464696717,0.0,0.0006020483065588773,0,0.0,19,0.001552840102710125
main_reliable_GRANT_O1000_N2_P0.5_B4_T1.0_S0_R5,125,0.5,190,0.002218952560259179,0.0,0.0006148070327617089,1,0.00017292907579535485,19,0.001804476726937232
main_reliable_GRANT_O1000_N2_P0.5_B4_T1.0_S0_R5,125,0.75,190,0.0024614524881292413,0.0,0.0005999591694759143,0,0.0,19,0.0015477922772804756
main_reliable_GRANT_O1000_N2_P0.5_B4_T1.0_S0_R5,130,0.5,190,0.004643026940263237,0.0,0.0013175588557707413,0,0.0,19,0.0037231401483713983
main_reliable_GRANT_O1000_N2_P0.5_B4_T1.0_S0_R5,130,0.75,190,0.004983647702405218,0.0,0.00124189624430291,1,0.00046437265102183475,19,0.0030150758822669946
main_reliable_GRANT_O1000_N2_P0.5_B4_T1.0_S0_R5,135,0.5,190,0.00488329350834265,0.0,0.0013886273885871012,0,0.0,19,0.003910604536549782
main_reliable_GRANT_O1000_N2_P0.5_B4_T1.0_S0_R5,135,0.75,190,0.00522867093610763,0.0,0.0013056595801388179,1,0.0006143550600987251,19,0.003153217221744997
main_reliable_GRANT_O1000_N2_P0.5_B4_T1.0_S0_R5,140,0.5,190,0.00425449086451872,-6.938893903907228e-18,0.001203141804938263,0,0.0,19,0.003419102482436577
main_reliable_GRANT_O1000_N2_P0.5_B4_T1.0_S0_R5,140,0.75,190,0.00458580614478318,-6.938893903907228e-18,0.0011388758493858714,1,0.00021976144157359254,19,0.002789349666988794
main_reliable_GRANT_O1000_N2_P0.5_B4_T1.0_S0_R5,145,0.5,190,0.00927337157771374,0.0,0.0027252885577087197,1,0.0011598852684141653,63,0.007278254020092287
main_reliable_GRANT_O1000_N2_P0.5_B4_T1.0_S0_R5,145,0.75,190,0.009602413413171126,0.0,0.002481566527342177,1,0.003239827902621256,63,0.0055305451748554404
main_reliable_GRANT_O1000_N2_P0.5_B4_T1.0_S0_R5,150,0.5,190,0.009532664939394225,6.938893903907228e-18,0.0028063090905299437,1,0.001260064854032808,6,0.007474389729257708
main_reliable_GRANT_O1000_N2_P0.5_B4_T1.0_S0_R5,150,0.75,190,0.009855862870483262,6.938893903907228e-18,0.0025517629214173846,1,0.0033900972810492133,6,0.005664131515034004
main_reliable_GRANT_O1000_N2_P0.5_B4_T1.0_S0_R5,155,0.5,190,0.004408389872320381,6.938893903907228e-18,0.0012483863431841508,0,0.0,6,0.0035396668627557595
main_reliable_GRANT_O1000_N2_P0.5_B4_T1.0_S0_R5,155,0.75,190,0.004743637034905487,6.938893903907228e-18,0.001179669591185646,1,0.00031697410935739925,6,0.0028791168995108904
main_reliable_GRANT_O1000_N2_P0.5_B4_T1.0_S0_R5,160,0.5,190,0.0021701586157166428,1.0408340855860843e-17,0.0006009530367754602,1,0.000214563114008047,6,0.001765221272205117
main_reliable_GRANT_O1000_N2_P0.5_B4_T1.0_S0_R5,160,0.75,190,0.0024095022170087764,6.938893903907228e-18,0.0005870257231634583,0,0.0,6,0.0015164938526348246
main_reliable_GRANT_O1000_N2_P0.5_B4_T1.0_S0_R5,165,0.5,190,0.004994126733121655,0.0,0.0014214902632754074,0,0.0,6,0.0039969452007645526
main_reliable_GRANT_O1000_N2_P0.5_B4_T1.0_S0_R5,165,0.75,190,0.005341453313412868,0.0,0.0013350891709707406,1,0.0006832349407835878,6,0.0032165870805691277
main_reliable_GRANT_O1000_N2_P0.5_B4_T1.0_S0_R5,170,0.5,190,0.004890446857468832,0.0,0.001390746904460106,0,0.0,6,0.003916179652882705
main_reliable_GRANT_O1000_N2_P0.5_B4_T1.0_S0_R5,170,0.75,190,0.005235954682276639,0.0,0.001307558697482381,1,0.0006188063731029265,6,0.0031573138522431113
main_reliable_GRANT_O1000_N2_P0.5_B4_T1.0_S0_R5,175,0.5,190,0.004809811610648272,0.0,0.0013668670107115472,0,0.0,6,0.003853314459424266
main_reliable_GRANT_O1000_N2_P0.5_B4_T1.0_S0_R5,175,0.75,190,0.005153812353563214,0.0,0.0012861535849728423,1,0.0005685833372693384,6,0.0031110815673037473
main_reliable_GRANT_O1000_N2_P0.5_B4_T1.0_S0_R5,180,0.5,190,0.005026116795486722,0.0,0.0014309848012362722,0,0.0,6,0.004021850380491555
main_reliable_GRANT_O1000_N2_P0.5_B4_T1.0_S0_R5,180,0.75,190,0.005373977865741956,0.0,0.001343585465635732,1,0.0007030813342022192,6,0.0032348371891184613
main_reliable_GRANT_O1000_N2_P0.5_B4_T1.0_S0_R5,185,0.5,190,0.0045116167912598315,0.0,0.001278789933973176,0,0.0,6,0.0036204345953130407
main_reliable_GRANT_O1000_N2_P0.5_B4_T1.0_S0_R5,185,0.75,190,0.004849318854073151,0.0,0.0012070408339004462,1,0.0003819387587249458,6,0.0029390627919176
main_reliable_GRANT_O1000_N2_P0.5_B4_T1.0_S0_R5,190,0.5,190,0.005029404770252134,0.0,0.0014319631697687183,0,0.0,6,0.004024471552568548
main_reliable_GRANT_O1000_N2_P0.5_B4_T1.0_S0_R5,190,0.75,190,0.0053773046814656646,0.0,0.0013444566805220263,1,0.0007051695206702832,6,0.0032367571903335127
main_reliable_GRANT_O1000_N2_P0.5_B4_T1.0_S0_R5,195,0.5,190,0.0024002954498064874,0.0,0.0006664067739920416,1,2.0738746118333096e-05,63,0.0019501646879523035
main_reliable_GRANT_O1000_N2_P0.5_B4_T1.0_S0_R5,195,0.75,190,0.00265400823630808,0.0,0.0006480036480468996,0,0.0,63,0.0016633970177670973
main_reliable_GOQ_O1000_N1_P0.2_B4_T0.4_S0_R5,0,0.5,190,0.10952553672496956,-2.7755575615628914e-17,0.04262913597395955,1,0.030969473909636072,19,0.07757667138697191
main_reliable_GOQ_O1000_N1_P0.2_B4_T0.4_S0_R5,0,0.75,190,0.09848430488088349,-2.7755575615628914e-17,0.03417363129624187,1,0.026480917729748324,19,0.04532261542112731
main_reliable_GOQ_O1000_N1_P0.2_B4_T0.4_S0_R5,10,0.5,190,0.007360617222760664,0.0,0.00213446702648528,1,0.0004116384555445385,19,0.005822764169090701
main_reliable_GOQ_O1000_N1_P0.2_B4_T0.4_S0_R5,10,0.75,190,0.0077177646059175264,0.0,0.0019664243053133215,1,0.002117457683316816,19,0.004524242752261834
main_reliable_GOQ_O1000_N1_P0.2_B4_T0.4_S0_R5,20,0.5,190,0.0037661902379631587,-3.469446951953614e-18,0.0010602629199304174,0,0.0,19,0.0030353253293415594
main_reliable_GOQ_O1000_N1_P0.2_B4_T0.4_S0_R5,20,0.75,190,0.004082759216211502,-3.469446951953614e-18,0.0010095347059911614,0,0.0,19,0.0025012184204842303
main_reliable_GOQ_O1000_N1_P0.2_B4_T0.4_S0_R5,30,0.5,190,0.0026207187523636065,-3.469446951953614e-18,0.0007293535501140393,0,0.0,0,-3.469446951953614e-18
main_reliable_GOQ_O1000_N1_P0.2_B4_T0.4_S0_R5,30,0.75,190,0.0028870572001771858,-3.469446951953614e-18,0.0007063709314547084,0,0.0,0,-3.469446951953614e-18
main_reliable_GOQ_O1000_N1_P0.2_B4_T0.4_S0_R5,40,0.5,190,0.005072445278988633,0.0,0.0014447422452793595,0,0.0,66,0.004073704719690138
main_reliable_GOQ_O1000_N1_P0.2_B4_T0.4_S0_R5,40,0.75,190,0.005421058330825991,0.0,0.0013558915098304343,1,0.0007317962672406253,66,0.003277333899224688
main_reliable_GOQ_O1000_N1_P0.2_B4_T0.4_S0_R5,50,0.5,190,0.005278934449950437,0.0,0.0015061729519257672,0,0.0,22,0.004234451710022048
main_reliable_GOQ_O1000_N1_P0.2_B4_T0.4_S0_R5,50,0.75,190,0.005630531657275974,0.0,0.0014107564279953358,1,0.0008595766449883378,22,0.003394701351793171
main_reliable_GOQ_O1000_N1_P0.2_B4_T0.4_S0_R5,60,0.5,190,0.002676455731733831,3.469446951953614e-18,0.0007453129963768658,0,0.0,0,3.469446951953614e-18
main_reliable_GOQ_O1000_N1_P0.2_B4_T0.4_S0_R5,60,0.75,190,0.0029457878436854566,3.469446951953614e-18,0.000721120217275829,0,0.0,0,3.469446951953614e-18
main_reliable_GOQ_O1000_N1_P0.2_B4_T0.4_S0_R5,70,0.5,190,0.005063552697291043,0.0,0.001442100893244908,0,0.0,66,0.004066785193184236
main_reliable_GOQ_O1000_N1_P0.2_B4_T0.4_S0_R5,70,0.75,190,0.005412023368233324,0.0,0.0013535292558693867,1,0.000726287178127661,66,0.0032722698270349695
main_reliable_GOQ_O1000_N1_P0.2_B4_T0.4_S0_R5,80,0.5,190,0.002526590493414093,-6.938893903907228e-18,0.0007024462729311416,0,0.0,0,-6.938893903907228e-18
main_reliable_GOQ_O1000_N1_P0.2_B4_T0.4_S0_R5,80,0.75,190,0.002787639353265311,-3.469446951953614e-18,0.0006814444849134667,0,0.0,0,-3.469446951953614e-18
main_reliable_GOQ_O1000_N1_P0.2_B4_T0.4_S0_R5,90,0.5,190,0.0038428268395197737,0.0,0.001082624647842489,0,0.0,22,0.0031117052867425943
main_reliable_GOQ_O1000_N1_P0.2_B4_T0.4_S0_R5,90,0.75,190,0.00416189855829191,0.0,0.0010298186622254679,0,0.0,22,0.002563051270558815
main_reliable_GOQ_O1000_N1_P0.2_B4_T0.4_S0_R5,100,0.5,190,0.010541165426174157,0.0,0.0031234443960666412,1,0.0016472979793737963,22,0.008250619231443337
main_reliable_GOQ_O1000_N1_P0.2_B4_T0.4_S0_R5,100,0.75,190,0.010837542668768844,0.0,0.002825633583092878,1,0.003970946969060689,22,0.006194113719386669
main_reliable_GOQ_O1000_N1_P0.2_B4_T0.4_S0_R5,110,0.5,190,0.00502711599750813,0.0,0.001431281429571475,0,0.0,19,0.00402262823655767
main_reliable_GOQ_O1000_N1_P0.2_B4_T0.4_S0_R5,110,0.75,190,0.0053749935465760845,0.0,0.0013438508577061988,1,0.0007037010333128084,19,0.0032354069814030315
main_reliable_GOQ_O1000_N1_P0.2_B4_T0.4_S0_R5,120,0.5,190,0.009012922934561435,0.0,0.002644124982713482,1,0.0010589870092783255,19,0.007080981352784538
main_reliable_GOQ_O1000_N1_P0.2_B4_T0.4_S0_R5,120,0.75,190,0.009347375623883249,0.0,0.002411146123382728,1,0.0030884805139174826,19,0.005395730332147415
main_reliable_GOQ_O1000_N1_P0.2_B4_T0.4_S0_R5,130,0.5,190,0.004643027018765497,0.0,0.0013175588789520992,0,0.0,19,0.003723140209688558
main_reliable_GOQ_O1000_N1_P0.2_B4_T0.4_S0_R5,130,0.75,190,0.004983647782583044,0.0,0.0012418962651288387,1,0.0004643727001791796,19,0.0030150759275774514
main_reliable_GOQ_O1000_N1_P0.2_B4_T0.4_S0_R5,140,0.5,190,0.004245062238815704,-6.938893903907228e-18,0.001200373173064236,0,0.0,19,0.003411710191848036
main_reliable_GOQ_O1000_N1_P0.2_B4_T0.4_S0_R5,140,0.75,190,0.0045761258565850775,-6.938893903907228e-18,0.001136377121000153,1,0.00021379135204969632,19,0.0027838343988518047
main_reliable_GOQ_O1000_N1_P0.2_B4_T0.4_S0_R5,150,0.5,190,0.005660813552976887,-6.938893903907228e-18,0.001620204435428124,0,0.0,22,0.004530461398227853
main_reliable_GOQ_O1000_N1_P0.2_B4_T0.4_S0_R5,150,0.75,190,0.006016777005549843,-6.938893903907228e-18,0.001512348137181724,1,0.001093912951694427,22,0.0036094996721370703
main_reliable_GOQ_O1000_N1_P0.2_B4_T0.4_S0_R5,160,0.5,190,0.0025857903725393927,-3.469446951953614e-18,0.0007193625173709905,0,0.0,0,-3.469446951953614e-18
main_reliable_GOQ_O1000_N1_P0.2_B4_T0.4_S0_R5,160,0.75,190,0.0028501996473877522,-3.469446951953614e-18,0.0006971239602278772,0,0.0,0,-3.469446951953614e-18
main_reliable_GOQ_O1000_N1_P0.2_B4_T0.4_S0_R5,170,0.5,190,0.004891928390453111,0.0,0.0013911859817704697,0,0.0,22,0.003933134615668216
main_reliable_GOQ_O1000_N1_P0.2_B4_T0.4_S0_R5,170,0.75,190,0.005237462612246738,0.0,0.0013079519567353807,1,0.0006197299026319096,22,0.003174261876773825
main_reliable_GOQ_O1000_N1_P0.2_B4_T0.4_S0_R5,180,0.5,190,0.004994518840471515,0.0,0.0014216145882307305,0,0.0,22,0.004013266340186082
main_reliable_GOQ_O1000_N1_P0.2_B4_T0.4_S0_R5,180,0.75,190,0.005341797955992933,0.0,0.0013351859151245098,1,0.000683651765646661,22,0.003233068525873635
main_reliable_GOQ_O1000_N1_P0.2_B4_T0.4_S0_R5,190,0.5,190,0.005029204115413237,0.0,0.0014319093306003623,0,0.0,66,0.004040269376458745
main_reliable_GOQ_O1000_N1_P0.2_B4_T0.4_S0_R5,190,0.75,190,0.005377061950867658,0.0,0.0013443981039351852,1,0.0007051690353253974,66,0.0032528550907705844
main_reliable_GOQ_O1000_N2_P0.2_B4_T0.4_S0_R5,0,0.5,190,0.10952553672496956,-2.7755575615628914e-17,0.04262913597395955,1,0.030969473909636072,19,0.07757667138697191
main_reliable_GOQ_O1000_N2_P0.2_B4_T0.4_S0_R5,0,0.75,190,0.09848430488088349,-2.7755575615628914e-17,0.03417363129624187,1,0.026480917729748324,19,0.04532261542112731
main_reliable_GOQ_O1000_N2_P0.2_B4_T0.4_S0_R5,10,0.5,190,0.007360617222760664,0.0,0.00213446702648528,1,0.0004116384555445385,19,0.005822764169090701
main_reliable_GOQ_O1000_N2_P0.2_B4_T0.4_S0_R5,10,0.75,190,0.0077177646059175264,0.0,0.0019664243053133215,1,0.002117457683316816,19,0.004524242752261834
main_reliable_GOQ_O1000_N2_P0.2_B4_T0.4_S0_R5,20,0.5,190,0.0037666325466051975,-6.938893903907228e-18,0.0010603918549589367,0,0.0,19,0.003035673418244067
main_reliable_GOQ_O1000_N2_P0.2_B4_T0.4_S0_R5,20,0.75,190,0.004083216616583431,-3.469446951953614e-18,0.0010096518266464452,0,0.0,19,0.0025014814807248695
main_reliable_GOQ_O1000_N2_P0.2_B4_T0.4_S0_R5,30,0.5,190,0.007125932533085744,0.0,0.002062842159106303,1,0.00031857738533376534,66,0.0056589119803520035
main_reliable_GOQ_O1000_N2_P0.2_B4_T0.4_S0_R5,30,0.75,190,0.007484504260862716,0.0,0.0019035321331188422,1,0.0019778660780006424,66,0.0044141231237531525
main_reliable_GOQ_O1000_N2_P0.2_B4_T0.4_S0_R5,40,0.5,190,0.010615157639378897,1.3877787807814457e-17,0.00314683651670716,1,0.0016755718289698449,66,0.0083062735826527
main_reliable_GOQ_O1000_N2_P0.2_B4_T0.4_S0_R5,40,0.75,190,0.010909319724303847,6.938893903907228e-18,0.002845780260532817,1,0.004013357743454779,66,0.006231482642787431
main_reliable_GOQ_O1000_N2_P0.2_B4_T0.4_S0_R5,50,0.5,190,0.0023847477436725675,-3.469446951953614e-18,0.00066197944760898,1,3.346481373162763e-05,0,-3.469446951953614e-18
main_reliable_GOQ_O1000_N2_P0.2_B4_T0.4_S0_R5,50,0.75,190,0.00263749921259758,-3.469446951953614e-18,0.0006438801133008653,0,0.0,0,-3.469446951953614e-18
main_reliable_GOQ_O1000_N2_P0.2_B4_T0.4_S0_R5,60,0.5,190,0.007905673595567035,0.0,0.002301569090573867,1,0.0006266963107646878,22,0.006254993253508069
main_reliable_GOQ_O1000_N2_P0.2_B4_T0.4_S0_R5,60,0.75,190,0.008257669478446993,0.0,0.0021127453076450016,1,0.002440044466147019,22,0.004831122070066446
main_reliable_GOQ_O1000_N2_P0.2_B4_T0.4_S0_R5,70,0.5,190,0.005009641941716783,0.0,0.0014260948621278738,0,0.0,66,0.0040248304152744885
main_reliable_GOQ_O1000_N2_P0.2_B4_T0.4_S0_R5,70,0.75,190,0.005357227580888867,0.0,0.0013392095345874586,1,0.0006928679107592907,66,0.0032415440184840327
main_reliable_GOQ_O1000_N2_P0.2_B4_T0.4_S0_R5,80,0.5,190,0.002163925074651879,0.0,0.0005991896501957044,1,0.00021959707946700088,0,0.0
main_reliable_GOQ_O1000_N2_P0.2_B4_T0.4_S0_R5,80,0.75,190,0.002402809189037309,0.0,0.0005853636005573354,0,0.0,0,0.0
main_reliable_GOQ_O1000_N2_P0.2_B4_T0.4_S0_R5,90,0.5,190,0.005238839225755028,0.0,0.0014942248206121797,0,0.0,22,0.0042030927103573895
main_reliable_GOQ_O1000_N2_P0.2_B4_T0.4_S0_R5,90,0.75,190,0.005589939350079426,0.0,0.001400105649333955,1,0.0008346774982200371,22,0.0033718463961656397
main_reliable_GOQ_O1000_N2_P0.2_B4_T0.4_S0_R5,100,0.5,190,0.00478656097838575,6.938893903907228e-18,0.0013599864101060271,0,0.0,22,0.0038509796806363017
main_reliable_GOQ_O1000_N2_P0.2_B4_T0.4_S0_R5,100,0.75,190,0.005130111444136717,6.938893903907228e-18,0.0012799824891176772,1,0.0005540843838004357,22,0.003113828584073698
main_reliable_GOQ_O1000_N2_P0.2_B4_T0.4_S0_R5,110,0.5,190,0.005078828817674068,0.0,0.0014466385389316388,0,0.0,19,0.004062873186248657
main_reliable_GOQ_O1000_N2_P0.2_B4_T0.4_S0_R5,110,0.75,190,0.005427543465565607,0.0,0.001357587293474307,1,0.0007357503252258084,19,0.0032648699680429966
main_reliable_GOQ_O1000_N2_P0.2_B4_T0.4_S0_R5,120,0.5,190,0.002232043365863516,1.0408340855860843e-17,0.0006185260389339768,1,0.00016181162033098925,19,0.001815003159110977
main_reliable_GOQ_O1000_N2_P0.2_B4_T0.4_S0_R5,120,0.75,190,0.0024753800782561057,6.938893903907228e-18,0.0006034286149732676,0,0.0,19,0.0015561740519848752
main_reliable_GOQ_O1000_N2_P0.2_B4_T0.4_S0_R5,130,0.5,190,0.004697417455496421,0.0,0.0013336262490161793,0,0.0,19,0.0037656133012503312
main_reliable_GOQ_O1000_N2_P0.2_B4_T0.4_S0_R5,130,0.75,190,0.005039179870858362,0.0,0.0012563266922057312,1,0.0004984069049214224,19,0.0030464414778191284
main_reliable_GOQ_O1000_N2_P0.2_B4_T0.4_S0_R5,140,0.5,190,0.004245062668492748,0.0,0.0012003732992264173,0,0.0,19,0.003411710528741868
main_reliable_GOQ_O1000_N2_P0.2_B4_T0.4_S0_R5,140,0.75,190,0.004576126297759435,0.0,0.0011363772348697912,1,0.0002137916241543615,19,0.0027838346502328387
main_reliable_GOQ_O1000_N2_P0.2_B4_T0.4_S0_R5,150,0.5,190,0.005660890417264398,-6.938893903907228e-18,0.0016202250510298163,0,0.0,22,0.004530461398227853
main_reliable_GOQ_O1000_N2_P0.2_B4_T0.4_S0_R5,150,0.75,190,0.006016870037936006,-6.938893903907228e-18,0.001512370581296856,1,0.001093912951694427,22,0.0036094996721370703
main_reliable_GOQ_O1000_N2_P0.2_B4_T0.4_S0_R5,160,0.5,190,0.0025858674375666274,1.0408340855860843e-17,0.0007193831868155666,0,0.0,0,1.0408340855860843e-17
main_reliable_GOQ_O1000_N2_P0.2_B4_T0.4_S0_R5,160,0.75,190,0.0028502929226087888,6.938893903907228e-18,0.0006971464629160948,0,0.0,0,6.938893903907228e-18
main_reliable_GOQ_O1000_N2_P0.2_B4_T0.4_S0_R5,170,0.5,190,0.009892991696872584,0.0,0.002919276076219759,1,0.0013990330979576637,66,0.007762443815008305
main_reliable_GOQ_O1000_N2_P0.2_B4_T0.4_S0_R5,170,0.75,190,0.01020722275562707,0.0,0.00264944869261249,1,0.003598549646936483,66,0.005864858364280592
main_reliable_GOQ_O1000_N2_P0.2_B4_T0.4_S0_R5,180,0.5,190,0.010651610510104055,-6.938893903907228e-18,0.00315838042288273,1,0.0016896010983349502,66,0.008333895163617197
main_reliable_GOQ_O1000_N2_P0.2_B4_T0.4_S0_R5,180,0.75,190,0.010944602186582393,0.0,0.0028557028962006054,1,0.004034401647502427,66,0.006250017319990753
main_reliable_GOQ_O1000_N2_P0.2_B4_T0.4_S0_R5,190,0.5,190,0.005029506737880517,6.938893903907228e-18,0.0014319911739434162,0,0.0,66,0.004040287789248913
main_reliable_GOQ_O1000_N2_P0.2_B4_T0.4_S0_R5,190,0.75,190,0.005377423663285495,6.938893903907228e-18,0.0013444858511685222,1,0.0007051837035081006,66,0.0032528685776496633
main_reliable_PRESCRIPTION_O1000_N1_P0.5_B8_T1.0_S0_R5,0,0.5,190,0.10952553672496956,-2.7755575615628914e-17,0.04262913597395955,1,0.030969473909636072,134,0.050642954977616436
main_reliable_PRESCRIPTION_O1000_N1_P0.5_B8_T1.0_S0_R5,0,0.75,190,0.09848430488088349,-2.7755575615628914e-17,0.03417363129624187,1,0.026480917729748324,134,0.02233584918237593
main_reliable_PRESCRIPTION_O1000_N1_P0.5_B8_T1.0_S0_R5,10,0.5,190,0.00738038386115706,-6.938893903907228e-18,0.002140508844539647,1,0.00041946484151184765,15,0.007344561108352986
main_reliable_PRESCRIPTION_O1000_N1_P0.5_B8_T1.0_S0_R5,10,0.75,190,0.007737388214523126,-6.938893903907228e-18,0.001971724365391306,1,0.0021291972622677693,15,0.0076936755185002155
main_reliable_PRESCRIPTION_O1000_N1_P0.5_B8_T1.0_S0_R5,20,0.5,190,0.005084132189682712,0.0,0.0014482140846297628,0,0.0,15,0.005048309436878642
main_reliable_PRESCRIPTION_O1000_N1_P0.5_B8_T1.0_S0_R5,20,0.75,190,0.005432930856517772,0.0,0.0013589961572075815,1,0.0007390348970525741,15,0.005389218160494872
main_reliable_PRESCRIPTION_O1000_N1_P0.5_B8_T1.0_S0_R5,30,0.5,190,0.007287304708037082,0.0,0.0021120705208876665,1,0.0003825917422614622,5,0.007251481961851245
main_reliable_PRESCRIPTION_O1000_N1_P0.5_B8_T1.0_S0_R5,30,0.75,190,0.007644953451429619,0.0,0.0019467710476917006,1,0.0020738876133921877,5,0.007601240763416877
main_reliable_PRESCRIPTION_O1000_N1_P0.5_B8_T1.0_S0_R5,40,0.5,190,0.011847044608073266,-6.938893903907228e-18,0.0035387099132119654,1,0.002143792931457493,5,0.011811221855269192
main_reliable_PRESCRIPTION_O1000_N1_P0.5_B8_T1.0_S0_R5,40,0.75,190,0.012099743806370418,-6.938893903907228e-18,0.003182276961285098,1,0.004715689397186244,5,0.012056031110347518
main_reliable_PRESCRIPTION_O1000_N1_P0.5_B8_T1.0_S0_R5,50,0.5,190,0.0023850230338637105,0.0,0.0006620532888261001,1,3.346448206861807e-05,5,0.0023492002810596366
main_reliable_PRESCRIPTION_O1000_N1_P0.5_B8_T1.0_S0_R5,50,0.75,190,0.0026378323686509254,0.0,0.0006439604927021443,0,0.0,5,0.0025941196726280286
main_reliable_PRESCRIPTION_O1000_N1_P0.5_B8_T1.0_S0_R5,60,0.5,190,0.002266895667679708,6.938893903907228e-18,0.0006284317518285195,1,0.0001323190053217349,5,0.0022310729148756377
main_reliable_PRESCRIPTION_O1000_N1_P0.5_B8_T1.0_S0_R5,60,0.75,190,0.0025124397747566564,3.469446951953614e-18,0.0006126646370114052,0,0.0,5,0.0024687270787337526
main_reliable_PRESCRIPTION_O1000_N1_P0.5_B8_T1.0_S0_R5,70,0.5,190,0.0023048640552063952,0.0,0.0006392303983441033,1,0.00010036166231380816,5,0.0022690413024023214
main_reliable_PRESCRIPTION_O1000_N1_P0.5_B8_T1.0_S0_R5,70,0.75,190,0.0025527794816095108,0.0,0.0006227250860870299,0,0.0,5,0.002509066785586614
main_reliable_PRESCRIPTION_O1000_N1_P0.5_B8_T1.0_S0_R5,80,0.5,190,0.002164236798822109,0.0,0.0005992725272989351,1,0.00021963726031817843,5,0.0021284140460180317
main_reliable_PRESCRIPTION_O1000_N1_P0.5_B8_T1.0_S0_R5,80,0.75,190,0.0024031932954609904,0.0,0.0005854558904937909,0,0.0,5,0.00235948059943809
main_reliable_PRESCRIPTION_O1000_N1_P0.5_B8_T1.0_S0_R5,90,0.5,190,0.005179689666320403,0.0,0.001476621967819488,0,0.0,5,0.0051438669135163324
main_reliable_PRESCRIPTION_O1000_N1_P0.5_B8_T1.0_S0_R5,90,0.75,190,0.005529944478106744,0.0,0.0013843857255539291,1,0.0007981472180767467,5,0.005486231782083836
main_reliable_PRESCRIPTION_O1000_N1_P0.5_B8_T1.0_S0_R5,100,0.5,190,0.004785575843484352,0.0,0.0013596948539730323,0,0.0,5,0.004749753090680278
main_reliable_PRESCRIPTION_O1000_N1_P0.5_B8_T1.0_S0_R5,100,0.75,190,0.005129107578027519,0.0,0.0012797210974643924,1,0.0005534682387565194,5,0.005085394882004612
main_reliable_PRESCRIPTION_O1000_N1_P0.5_B8_T1.0_S0_R5,110,0.5,190,0.013393394684370882,6.938893903907228e-18,0.0040368696609989286,1,0.0027256191019015066,15,0.013357571931843143
main_reliable_PRESCRIPTION_O1000_N1_P0.5_B8_T1.0_S0_R5,110,0.75,190,0.0135828071965532,0.0,0.003607551722619087,1,0.005588428652852258,15,0.013539094500864761
main_reliable_PRESCRIPTION_O1000_N1_P0.5_B8_T1.0_S0_R5,120,0.5,190,0.0022649887282573666,-6.938893903907228e-18,0.0006278895962158036,1,0.00013392874560747697,15,0.0022291659754532928
main_reliable_PRESCRIPTION_O1000_N1_P0.5_B8_T1.0_S0_R5,120,0.75,190,0.002510412821396843,-3.469446951953614e-18,0.0006121593205503903,0,0.0,15,0.002466700125373946
main_reliable_PRESCRIPTION_O1000_N1_P0.5_B8_T1.0_S0_R5,130,0.5,190,0.010618792624112916,1.3877787807814457e-17,0.0031479861149631303,1,0.0016769602993771393,15,0.010582969871308842
main_reliable_PRESCRIPTION_O1000_N1_P0.5_B8_T1.0_S0_R5,130,0.75,190,0.010912845089613356,6.938893903907228e-18,0.0028467701897101822,1,0.004015440449065703,15,0.010869132393590466
main_reliable_PRESCRIPTION_O1000_N1_P0.5_B8_T1.0_S0_R5,140,0.5,190,0.007744313637133432,-6.938893903907228e-18,0.002251990396304398,1,0.0005631732594335789,15,0.007708490884329358
main_reliable_PRESCRIPTION_O1000_N1_P0.5_B8_T1.0_S0_R5,140,0.75,190,0.00809810034678226,-6.938893903907228e-18,0.0020693910178606126,1,0.0023447598891503593,15,0.008054387650759363
main_reliable_PRESCRIPTION_O1000_N1_P0.5_B8_T1.0_S0_R5,150,0.5,190,0.005660893001050431,-6.938893903907228e-18,0.0016202257440231036,0,0.0,6,0.0045146629648544
main_reliable_PRESCRIPTION_O1000_N1_P0.5_B8_T1.0_S0_R5,150,0.75,190,0.0060168731651352655,-6.938893903907228e-18,0.0015123713357290066,1,0.001093912951694427,6,0.00359340132520556
main_reliable_PRESCRIPTION_O1000_N1_P0.5_B8_T1.0_S0_R5,160,0.5,190,0.007018503084957106,0.0,0.0020301160819584723,1,0.0002758231875278072,5,0.006982680332153036
main_reliable_PRESCRIPTION_O1000_N1_P0.5_B8_T1.0_S0_R5,160,0.75,190,0.0073775912775518315,0.0,0.0018747674148329486,1,0.0019137347812917052,5,0.007333878581528935
main_reliable_PRESCRIPTION_O1000_N1_P0.5_B8_T1.0_S0_R5,170,0.5,190,0.013304057146900077,1.3877787807814457e-17,0.00400790561871699,1,0.002692165289137023,5,0.013268234394096003
main_reliable_PRESCRIPTION_O1000_N1_P0.5_B8_T1.0_S0_R5,170,0.75,190,0.013497440790045716,6.938893903907228e-18,0.003582895124168136,1,0.005538247933705533,5,0.013453728094022822
main_reliable_PRESCRIPTION_O1000_N1_P0.5_B8_T1.0_S0_R5,180,0.5,190,0.014789242014825753,0.0,0.004492252909627672,1,0.003246038100327621,5,0.014753419262021693
main_reliable_PRESCRIPTION_O1000_N1_P0.5_B8_T1.0_S0_R5,180,0.75,190,0.014911977160338943,0.0,0.003994176484803148,1,0.006369057150491429,5,0.014868264464316043
main_reliable_PRESCRIPTION_O1000_N1_P0.5_B8_T1.0_S0_R5,190,0.5,190,0.01552477036645375,-6.938893903907228e-18,0.004734310361758011,1,0.003518677597962129,5,0.015488947613649683
main_reliable_PRESCRIPTION_O1000_N1_P0.5_B8_T1.0_S0_R5,190,0.75,190,0.015609061831749906,-1.3877787807814457e-17,0.004198941516855855,1,0.006778016396943191,5,0.015565349135727005
main_reliable_PRESCRIPTION_O1000_N2_P0.5_B8_T1.0_S0_R5,0,0.5,190,0.10952553672496956,-2.7755575615628914e-17,0.04262913597395955,1,0.030969473909636072,134,0.050642954977616436
main_reliable_PRESCRIPTION_O1000_N2_P0.5_B8_T1.0_S0_R5,0,0.75,190,0.09848430488088349,-2.7755575615628914e-17,0.03417363129624187,1,0.026480917729748324,134,0.02233584918237593
main_reliable_PRESCRIPTION_O1000_N2_P0.5_B8_T1.0_S0_R5,10,0.5,190,0.007143908162380176,0.0,0.002068318666303053,1,0.00032568757663264253,15,0.007108085409576109
main_reliable_PRESCRIPTION_O1000_N2_P0.5_B8_T1.0_S0_R5,10,0.75,190,0.007502403542964997,0.0,0.0019083487780709668,1,0.0019885313649489547,15,0.007458690846942097
main_reliable_PRESCRIPTION_O1000_N2_P0.5_B8_T1.0_S0_R5,20,0.5,190,0.005085016826423837,6.938893903907228e-18,0.0014484769149035366,0,0.0,15,0.00504919435304425
main_reliable_PRESCRIPTION_O1000_N2_P0.5_B8_T1.0_S0_R5,20,0.75,190,0.005433829420827353,6.938893903907228e-18,0.0013592311598571776,1,0.0007395829178751256,15,0.005390117062996368
main_reliable_PRESCRIPTION_O1000_N2_P0.5_B8_T1.0_S0_R5,30,0.5,190,0.007287304708037082,0.0,0.0021120705208876665,1,0.0003825917422614622,5,0.007251481961851245
main_reliable_PRESCRIPTION_O1000_N2_P0.5_B8_T1.0_S0_R5,30,0.75,190,0.007644953451429619,0.0,0.0019467710476917006,1,0.0020738876133921877,5,0.007601240763416877
main_reliable_PRESCRIPTION_O1000_N2_P0.5_B8_T1.0_S0_R5,40,0.5,190,0.011844099608332471,1.3877787807814457e-17,0.003537767722530234,1,0.002142678897872577,5,0.011808276855528398
main_reliable_PRESCRIPTION_O1000_N2_P0.5_B8_T1.0_S0_R5,40,0.75,190,0.012096907832931117,6.938893903907228e-18,0.003181470091200538,1,0.004714018346808867,5,0.012053195136908213
main_reliable_PRESCRIPTION_O1000_N2_P0.5_B8_T1.0_S0_R5,50,0.5,190,0.0023850230338289258,0.0,0.000662053288816188,1,3.346448209749081e-05,5,0.002349200281024852
main_reliable_PRESCRIPTION_O1000_N2_P0.5_B8_T1.0_S0_R5,50,0.75,190,0.0026378323686140487,0.0,0.0006439604926929296,0,0.0,5,0.002594119672591145
main_reliable_PRESCRIPTION_O1000_N2_P0.5_B8_T1.0_S0_R5,60,0.5,190,0.002266895667679708,6.938893903907228e-18,0.0006284317518285195,1,0.0001323190053217349,5,0.0022310729148756377
main_reliable_PRESCRIPTION_O1000_N2_P0.5_B8_T1.0_S0_R5,60,0.75,190,0.0025124397747566564,3.469446951953614e-18,0.0006126646370114052,0,0.0,5,0.0024687270787337526
main_reliable_PRESCRIPTION_O1000_N2_P0.5_B8_T1.0_S0_R5,70,0.5,190,0.007626456415632102,0.0,0.0022158371339198717,1,0.0005167125599917916,5,0.0075906336628280315
main_reliable_PRESCRIPTION_O1000_N2_P0.5_B8_T1.0_S0_R5,70,0.75,190,0.007981405115812738,0.0,0.0020377441902376388,1,0.002275068839987675,5,0.007937692419789831
main_reliable_PRESCRIPTION_O1000_N2_P0.5_B8_T1.0_S0_R5,80,0.5,190,0.0021642368016291554,0.0,0.0005992725280954825,1,0.00021963725791184635,5,0.0021284140488250884
main_reliable_PRESCRIPTION_O1000_N2_P0.5_B8_T1.0_S0_R5,80,0.75,190,0.002403193298451737,0.0,0.0005854558912379296,0,0.0,5,0.0023594806024288435
main_reliable_PRESCRIPTION_O1000_N2_P0.5_B8_T1.0_S0_R5,90,0.5,190,0.005179689666320403,0.0,0.001476621967819488,0,0.0,5,0.0051438669135163324
main_reliable_PRESCRIPTION_O1000_N2_P0.5_B8_T1.0_S0_R5,90,0.75,190,0.005529944478106744,0.0,0.0013843857255539291,1,0.0007981472180767467,5,0.005486231782083836
main_reliable_PRESCRIPTION_O1000_N2_P0.5_B8_T1.0_S0_R5,100,0.5,190,0.004785575843484352,0.0,0.0013596948539730323,0,0.0,5,0.004749753090680278
main_reliable_PRESCRIPTION_O1000_N2_P0.5_B8_T1.0_S0_R5,100,0.75,190,0.005129107578027519,0.0,0.0012797210974643924,1,0.0005534682387565194,5,0.005085394882004612
main_reliable_PRESCRIPTION_O1000_N2_P0.5_B8_T1.0_S0_R5,110,0.5,190,0.01339339468464032,0.0,0.0040368696610711945,1,0.0027256191019015066,15,0.013357571931843136
main_reliable_PRESCRIPTION_O1000_N2_P0.5_B8_T1.0_S0_R5,110,0.75,190,0.013582807196879328,0.0,0.003607551722697762,1,0.005588428652852258,15,0.013539094500864747
main_reliable_PRESCRIPTION_O1000_N2_P0.5_B8_T1.0_S0_R5,120,0.5,190,0.0022649887282573666,-6.938893903907228e-18,0.0006278895962158036,1,0.00013392874560747697,15,0.0022291659754532928
main_reliable_PRESCRIPTION_O1000_N2_P0.5_B8_T1.0_S0_R5,120,0.75,190,0.002510412821396843,-3.469446951953614e-18,0.0006121593205503903,0,0.0,15,0.002466700125373946
main_reliable_PRESCRIPTION_O1000_N2_P0.5_B8_T1.0_S0_R5,130,0.5,190,0.01050643131026574,1.3877787807814457e-17,0.0031124692298864155,1,0.0016340191788206462,15,0.010470608557461673
main_reliable_PRESCRIPTION_O1000_N2_P0.5_B8_T1.0_S0_R5,130,0.75,190,0.010803837170649283,6.938893903907228e-18,0.0028161786622640118,1,0.003951028768230981,15,0.01076012447462639
main_reliable_PRESCRIPTION_O1000_N2_P0.5_B8_T1.0_S0_R5,140,0.5,190,0.007744218611735028,0.0,0.002251961227479476,1,0.0005631358289654859,15,0.007708395858930947
main_reliable_PRESCRIPTION_O1000_N2_P0.5_B8_T1.0_S0_R5,140,0.75,190,0.008098006303847674,0.0,0.002069365494855607,1,0.002344703743448237,15,0.00805429360782478
main_reliable_PRESCRIPTION_O1000_N2_P0.5_B8_T1.0_S0_R5,150,0.5,190,0.00566089301458815,0.0,0.0016202257476540369,0,0.0,6,0.0045146629648544
main_reliable_PRESCRIPTION_O1000_N2_P0.5_B8_T1.0_S0_R5,150,0.75,190,0.006016873181520183,0.0,0.001512371339681843,1,0.001093912951694427,6,0.00359340132520556
main_reliable_PRESCRIPTION_O1000_N2_P0.5_B8_T1.0_S0_R5,160,0.5,190,0.0021682226654319015,0.0,0.000600403626859266,1,0.00021622143297338192,5,0.0021323999126278345
main_reliable_PRESCRIPTION_O1000_N2_P0.5_B8_T1.0_S0_R5,160,0.75,190,0.0024074398120077084,0.0,0.0005865125205709472,0,0.0,5,0.002363727115984808
main_reliable_PRESCRIPTION_O1000_N2_P0.5_B8_T1.0_S0_R5,170,0.5,190,0.013200536027731469,0.0,0.003974370905336613,1,0.0026533769539686114,5,0.013164713274927409
main_reliable_PRESCRIPTION_O1000_N2_P0.5_B8_T1.0_S0_R5,170,0.75,190,0.013398474777146986,-6.938893903907228e-18,0.0035543372824685883,1,0.0054800654309529115,5,0.0133547620811241
main_reliable_PRESCRIPTION_O1000_N2_P0.5_B8_T1.0_S0_R5,180,0.5,190,0.014788301832555424,0.0,0.0044919444155909,1,0.003245688933340353,5,0.014752479079751357
main_reliable_PRESCRIPTION_O1000_N2_P0.5_B8_T1.0_S0_R5,180,0.75,190,0.01491108470797136,-6.938893903907228e-18,0.003993915201770499,1,0.00636853340001052,5,0.014867372011948463
main_reliable_PRESCRIPTION_O1000_N2_P0.5_B8_T1.0_S0_R5,190,0.5,190,0.015524759197288851,6.938893903907228e-18,0.004734306675297849,1,0.003518673465599559,5,0.015488936444484777
main_reliable_PRESCRIPTION_O1000_N2_P0.5_B8_T1.0_S0_R5,190,0.75,190,0.015609051262796096,0.0,0.004198938402056409,1,0.006778010198399333,5,0.015565338566773189
main_partial_COV_PERIODIC_O1000_N1_P0.5_B8_T1.0_S0_R5,0,0.5,190,0.10952553672496956,-2.7755575615628914e-17,0.04262913597395955,1,0.030969473909636072,134,0.050642954977616436
main_partial_COV_PERIODIC_O1000_N1_P0.5_B8_T1.0_S0_R5,0,0.75,190,0.09848430488088349,-2.7755575615628914e-17,0.03417363129624187,1,0.026480917729748324,134,0.02233584918237593
main_partial_COV_PERIODIC_O1000_N1_P0.5_B8_T1.0_S0_R5,5,0.5,190,0.003760478575341418,-1.0408340855860843e-17,0.0010585978426925638,0,0.0,19,0.003030824148188005
main_partial_COV_PERIODIC_O1000_N1_P0.5_B8_T1.0_S0_R5,5,0.75,190,0.004076853748614207,-6.938893903907228e-18,0.0010080225087435934,0,0.0,19,0.0024978164634175334
main_partial_COV_PERIODIC_O1000_N1_P0.5_B8_T1.0_S0_R5,10,0.5,190,0.0022409013235008685,0.0,0.0006210430373637055,1,0.0001543013341953267,15,0.0022050785706968015
main_partial_COV_PERIODIC_O1000_N1_P0.5_B8_T1.0_S0_R5,10,0.75,190,0.002484801866888875,0.0,0.0006057761313595182,0,0.0,15,0.002441089170865971
main_partial_COV_PERIODIC_O1000_N1_P0.5_B8_T1.0_S0_R5,15,0.5,190,0.0023350060878635052,0.0,0.0006478085235746791,1,7.511651615086865e-05,15,0.0022991836143373065
main_partial_COV_PERIODIC_O1000_N1_P0.5_B8_T1.0_S0_R5,15,0.75,190,0.002584779476006386,0.0,0.0006307108388905571,0,0.0,15,0.0025410671179979527
main_partial_COV_PERIODIC_O1000_N1_P0.5_B8_T1.0_S0_R5,20,0.5,190,0.01201664870349596,0.0,0.0035930139461021107,1,0.0022079112411772656,19,0.009341232834077166
main_partial_COV_PERIODIC_O1000_N1_P0.5_B8_T1.0_S0_R5,20,0.75,190,0.012262991686080853,0.0,0.0032287646329635035,1,0.0048118668617659,19,0.006915205709616172
main_partial_COV_PERIODIC_O1000_N1_P0.5_B8_T1.0_S0_R5,25,0.5,190,0.0065939842728217,0.0,0.0019012158041781565,1,0.00010632784072496515,63,0.005234744056697507
main_partial_COV_PERIODIC_O1000_N1_P0.5_B8_T1.0_S0_R5,25,0.75,190,0.006954008185234652,0.0,0.001761223934028083,1,0.0016594917610874421,63,0.004109279065308322
main_partial_COV_PERIODIC_O1000_N1_P0.5_B8_T1.0_S0_R5,30,0.5,190,0.00973446828418436,-1.3877787807814457e-17,0.002869523301859309,1,0.0013379296930609089,6,0.007627013150537459
main_partial_COV_PERIODIC_O1000_N1_P0.5_B8_T1.0_S0_R5,30,0.75,190,0.010052763452862247,-6.938893903907228e-18,0.0026064526376461798,1,0.003506894539591361,6,0.00576777833931813
main_partial_COV_PERIODIC_O1000_N1_P0.5_B8_T1.0_S0_R5,35,0.5,190,0.002349106885720924,-3.469446951953614e-18,0.0006518244055317269,1,6.327807286967899e-05,5,0.0023133634978245686
main_partial_COV_PERIODIC_O1000_N1_P0.5_B8_T1.0_S0_R5,35,0.75,190,0.002599730276139526,-3.469446951953614e-18,0.0006344442552133643,0,0.0,5,0.0025561136390526325
main_partial_COV_PERIODIC_O1000_N1_P0.5_B8_T1.0_S0_R5,40,0.5,190,0.012980903956627016,0.0,0.003903322431522115,1,0.0025709999103983514,6,0.010060679932740998
main_partial_COV_PERIODIC_O1000_N1_P0.5_B8_T1.0_S0_R5,40,0.75,190,0.013188339096542032,0.0,0.0034937959111904864,1,0.005356499865597525,6,0.007388552165536362
main_partial_COV_PERIODIC_O1000_N1_P0.5_B8_T1.0_S0_R5,45,0.5,190,0.002291330571541031,0.0,0.0006353804514804107,1,0.00011173222781707404,5,0.0022555078188134445
main_partial_COV_PERIODIC_O1000_N1_P0.5_B8_T1.0_S0_R5,45,0.75,190,0.002538404733209876,0.0,0.0006191392874825652,0,0.0,5,0.002494692037279554
main_partial_COV_PERIODIC_O1000_N1_P0.5_B8_T1.0_S0_R5,50,0.5,190,0.0023850227658759326,0.0,0.0006620532126126826,1,3.346469730762178e-05,5,0.002349200021684119
main_partial_COV_PERIODIC_O1000_N1_P0.5_B8_T1.0_S0_R5,50,0.75,190,0.002637832083259767,0.0,0.0006439604214834209,0,0.0,5,0.002594119397660414
main_partial_COV_PERIODIC_O1000_N1_P0.5_B8_T1.0_S0_R5,55,0.5,190,0.0026928561000483485,3.469446951953614e-18,0.0007500059217954535,0,0.0,5,0.0026570333496667917
main_partial_COV_PERIODIC_O1000_N1_P0.5_B8_T1.0_S0_R5,55,0.75,190,0.002963108455521002,3.469446951953614e-18,0.0007254689090907619,0,0.0,5,0.0029193957624300965
main_partial_COV_PERIODIC_O1000_N1_P0.5_B8_T1.0_S0_R5,60,0.5,190,0.002266895667679684,1.0408340855860843e-17,0.0006284317518285157,1,0.00013231900532174531,5,0.002231072914875624
main_partial_COV_PERIODIC_O1000_N1_P0.5_B8_T1.0_S0_R5,60,0.75,190,0.0025124397747566356,6.938893903907228e-18,0.0006126646370114006,0,0.0,5,0.0024687270787337387
main_partial_COV_PERIODIC_O1000_N1_P0.5_B8_T1.0_S0_R5,65,0.5,190,0.0023882362062927764,-1.0408340855860843e-17,0.0006629688407078974,1,3.0798675658839925e-05,5,0.0023524134534887026
main_partial_COV_PERIODIC_O1000_N1_P0.5_B8_T1.0_S0_R5,65,0.75,190,0.002641238577901602,-6.938893903907228e-18,0.0006448116020215949,0,0.0,5,0.0025975258818787053
main_partial_COV_PERIODIC_O1000_N1_P0.5_B8_T1.0_S0_R5,70,0.5,190,0.0023056155818596824,0.0,0.0006394442175313962,1,9.97308993885733e-05,5,0.0022697928290556155
main_partial_COV_PERIODIC_O1000_N1_P0.5_B8_T1.0_S0_R5,70,0.75,190,0.002553577596162794,0.0,0.0006229242037807258,0,0.0,5,0.002509864900139897
main_partial_COV_PERIODIC_O1000_N1_P0.5_B8_T1.0_S0_R5,75,0.5,190,0.004967046175852349,6.938893903907228e-18,0.00141345608026575,0,0.0,6,0.003975856798143058
main_partial_COV_PERIODIC_O1000_N1_P0.5_B8_T1.0_S0_R5,75,0.75,190,0.005313910506486802,6.938893903907228e-18,0.0013278974922350576,1,0.0006664223613278807,6,0.0032011237128541717
main_partial_COV_PERIODIC_O1000_N1_P0.5_B8_T1.0_S0_R5,80,0.5,190,0.0021642367988216754,0.0,0.0005992725272989453,1,0.0002196372603112083,5,0.0021284140460261676
main_partial_COV_PERIODIC_O1000_N1_P0.5_B8_T1.0_S0_R5,80,0.75,190,0.0024031932954592834,0.0,0.0005854558904934447,0,0.0,5,0.0023594805994467567
main_partial_COV_PERIODIC_O1000_N1_P0.5_B8_T1.0_S0_R5,85,0.5,190,0.0023977569786926,3.469446951953614e-18,0.0006656819753504037,1,2.2906776300259807e-05,5,0.0023619342258885297
main_partial_COV_PERIODIC_O1000_N1_P0.5_B8_T1.0_S0_R5,85,0.75,190,0.002651329923264438,3.469446951953614e-18,0.0006473334287974889,0,0.0,5,0.002607617227241534
main_partial_COV_PERIODIC_O1000_N1_P0.5_B8_T1.0_S0_R5,90,0.5,190,0.0051794101524000324,0.0,0.001476547000465468,0,0.0,6,0.004141315973168955
main_partial_COV_PERIODIC_O1000_N1_P0.5_B8_T1.0_S0_R5,90,0.75,190,0.0055296061490641285,0.0,0.0013843041017495327,1,0.0007981472180767536,6,0.003322201718477767
main_partial_COV_PERIODIC_O1000_N1_P0.5_B8_T1.0_S0_R5,95,0.5,190,0.0029339694714561604,0.0,0.0008192263899849627,0,0.0,6,0.002376401839907713
main_partial_COV_PERIODIC_O1000_N1_P0.5_B8_T1.0_S0_R5,95,0.75,190,0.003216483792351517,0.0,0.0007892820029598405,0,0.0,6,0.0019970295641559624
main_partial_COV_PERIODIC_O1000_N1_P0.5_B8_T1.0_S0_R5,100,0.5,190,0.003567929140232219,3.469446951953614e-18,0.0010025513145910919,0,0.0,6,0.0028789305909637936
main_partial_COV_PERIODIC_O1000_N1_P0.5_B8_T1.0_S0_R5,100,0.75,190,0.0038774623475597778,0.0,0.000957050588749149,0,0.0,6,0.0023826935978741026
main_partial_COV_PERIODIC_O1000_N1_P0.5_B8_T1.0_S0_R5,105,0.5,190,0.003188196808811307,-6.938893903907228e-18,0.000892520548485577,0,0.0,19,0.002578563069214196
main_partial_COV_PERIODIC_O1000_N1_P0.5_B8_T1.0_S0_R5,105,0.75,190,0.0034823787364069055,-3.469446951953614e-18,0.0008565501034185235,0,0.0,19,0.0021531049502120578
main_partial_COV_PERIODIC_O1000_N1_P0.5_B8_T1.0_S0_R5,110,0.5,190,0.005018794044841603,0.0,0.001428811070446059,0,0.0,19,0.004016150025714434
main_partial_COV_PERIODIC_O1000_N1_P0.5_B8_T1.0_S0_R5,110,0.75,190,0.005366533866631558,0.0,0.001341640525142036,1,0.0006985397093147994,19,0.003230661202279092
main_partial_COV_PERIODIC_O1000_N1_P0.5_B8_T1.0_S0_R5,115,0.5,190,0.004635585424380313,-6.938893903907228e-18,0.0013153615247110339,0,0.0,19,0.003717327471264957
main_partial_COV_PERIODIC_O1000_N1_P0.5_B8_T1.0_S0_R5,115,0.75,190,0.004976046990920975,-6.938893903907228e-18,0.0012399220994459745,1,0.000459712384098053,19,0.0030107802140627374
main_partial_COV_PERIODIC_O1000_N1_P0.5_B8_T1.0_S0_R5,120,0.5,190,0.0022247159604318473,0.0,0.0006164442624881906,1,0.00016803176756750166,15,0.0021888932076277734
main_partial_COV_PERIODIC_O1000_N1_P0.5_B8_T1.0_S0_R5,120,0.75,190,0.0024675848124713733,0.0,0.0006014866608101812,0,0.0,15,0.0024238721164484764
main_partial_COV_PERIODIC_O1000_N1_P0.5_B8_T1.0_S0_R5,125,0.5,190,0.002219662578059955,0.0,0.0006150088578152798,1,0.0001723181658034728,15,0.0021838484835855244
main_partial_COV_PERIODIC_O1000_N1_P0.5_B8_T1.0_S0_R5,125,0.75,190,0.002462206733090902,0.0,0.0006001471161616746,0,0.0,15,0.0024185045164093477
main_partial_COV_PERIODIC_O1000_N1_P0.5_B8_T1.0_S0_R5,130,0.5,190,0.01050619697608527,-1.3877787807814457e-17,0.003112408522839558,1,0.0016340363491619964,19,0.008208722340014851
main_partial_COV_PERIODIC_O1000_N1_P0.5_B8_T1.0_S0_R5,130,0.75,190,0.010803542753558534,-6.938893903907228e-18,0.0028161093411289196,1,0.003951054523742989,19,0.0061604806713538435
main_partial_COV_PERIODIC_O1000_N1_P0.5_B8_T1.0_S0_R5,135,0.5,190,0.00491672586752484,0.0,0.0013985350809639621,0,0.0,19,0.003936657675688557
main_partial_COV_PERIODIC_O1000_N1_P0.5_B8_T1.0_S0_R5,135,0.75,190,0.005262707269273876,0.0,0.0013145357898438467,1,0.0006351521674042467,19,0.0031723555590774874
main_partial_COV_PERIODIC_O1000_N1_P0.5_B8_T1.0_S0_R5,140,0.5,190,0.01214317775200334,-1.3877787807814457e-17,0.003633580352822382,1,0.0022556924865976477,19,0.009435792003944947
main_partial_COV_PERIODIC_O1000_N1_P0.5_B8_T1.0_S0_R5,140,0.75,190,0.012384682509308874,-6.938893903907228e-18,0.003263470859350542,1,0.0048835387298964555,19,0.0069776770952913805
main_partial_COV_PERIODIC_O1000_N1_P0.5_B8_T1.0_S0_R5,145,0.5,190,0.009250302350242406,0.0,0.002718090645507756,1,0.001150959390006645,63,0.007260791339573601
main_partial_COV_PERIODIC_O1000_N1_P0.5_B8_T1.0_S0_R5,145,0.75,190,0.009579842216109906,0.0,0.002475325460279318,1,0.003226439085009962,63,0.005518629851577632
main_partial_COV_PERIODIC_O1000_N1_P0.5_B8_T1.0_S0_R5,150,0.5,190,0.009532744387289176,1.3877787807814457e-17,0.00280633039907704,1,0.001260064854032808,6,0.007474389729257708
main_partial_COV_PERIODIC_O1000_N1_P0.5_B8_T1.0_S0_R5,150,0.75,190,0.009855959029851723,6.938893903907228e-18,0.0025517861199122554,1,0.0033900972810492064,6,0.005664131515034011
main_partial_COV_PERIODIC_O1000_N1_P0.5_B8_T1.0_S0_R5,155,0.5,190,0.0044083898699064025,0.0,0.0012483863425366976,0,0.0,6,0.0035396668627557595
main_partial_COV_PERIODIC_O1000_N1_P0.5_B8_T1.0_S0_R5,155,0.75,190,0.004743637031983806,0.0,0.0011796695904807938,1,0.00031697410935739925,6,0.0028791168995108904
main_partial_COV_PERIODIC_O1000_N1_P0.5_B8_T1.0_S0_R5,160,0.5,190,0.0021680951444610352,-3.469446951953614e-18,0.0006003674379524908,1,0.0002163306838248273,5,0.002132272391656958
main_partial_COV_PERIODIC_O1000_N1_P0.5_B8_T1.0_S0_R5,160,0.75,190,0.0024073039581658726,-3.469446951953614e-18,0.0005864787157848899,0,0.0,5,0.002363591262142972
main_partial_COV_PERIODIC_O1000_N1_P0.5_B8_T1.0_S0_R5,165,0.5,190,0.013040204331150919,-6.938893903907228e-18,0.003922492003694335,1,0.0025932522912502504,6,0.010104836112705864
main_partial_COV_PERIODIC_O1000_N1_P0.5_B8_T1.0_S0_R5,165,0.75,190,0.013245098475554322,-1.3877787807814457e-17,0.0035101356742677785,1,0.005389878436875377,6,0.007417460283546444
main_partial_COV_PERIODIC_O1000_N1_P0.5_B8_T1.0_S0_R5,170,0.5,190,0.004955943285190993,0.0,0.0014101629638475994,0,0.0,6,0.003967209220233095
main_partial_COV_PERIODIC_O1000_N1_P0.5_B8_T1.0_S0_R5,170,0.75,190,0.0053026154907433835,0.0,0.0013249491227213014,1,0.0006595260858772052,6,0.003194780057601293
main_partial_COV_PERIODIC_O1000_N1_P0.5_B8_T1.0_S0_R5,175,0.5,190,0.004782889252790211,0.0,0.0013588999520777452,0,0.0,6,0.003832315052547268
main_partial_COV_PERIODIC_O1000_N1_P0.5_B8_T1.0_S0_R5,175,0.75,190,0.005126368537188605,0.0,0.0012790080707094497,1,0.0005517921186600043,6,0.003095619230690863
main_partial_COV_PERIODIC_O1000_N1_P0.5_B8_T1.0_S0_R5,180,0.5,190,0.0049947997662278185,0.0,0.001421689974587421,0,0.0,6,0.003997469247525545
main_partial_COV_PERIODIC_O1000_N1_P0.5_B8_T1.0_S0_R5,180,0.75,190,0.005342137720303453,0.0,0.0013352679138244157,1,0.0006836526432129654,6,0.0032169712267031345
main_partial_COV_PERIODIC_O1000_N1_P0.5_B8_T1.0_S0_R5,185,0.5,190,0.0045400890093601,0.0,0.0012871837642130506,0,0.0,6,0.0036426981860439023
main_partial_COV_PERIODIC_O1000_N1_P0.5_B8_T1.0_S0_R5,185,0.75,190,0.004878442910496588,0.0,0.0012145917574851877,1,0.0003998245216241571,6,0.0029555604956698553
main_partial_COV_PERIODIC_O1000_N1_P0.5_B8_T1.0_S0_R5,190,0.5,190,0.005029645256744333,0.0,0.0014320322888961947,0,0.0,6,0.004024596966041613
main_partial_COV_PERIODIC_O1000_N1_P0.5_B8_T1.0_S0_R5,190,0.75,190,0.005377564516612098,0.0,0.0013445226501778566,1,0.0007052694300338329,6,0.003236849051774751
main_partial_COV_PERIODIC_O1000_N1_P0.5_B8_T1.0_S0_R5,195,0.5,190,0.008712556660067962,0.0,0.0025507998085854936,1,0.0009423031344052701,63,0.006853201233291507
main_partial_COV_PERIODIC_O1000_N1_P0.5_B8_T1.0_S0_R5,195,0.75,190,0.009052641468742934,0.0,0.002330040595620722,1,0.0029134547016078927,63,0.005239483419362867
main_partial_COV_PERIODIC_O1000_N2_P0.5_B8_T1.0_S0_R5,0,0.5,190,0.10952553672496956,-2.7755575615628914e-17,0.04262913597395955,1,0.030969473909636072,134,0.050642954977616436
main_partial_COV_PERIODIC_O1000_N2_P0.5_B8_T1.0_S0_R5,0,0.75,190,0.09848430488088349,-2.7755575615628914e-17,0.03417363129624187,1,0.026480917729748324,134,0.02233584918237593
main_partial_COV_PERIODIC_O1000_N2_P0.5_B8_T1.0_S0_R5,5,0.5,190,0.002967494101372325,3.469446951953614e-18,0.0008288731280273087,0,0.0,19,0.0024030691769501844
main_partial_COV_PERIODIC_O1000_N2_P0.5_B8_T1.0_S0_R5,5,0.75,190,0.0032516233460641933,0.0,0.0007981538594875571,0,0.0,19,0.002017693021615405
main_partial_COV_PERIODIC_O1000_N2_P0.5_B8_T1.0_S0_R5,10,0.5,190,0.002240829043444196,3.469446951953614e-18,0.0006210224972265009,1,0.0001543625770906408,15,0.0022050062906401255
main_partial_COV_PERIODIC_O1000_N2_P0.5_B8_T1.0_S0_R5,10,0.75,190,0.0024847249937908385,3.469446951953614e-18,0.0006057569761840337,0,0.0,15,0.002441012297767938
main_partial_COV_PERIODIC_O1000_N2_P0.5_B8_T1.0_S0_R5,15,0.5,190,0.002330218092401432,0.0,0.0006464501747979022,1,7.888611053638583e-05,15,0.002294674476045408
main_partial_COV_PERIODIC_O1000_N2_P0.5_B8_T1.0_S0_R5,15,0.75,190,0.0025796562231001977,0.0,0.0006294348175866107,0,0.0,15,0.002536281399237495
main_partial_COV_PERIODIC_O1000_N2_P0.5_B8_T1.0_S0_R5,20,0.5,190,0.0037689810312498337,6.938893903907228e-18,0.0010610783881587664,0,0.0,19,0.0030375865799077487
main_partial_COV_PERIODIC_O1000_N2_P0.5_B8_T1.0_S0_R5,20,0.75,190,0.004085630627771557,3.469446951953614e-18,0.0010102714467114652,0,0.0,19,0.002502927251100462
main_partial_COV_PERIODIC_O1000_N2_P0.5_B8_T1.0_S0_R5,25,0.5,190,0.0048324448227852895,0.0,0.0013735691845318254,0,0.0,63,0.0038710230169279325
main_partial_COV_PERIODIC_O1000_N2_P0.5_B8_T1.0_S0_R5,25,0.75,190,0.005176862456937315,0.0,0.0012921591704463697,1,0.0005827373869122,63,0.0031241133696298454
main_partial_COV_PERIODIC_O1000_N2_P0.5_B8_T1.0_S0_R5,30,0.5,190,0.008840642974985158,0.0,0.002590567084580985,1,0.0009921673722494903,6,0.006950493837478519
main_partial_COV_PERIODIC_O1000_N2_P0.5_B8_T1.0_S0_R5,30,0.75,190,0.009178369732117442,0.0,0.0023646090827482446,1,0.0029882510583742403,6,0.0053062994891235685
main_partial_COV_PERIODIC_O1000_N2_P0.5_B8_T1.0_S0_R5,35,0.5,190,0.0023491384259418,0.0,0.000651832075501003,1,6.331788975796546e-05,5,0.002313315757852468
main_partial_COV_PERIODIC_O1000_N2_P0.5_B8_T1.0_S0_R5,35,0.75,190,0.0025997755827668126,0.0,0.0006344547578464867,0,0.0,5,0.0025560629892755135
main_partial_COV_PERIODIC_O1000_N2_P0.5_B8_T1.0_S0_R5,40,0.5,190,0.011844066853603466,-6.938893903907228e-18,0.0035377613477450376,1,0.0021426965279555676,6,0.00921223388928491
main_partial_COV_PERIODIC_O1000_N2_P0.5_B8_T1.0_S0_R5,40,0.75,190,0.012096856660152665,-6.938893903907228e-18,0.0031814596871705438,1,0.00471404479193336,6,0.006829851357145297
main_partial_COV_PERIODIC_O1000_N2_P0.5_B8_T1.0_S0_R5,45,0.5,190,0.002292886708324164,0.0,0.0006358231263831741,1,0.00011042154390395603,5,0.002257066463289416
main_partial_COV_PERIODIC_O1000_N2_P0.5_B8_T1.0_S0_R5,45,0.75,190,0.0025400574540059145,0.0,0.0006195515385725687,0,0.0,5,0.0024963477931783107
main_partial_COV_PERIODIC_O1000_N2_P0.5_B8_T1.0_S0_R5,50,0.5,190,0.0023850228826586134,0.0,0.0006620532457434239,1,3.3464607543904484e-05,5,0.002349200129854616
main_partial_COV_PERIODIC_O1000_N2_P0.5_B8_T1.0_S0_R5,50,0.75,190,0.0026378322083562764,0.0,0.0006439604526505428,0,0.0,5,0.0025941195123334697
main_partial_COV_PERIODIC_O1000_N2_P0.5_B8_T1.0_S0_R5,55,0.5,190,0.002692856102559371,-1.0408340855860843e-17,0.0007500059224705421,0,0.0,5,0.002657033349755294
main_partial_COV_PERIODIC_O1000_N2_P0.5_B8_T1.0_S0_R5,55,0.75,190,0.002963108458546228,-6.938893903907228e-18,0.0007254689098215281,0,0.0,5,0.002919395762523324
main_partial_COV_PERIODIC_O1000_N2_P0.5_B8_T1.0_S0_R5,60,0.5,190,0.002267721227999897,-1.0408340855860843e-17,0.0006286664700820325,1,0.00013162225028965843,5,0.0022318984751958197
main_partial_COV_PERIODIC_O1000_N2_P0.5_B8_T1.0_S0_R5,60,0.75,190,0.002513317264728577,-6.938893903907228e-18,0.0006128833996576148,0,0.0,5,0.0024696045687056765
main_partial_COV_PERIODIC_O1000_N2_P0.5_B8_T1.0_S0_R5,65,0.5,190,0.002387410660185732,-3.469446951953614e-18,0.0006627336069287983,1,3.148347535322782e-05,5,0.002351587907381651
main_partial_COV_PERIODIC_O1000_N2_P0.5_B8_T1.0_S0_R5,65,0.75,190,0.002640363458551124,-3.469446951953614e-18,0.0006445929310713814,0,0.0,5,0.0025966507625282235
main_partial_COV_PERIODIC_O1000_N2_P0.5_B8_T1.0_S0_R5,70,0.5,190,0.0023056067787860443,-3.469446951953614e-18,0.0006394418540434086,1,9.973102443319379e-05,5,0.0022697926800622666
main_partial_COV_PERIODIC_O1000_N2_P0.5_B8_T1.0_S0_R5,70,0.75,190,0.0025535669637362507,-3.469446951953614e-18,0.0006229216374184035,0,0.0,5,0.00250986474191163
main_partial_COV_PERIODIC_O1000_N2_P0.5_B8_T1.0_S0_R5,75,0.5,190,0.0038385180253909315,0.0,0.001081366950203349,0,0.0,6,0.003092511038165026
main_partial_COV_PERIODIC_O1000_N2_P0.5_B8_T1.0_S0_R5,75,0.75,190,0.004157449495438531,-3.469446951953614e-18,0.0010286778457756448,0,0.0,6,0.002544391963741746
main_partial_COV_PERIODIC_O1000_N2_P0.5_B8_T1.0_S0_R5,80,0.5,190,0.0067811679165785815,0.0,0.0019579799884765197,1,0.00018129993956789853,6,0.00537876389369802
main_partial_COV_PERIODIC_O1000_N2_P0.5_B8_T1.0_S0_R5,80,0.75,190,0.007140933003455176,0.0,0.0018112571190588144,1,0.0017719499093518457,6,0.004211409869396304
main_partial_COV_PERIODIC_O1000_N2_P0.5_B8_T1.0_S0_R5,85,0.5,190,0.0023986293447340844,-1.0408340855860843e-17,0.0006659305971119599,1,2.2184175254756633e-05,5,0.0023628066005486267
main_partial_COV_PERIODIC_O1000_N2_P0.5_B8_T1.0_S0_R5,85,0.75,190,0.0026522544634609777,-6.938893903907228e-18,0.0006475644940844592,0,0.0,5,0.0026085417778693304
main_partial_COV_PERIODIC_O1000_N2_P0.5_B8_T1.0_S0_R5,90,0.5,190,0.005179690061190331,0.0,0.0014766220853570991,0,0.0,6,0.004141316282078637
main_partial_COV_PERIODIC_O1000_N2_P0.5_B8_T1.0_S0_R5,90,0.75,190,0.005529944878281519,0.0,0.001384385830422261,1,0.0007981474636143647,6,0.0033222019440051834
main_partial_COV_PERIODIC_O1000_N2_P0.5_B8_T1.0_S0_R5,95,0.5,190,0.0026193278695226287,1.0408340855860843e-17,0.0007289541990863131,0,0.0,5,0.0025835051167185583
main_partial_COV_PERIODIC_O1000_N2_P0.5_B8_T1.0_S0_R5,95,0.75,190,0.002885601979218,6.938893903907228e-18,0.0007060048208177845,0,0.0,5,0.002841889283195103
main_partial_COV_PERIODIC_O1000_N2_P0.5_B8_T1.0_S0_R5,100,0.5,190,0.004785461266820994,0.0,0.001359660952705354,0,0.0,6,0.0038343214399561426
main_partial_COV_PERIODIC_O1000_N2_P0.5_B8_T1.0_S0_R5,100,0.75,190,0.005128990766365971,0.0,0.0012796906884606333,1,0.0005533967586006938,6,0.003097096991982483
main_partial_COV_PERIODIC_O1000_N2_P0.5_B8_T1.0_S0_R5,105,0.5,190,0.0040058830379699276,0.0,0.0011302735629152632,0,0.0,19,0.00322412595892993
main_partial_COV_PERIODIC_O1000_N2_P0.5_B8_T1.0_S0_R5,105,0.75,190,0.004330095033543202,0.0,0.0010730028299967193,1,6.19061035312847e-05,19,0.0026434325896638328
main_partial_COV_PERIODIC_O1000_N2_P0.5_B8_T1.0_S0_R5,110,0.5,190,0.005027451772060446,0.0,0.0014313811073283444,0,0.0,19,0.004022889548172072
main_partial_COV_PERIODIC_O1000_N2_P0.5_B8_T1.0_S0_R5,110,0.75,190,0.0053753348758390045,0.0,0.0013439400436739595,1,0.0007039092118231276,19,0.003235598393611795
main_partial_COV_PERIODIC_O1000_N2_P0.5_B8_T1.0_S0_R5,115,0.5,190,0.004635621887850765,0.0,0.0013153722910861482,0,0.0,19,0.003717355954389226
main_partial_COV_PERIODIC_O1000_N2_P0.5_B8_T1.0_S0_R5,115,0.75,190,0.0049760842362175026,0.0,0.0012399317726638059,1,0.0004597352216899296,19,0.0030108012654190067
main_partial_COV_PERIODIC_O1000_N2_P0.5_B8_T1.0_S0_R5,120,0.5,190,0.0022246366136740407,-3.469446951953614e-18,0.000616422981280209,1,0.00016803175617008045,15,0.0021888932210466644
main_partial_COV_PERIODIC_O1000_N2_P0.5_B8_T1.0_S0_R5,120,0.75,190,0.002467488773538584,-3.469446951953614e-18,0.0006014634914816779,0,0.0,15,0.002423872130725379
main_partial_COV_PERIODIC_O1000_N2_P0.5_B8_T1.0_S0_R5,125,0.5,190,0.0022186733296081854,-1.0408340855860843e-17,0.0006147321392565784,1,0.00017292918980513217,15,0.0021831296733409826
main_partial_COV_PERIODIC_O1000_N2_P0.5_B8_T1.0_S0_R5,125,0.75,190,0.002461114521573965,-6.938893903907228e-18,0.0005998776320066854,0,0.0,15,0.0024177396493978535
main_partial_COV_PERIODIC_O1000_N2_P0.5_B8_T1.0_S0_R5,130,0.5,190,0.004643026931119634,0.0,0.001317558853304123,0,0.0,19,0.0037231401479613235
main_partial_COV_PERIODIC_O1000_N2_P0.5_B8_T1.0_S0_R5,130,0.75,190,0.004983647691437772,0.0,0.001241896241647108,1,0.0004643726506930908,19,0.003015075881963959
main_partial_COV_PERIODIC_O1000_N2_P0.5_B8_T1.0_S0_R5,135,0.5,190,0.00516869023016895,0.0,0.001473350131868318,0,0.0,19,0.004132764614373792
main_partial_COV_PERIODIC_O1000_N2_P0.5_B8_T1.0_S0_R5,135,0.75,190,0.005518782969261858,0.0,0.0013814627621515478,1,0.0007913496030488298,19,0.0033159578405501794
main_partial_COV_PERIODIC_O1000_N2_P0.5_B8_T1.0_S0_R5,140,0.5,190,0.00425515689663418,0.0,0.0012033373937521857,0,0.0,19,0.003419624644969102
main_partial_COV_PERIODIC_O1000_N2_P0.5_B8_T1.0_S0_R5,140,0.75,190,0.004586489906187281,0.0,0.0011390523600251616,1,0.00022018310267958238,19,0.002789739194210085
main_partial_COV_PERIODIC_O1000_N2_P0.5_B8_T1.0_S0_R5,145,0.5,190,0.009273371577009734,0.0,0.002725288557489007,1,0.0011598852681415986,63,0.007278254019558984
main_partial_COV_PERIODIC_O1000_N2_P0.5_B8_T1.0_S0_R5,145,0.75,190,0.00960241341248249,0.0,0.0024815665271517174,1,0.0032398279022123957,63,0.005530545174491613
main_partial_COV_PERIODIC_O1000_N2_P0.5_B8_T1.0_S0_R5,150,0.5,190,0.009532664939394225,6.938893903907228e-18,0.0028063090905299437,1,0.001260064854032808,6,0.007474389729257708
main_partial_COV_PERIODIC_O1000_N2_P0.5_B8_T1.0_S0_R5,150,0.75,190,0.009855862870483262,6.938893903907228e-18,0.0025517629214173846,1,0.0033900972810492133,6,0.005664131515034004
main_partial_COV_PERIODIC_O1000_N2_P0.5_B8_T1.0_S0_R5,155,0.5,190,0.004408389795528163,-6.938893903907228e-18,0.0012483863225878212,0,0.0,6,0.0035396668627557526
main_partial_COV_PERIODIC_O1000_N2_P0.5_B8_T1.0_S0_R5,155,0.75,190,0.004743636941962646,-6.938893903907228e-18,0.0011796695687633272,1,0.00031697410935739925,6,0.0028791168995108835
main_partial_COV_PERIODIC_O1000_N2_P0.5_B8_T1.0_S0_R5,160,0.5,190,0.002170079255811596,0.0,0.0006009317518281802,1,0.00021456311400805048,5,0.002134335863184223
main_partial_COV_PERIODIC_O1000_N2_P0.5_B8_T1.0_S0_R5,160,0.75,190,0.0024094061641278704,0.0,0.0005870025503578667,0,0.0,5,0.002365789521314665
main_partial_COV_PERIODIC_O1000_N2_P0.5_B8_T1.0_S0_R5,165,0.5,190,0.013040938084525756,0.0,0.003922729262480584,1,0.0025935275930786886,6,0.010105382447565571
main_partial_COV_PERIODIC_O1000_N2_P0.5_B8_T1.0_S0_R5,165,0.75,190,0.013245800672880677,0.0,0.0035103378831924117,1,0.005390291389618003,6,0.007417817856326003
main_partial_COV_PERIODIC_O1000_N2_P0.5_B8_T1.0_S0_R5,170,0.5,190,0.009781200499617698,1.3877787807814457e-17,0.0028841660250483615,1,0.0013558171719617457,6,0.0076620956504822035
main_partial_COV_PERIODIC_O1000_N2_P0.5_B8_T1.0_S0_R5,170,0.75,190,0.010098397157978826,6.938893903907228e-18,0.0026191315843665905,1,0.003533725757942613,6,0.005791566010177503
main_partial_COV_PERIODIC_O1000_N2_P0.5_B8_T1.0_S0_R5,175,0.5,190,0.004815206508552314,0.0,0.001368471627485974,0,0.0,6,0.0038577396336871017
main_partial_COV_PERIODIC_O1000_N2_P0.5_B8_T1.0_S0_R5,175,0.75,190,0.005159257223253028,0.0,0.0012875781001152615,1,0.0005721207737837929,6,0.0031143387057186098
main_partial_COV_PERIODIC_O1000_N2_P0.5_B8_T1.0_S0_R5,180,0.5,190,0.004994686921916278,0.0,0.0014216644521172822,0,0.0,6,0.003997598699247117
main_partial_COV_PERIODIC_O1000_N2_P0.5_B8_T1.0_S0_R5,180,0.75,190,0.005341968956755556,0.0,0.0013352305648263007,1,0.0006837558247434934,6,0.003217066118836688
main_partial_COV_PERIODIC_O1000_N2_P0.5_B8_T1.0_S0_R5,185,0.5,190,0.004511479630021922,6.938893903907228e-18,0.0012787495062184606,0,0.0,6,0.0036203273357790916
main_partial_COV_PERIODIC_O1000_N2_P0.5_B8_T1.0_S0_R5,185,0.75,190,0.0048491785247672115,6.938893903907228e-18,0.0012070044594915043,1,0.0003818525678663774,6,0.002938983283373678
main_partial_COV_PERIODIC_O1000_N2_P0.5_B8_T1.0_S0_R5,190,0.5,190,0.0050611873496592755,0.0,0.001441398358373908,0,0.0,6,0.004049145895116173
main_partial_COV_PERIODIC_O1000_N2_P0.5_B8_T1.0_S0_R5,190,0.75,190,0.005409620070289507,0.0,0.0013529009402907456,1,0.000724821350025065,6,0.0032548240963757302
main_partial_COV_PERIODIC_O1000_N2_P0.5_B8_T1.0_S0_R5,195,0.5,190,0.008715043825125335,0.0,0.0025515678243678073,1,0.0009432381292643136,63,0.00685502487621166
main_partial_COV_PERIODIC_O1000_N2_P0.5_B8_T1.0_S0_R5,195,0.75,190,0.009055103865878447,0.0,0.0023307135740163695,1,0.0029148571938964543,63,0.005240736890758262
main_partial_COV_EVENT_O1000_N1_P0.5_B8_T1.0_S0_R5,0,0.5,190,0.10952553672496956,-2.7755575615628914e-17,0.04262913597395955,1,0.030969473909636072,134,0.050642954977616436
main_partial_COV_EVENT_O1000_N1_P0.5_B8_T1.0_S0_R5,0,0.75,190,0.09848430488088349,-2.7755575615628914e-17,0.03417363129624187,1,0.026480917729748324,134,0.02233584918237593
main_partial_COV_EVENT_O1000_N1_P0.5_B8_T1.0_S0_R5,5,0.5,190,0.005069552006572484,-6.938893903907228e-18,0.001443882820632387,0,0.0,19,0.004055654914067799
main_partial_COV_EVENT_O1000_N1_P0.5_B8_T1.0_S0_R5,5,0.75,190,0.005418118870845458,-6.938893903907228e-18,0.0013551229283760113,1,0.0007300038654503814,19,0.0032595879945837777
main_partial_COV_EVENT_O1000_N1_P0.5_B8_T1.0_S0_R5,15,0.5,190,0.002382421263986103,-6.938893903907228e-18,0.0006613119873736653,1,3.562391535629969e-05,15,0.0023465985111820326
main_partial_COV_EVENT_O1000_N1_P0.5_B8_T1.0_S0_R5,15,0.75,190,0.002635074117525886,-3.469446951953614e-18,0.0006432713264600134,0,0.0,15,0.002591361421502989
main_partial_COV_EVENT_O1000_N1_P0.5_B8_T1.0_S0_R5,55,0.5,190,0.0026927768086722273,0.0,0.0007499846552260474,0,0.0,5,0.002657033349553216
main_partial_COV_EVENT_O1000_N1_P0.5_B8_T1.0_S0_R5,55,0.75,190,0.0029630124856034716,0.0,0.0007254457562990821,0,0.0,5,0.00291939576231047
main_partial_COV_EVENT_O1000_N1_P0.5_B8_T1.0_S0_R5,60,0.5,190,0.0022668956676771997,1.0408340855860843e-17,0.0006284317518278492,1,0.00013231900532174531,5,0.002231072914875617
main_partial_COV_EVENT_O1000_N1_P0.5_B8_T1.0_S0_R5,60,0.75,190,0.0025124397747536276,6.938893903907228e-18,0.0006126646370106755,0,0.0,5,0.0024687270787337318
main_partial_COV_EVENT_O1000_N1_P0.5_B8_T1.0_S0_R5,65,0.5,190,0.002387410601878675,6.938893903907228e-18,0.0006627335903147242,1,3.1483523722366374e-05,5,0.0023515878490746045
main_partial_COV_EVENT_O1000_N1_P0.5_B8_T1.0_S0_R5,65,0.75,190,0.002640363396742229,3.469446951953614e-18,0.0006445929156269707,0,0.0,5,0.0025966507007193287
main_partial_COV_EVENT_O1000_N1_P0.5_B8_T1.0_S0_R5,70,0.5,190,0.0023048640552063952,0.0,0.0006392303983441033,1,0.00010036166231380816,5,0.0022690413024023214
main_partial_COV_EVENT_O1000_N1_P0.5_B8_T1.0_S0_R5,70,0.75,190,0.0025527794816095108,0.0,0.0006227250860870299,0,0.0,5,0.002509066785586614
main_partial_COV_EVENT_O1000_N1_P0.5_B8_T1.0_S0_R5,75,0.5,190,0.004966771156024716,0.0,0.0014133823085857877,0,0.0,6,0.003975856533401198
main_partial_COV_EVENT_O1000_N1_P0.5_B8_T1.0_S0_R5,75,0.75,190,0.005313577683287364,0.0,0.001327817189937466,1,0.0006664221502197427,6,0.0032011235186699544
main_partial_COV_EVENT_O1000_N1_P0.5_B8_T1.0_S0_R5,90,0.5,190,0.005179681012043115,-6.938893903907228e-18,0.0014766196466695204,0,0.0,6,0.004141315973168948
main_partial_COV_EVENT_O1000_N1_P0.5_B8_T1.0_S0_R5,90,0.75,190,0.00552993400367003,-6.938893903907228e-18,0.0013843831986099654,1,0.0007981472180767536,6,0.0033222017184777602
main_partial_COV_EVENT_O1000_N1_P0.5_B8_T1.0_S0_R5,95,0.5,190,0.002933978462138699,-3.469446951953614e-18,0.0008192288013616599,0,0.0,6,0.002376401839907713
main_partial_COV_EVENT_O1000_N1_P0.5_B8_T1.0_S0_R5,95,0.75,190,0.0032164946739452194,-6.938893903907228e-18,0.0007892846281298313,0,0.0,6,0.0019970295641559693
main_partial_COV_EVENT_O1000_N1_P0.5_B8_T1.0_S0_R5,100,0.5,190,0.004785575843484352,0.0,0.0013596948539730323,0,0.0,6,0.0038344108183159115
main_partial_COV_EVENT_O1000_N1_P0.5_B8_T1.0_S0_R5,100,0.75,190,0.005129107578027519,0.0,0.0012797210974643924,1,0.0005534682387565194,6,0.0030971628196488424
main_partial_COV_EVENT_O1000_N1_P0.5_B8_T1.0_S0_R5,120,0.5,190,0.002252427411001904,-6.938893903907228e-18,0.0006243188088340396,1,0.00014454372599947973,15,0.00221660465819783
main_partial_COV_EVENT_O1000_N1_P0.5_B8_T1.0_S0_R5,120,0.75,190,0.00249705875013264,-3.469446951953614e-18,0.000608830629906939,0,0.0,15,0.002453346054109736
main_partial_COV_EVENT_O1000_N2_P0.5_B8_T1.0_S0_R5,0,0.5,190,0.10952553672496956,-2.7755575615628914e-17,0.04262913597395955,1,0.030969473909636072,134,0.050642954977616436
main_partial_COV_EVENT_O1000_N2_P0.5_B8_T1.0_S0_R5,0,0.75,190,0.09848430488088349,-2.7755575615628914e-17,0.03417363129624187,1,0.026480917729748324,134,0.02233584918237593
main_partial_COV_EVENT_O1000_N2_P0.5_B8_T1.0_S0_R5,35,0.5,190,0.0023532472059342863,-1.0408340855860843e-17,0.0006530020617738023,1,5.9892074339439744e-05,5,0.0023174244531302055
main_partial_COV_EVENT_O1000_N2_P0.5_B8_T1.0_S0_R5,35,0.75,190,0.0026041346142871187,-6.938893903907228e-18,0.0006355432187218777,0,0.0,5,0.002560421918264215
main_partial_COV_EVENT_O1000_N2_P0.5_B8_T1.0_S0_R5,45,0.5,190,0.002338380681508892,0.0,0.0006487691899143739,1,7.22972123627652e-05,5,0.002302557928704818
main_partial_COV_EVENT_O1000_N2_P0.5_B8_T1.0_S0_R5,45,0.75,190,0.0025883607872285233,0.0,0.000631604853414459,0,0.0,5,0.002544648091205623
main_partial_COV_EVENT_O1000_N2_P0.5_B8_T1.0_S0_R5,50,0.5,190,0.0024266085669459453,1.0408340855860843e-17,0.0006739114004824263,0,0.0,5,0.0023910649093790357
main_partial_COV_EVENT_O1000_N2_P0.5_B8_T1.0_S0_R5,50,0.75,190,0.002681855591468125,6.938893903907228e-18,0.0006549675208785073,0,0.0,5,0.002638480717718685
main_partial_COV_EVENT_O1000_N2_P0.5_B8_T1.0_S0_R5,55,0.5,190,0.0027034675237620695,3.469446951953614e-18,0.000753046448181134,0,0.0,5,0.002667653624476258
main_partial_COV_EVENT_O1000_N2_P0.5_B8_T1.0_S0_R5,55,0.75,190,0.0029742831974260697,0.0,0.0007282774875120688,0,0.0,5,0.002930581216985681
main_partial_COV_EVENT_O1000_N2_P0.5_B8_T1.0_S0_R5,60,0.5,190,0.0022668961671923234,-6.938893903907228e-18,0.0006284318951193725,1,0.00013231851696553915,5,0.00223107349347635
main_partial_COV_EVENT_O1000_N2_P0.5_B8_T1.0_S0_R5,60,0.75,190,0.002512440294036876,-3.469446951953614e-18,0.000612664767240546,0,0.0,5,0.0024687276937355625
main_partial_COV_EVENT_O1000_N2_P0.5_B8_T1.0_S0_R5,65,0.5,190,0.0023874105931100953,6.938893903907228e-18,0.0006627335879636012,1,3.148352368845253e-05,5,0.002351587849115471
main_partial_COV_EVENT_O1000_N2_P0.5_B8_T1.0_S0_R5,65,0.75,190,0.0026403633861233344,3.469446951953614e-18,0.0006445929130655532,0,0.0,5,0.0025966507007626587
main_partial_COV_EVENT_O1000_N2_P0.5_B8_T1.0_S0_R5,70,0.5,190,0.0023043103306803203,3.469446951953614e-18,0.0006390818860080448,1,0.00010036166231380816,5,0.0022690413024023283
main_partial_COV_EVENT_O1000_N2_P0.5_B8_T1.0_S0_R5,70,0.75,190,0.0025521092431890664,3.469446951953614e-18,0.0006225633872953436,0,0.0,5,0.0025090667855866174
main_partial_COV_EVENT_O1000_N2_P0.5_B8_T1.0_S0_R5,90,0.5,190,0.005180524089049225,0.0,0.0014768701907009747,0,0.0,6,0.004141964652992811
main_partial_COV_EVENT_O1000_N2_P0.5_B8_T1.0_S0_R5,90,0.75,190,0.005530791136780757,0.0,0.0013846074674453749,1,0.0007986628196696884,6,0.003322675299502968
main_partial_COV_EVENT_O1000_N2_P0.5_B8_T1.0_S0_R5,95,0.5,190,0.002619329163013627,3.469446951953614e-18,0.0007289545691849832,0,0.0,5,0.0025835064102095566
main_partial_COV_EVENT_O1000_N2_P0.5_B8_T1.0_S0_R5,95,0.75,190,0.0028856033437058524,3.469446951953614e-18,0.0007060051632473458,0,0.0,5,0.0028418906476829556
main_partial_COV_EVENT_O1000_N2_P0.5_B8_T1.0_S0_R5,100,0.5,190,0.004785461267323175,0.0,0.0013596609528539437,0,0.0,6,0.003834321440347885
main_partial_COV_EVENT_O1000_N2_P0.5_B8_T1.0_S0_R5,100,0.75,190,0.0051289907668779396,0.0,0.0012796906885939152,1,0.0005533967589139953,6,0.003097096992271002
main_partial_COV_EVENT_O1000_N2_P0.5_B8_T1.0_S0_R5,140,0.5,190,0.0062832358042994585,-6.938893903907228e-18,0.0018072732694929864,0,0.0,19,0.004995440530276778
main_partial_COV_EVENT_O1000_N2_P0.5_B8_T1.0_S0_R5,140,0.75,190,0.006642896963284857,-6.938893903907228e-18,0.0016782441685828185,1,0.0014721721749350117,19,0.003938829947860309
main_partial_COV_EVENT_O1000_N2_P0.5_B8_T1.0_S0_R5,160,0.5,190,0.007023019126223794,0.0,0.0020314908451323772,1,0.000277620531412448,6,0.005564160538585286
main_partial_COV_EVENT_O1000_N2_P0.5_B8_T1.0_S0_R5,160,0.75,190,0.0073820883896812545,0.0,0.0018759764094758546,1,0.0019164307971186664,6,0.004342401388935893
main_partial_COV_EVENT_O1000_N2_P0.5_B8_T1.0_S0_R5,165,0.5,190,0.013127747043760352,6.938893903907228e-18,0.003950809503712143,1,0.0026260886401054603,6,0.010170007145438538
main_partial_COV_EVENT_O1000_N2_P0.5_B8_T1.0_S0_R5,165,0.75,190,0.013328858459124883,6.938893903907228e-18,0.0035342659300695812,1,0.005439132960158195,6,0.0074600969531214145
main_partial_COV_EVENT_O1000_N2_P0.5_B8_T1.0_S0_R5,170,0.5,190,0.005488999172065079,0.0,0.0015688323954206496,0,0.0,6,0.004381681039591211
main_partial_COV_EVENT_O1000_N2_P0.5_B8_T1.0_S0_R5,170,0.75,190,0.005843179335594688,0.0,0.0014666197982517093,1,0.0009887843738688729,6,0.0034971123130056667
main_partial_COV_EVENT_O1000_N2_P0.5_B8_T1.0_S0_R5,175,0.5,190,0.01063701112469629,0.0,0.0031537485463891827,1,0.0016839190489715827,6,0.008306909138932207
main_partial_COV_EVENT_O1000_N2_P0.5_B8_T1.0_S0_R5,175,0.75,190,0.010930512748482897,0.0,0.0028517319482655244,1,0.004025878573457389,6,0.006226412804919694
main_partial_COV_EVENT_O1000_N2_P0.5_B8_T1.0_S0_R5,180,0.5,190,0.008634120604803827,-1.3877787807814457e-17,0.0025264820641128878,1,0.0009118044034263639,6,0.006793729841990087
main_partial_COV_EVENT_O1000_N2_P0.5_B8_T1.0_S0_R5,180,0.75,190,0.008975548696113292,-6.938893903907228e-18,0.0023088782828966288,1,0.0028677066051395264,6,0.005198583333376035
main_partial_COV_EVENT_O1000_N2_P0.5_B8_T1.0_S0_R5,185,0.5,190,0.004679805238618509,0.0,0.001328424294161938,0,0.0,6,0.00375192468630519
main_partial_COV_EVENT_O1000_N2_P0.5_B8_T1.0_S0_R5,185,0.75,190,0.005021187062167389,0.0,0.0012516515821648136,1,0.00048744154003732207,6,0.003036337069502716
main_partial_COV_EVENT_O1000_N2_P0.5_B8_T1.0_S0_R5,190,0.5,190,0.005030422447622231,0.0,0.001432263019081515,0,0.0,6,0.004025201933761498
main_partial_COV_EVENT_O1000_N2_P0.5_B8_T1.0_S0_R5,190,0.75,190,0.00537835450250938,0.0,0.0013447290788674202,1,0.0007057513679296426,6,0.0032372921670955276
main_partial_GRANT_O1000_N1_P0.2_B4_T0.4_S0_R5,0,0.5,190,0.10952553672496956,-2.7755575615628914e-17,0.04262913597395955,1,0.030969473909636072,134,0.050642954977616436
main_partial_GRANT_O1000_N1_P0.2_B4_T0.4_S0_R5,0,0.75,190,0.09848430488088349,-2.7755575615628914e-17,0.03417363129624187,1,0.026480917729748324,134,0.02233584918237593
main_partial_GRANT_O1000_N1_P0.2_B4_T0.4_S0_R5,10,0.5,190,0.007360617222760664,0.0,0.00213446702648528,1,0.0004116384555445385,19,0.005822764169090701
main_partial_GRANT_O1000_N1_P0.2_B4_T0.4_S0_R5,10,0.75,190,0.0077177646059175264,0.0,0.0019664243053133215,1,0.002117457683316816,19,0.004524242752261834
main_partial_GRANT_O1000_N1_P0.2_B4_T0.4_S0_R5,20,0.5,190,0.0037862894907823713,-1.0408340855860843e-17,0.0010661233970708517,0,0.0,19,0.0030511607279243777
main_partial_GRANT_O1000_N1_P0.2_B4_T0.4_S0_R5,20,0.75,190,0.0041035368291096365,-6.938893903907228e-18,0.0010148562809200825,0,0.0,19,0.0025131823850077784
main_partial_GRANT_O1000_N1_P0.2_B4_T0.4_S0_R5,30,0.5,190,0.00973474752958648,1.3877787807814457e-17,0.002869598197194468,1,0.001337929693060902,6,0.007627013150537466
main_partial_GRANT_O1000_N1_P0.2_B4_T0.4_S0_R5,30,0.75,190,0.010053101456912648,6.938893903907228e-18,0.0026065341830466874,1,0.003506894539591368,6,0.00576777833931813
main_partial_GRANT_O1000_N1_P0.2_B4_T0.4_S0_R5,40,0.5,190,0.010216399426011845,0.0,0.003020970802302813,1,0.0015229814173989414,6,0.007990319045295458
main_partial_GRANT_O1000_N1_P0.2_B4_T0.4_S0_R5,40,0.75,190,0.010522110654154322,0.0,0.0027372923561803783,1,0.0037844721260984135,6,0.006013464523081449
main_partial_GRANT_O1000_N1_P0.2_B4_T0.4_S0_R5,50,0.5,190,0.010468012129753908,0.0,0.003100347058810115,1,0.0016194320084595773,6,0.008179985805010552
main_partial_GRANT_O1000_N1_P0.2_B4_T0.4_S0_R5,50,0.75,190,0.010766481471488697,0.0,0.002805717046913051,1,0.003929148012689357,6,0.006141165392379966
main_partial_GRANT_O1000_N1_P0.2_B4_T0.4_S0_R5,60,0.5,190,0.007775970990312943,-1.3877787807814457e-17,0.00226170961275205,1,0.0005756404400082127,6,0.006140178779712367
main_partial_GRANT_O1000_N1_P0.2_B4_T0.4_S0_R5,60,0.75,190,0.008129426327262532,-6.938893903907228e-18,0.0020778945358701636,1,0.0023634606600123134,6,0.004746104614068422
main_partial_GRANT_O1000_N1_P0.2_B4_T0.4_S0_R5,70,0.5,190,0.0023149219359838574,-6.938893903907228e-18,0.0006420922425481732,1,9.19256675512431e-05,6,0.0018815952332443334
main_partial_GRANT_O1000_N1_P0.2_B4_T0.4_S0_R5,70,0.75,190,0.0025634597435036446,-3.469446951953614e-18,0.0006253898880551129,0,0.0,6,0.0016090930768654851
main_partial_GRANT_O1000_N1_P0.2_B4_T0.4_S0_R5,80,0.5,190,0.0021642010587009063,0.0,0.0005992623854382136,1,0.00021966789861877986,6,0.0017604261711311395
main_partial_GRANT_O1000_N1_P0.2_B4_T0.4_S0_R5,80,0.75,190,0.002403155216361273,0.0,0.0005854464159126969,0,0.0,6,0.0015126662560566995
main_partial_GRANT_O1000_N1_P0.2_B4_T0.4_S0_R5,90,0.5,190,0.0038431060713765078,-3.469446951953614e-18,0.0010826995394079778,0,0.0,6,0.0030959070884155407
main_partial_GRANT_O1000_N1_P0.2_B4_T0.4_S0_R5,90,0.75,190,0.004162236546973588,0.0,0.001029900203827837,0,0.0,6,0.0025469531607692705
main_partial_GRANT_O1000_N1_P0.2_B4_T0.4_S0_R5,100,0.5,190,0.007439296440969599,0.0,0.0021585240386674787,1,0.0004427775794853886,6,0.005882953567332691
main_partial_GRANT_O1000_N1_P0.2_B4_T0.4_S0_R5,100,0.75,190,0.007795854857352284,0.0,0.001987523512317381,1,0.002164166369228067,6,0.004566423967460244
main_partial_GRANT_O1000_N1_P0.2_B4_T0.4_S0_R5,110,0.5,190,0.004993405078589266,0.0,0.001421276126402164,0,0.0,19,0.003996383292284703
main_partial_GRANT_O1000_N1_P0.2_B4_T0.4_S0_R5,110,0.75,190,0.005340719457266864,0.0,0.001334897515766184,1,0.0006827870550374683,19,0.003216175173984946
main_partial_GRANT_O1000_N1_P0.2_B4_T0.4_S0_R5,120,0.5,190,0.010983212190291497,1.3877787807814457e-17,0.0032634417913514815,1,0.0018159487512821176,19,0.008567037251427358
main_partial_GRANT_O1000_N1_P0.2_B4_T0.4_S0_R5,120,0.75,190,0.011265879586197923,6.938893903907228e-18,0.00294610334228994,1,0.004223923126923192,19,0.00640061575357212
main_partial_GRANT_O1000_N1_P0.2_B4_T0.4_S0_R5,130,0.5,190,0.009189943190804746,-1.3877787807814457e-17,0.002699262823635701,1,0.001127567986904665,19,0.007215038284861121
main_partial_GRANT_O1000_N1_P0.2_B4_T0.4_S0_R5,130,0.75,190,0.009520785254180916,-6.938893903907228e-18,0.0024590009220523544,1,0.003191351980356985,19,0.005487394151185536
main_partial_GRANT_O1000_N1_P0.2_B4_T0.4_S0_R5,140,0.5,190,0.004245068224401419,-6.938893903907228e-18,0.0012003749305576244,0,0.0,19,0.0034117148849235127
main_partial_GRANT_O1000_N1_P0.2_B4_T0.4_S0_R5,140,0.75,190,0.0045761320023331165,-6.938893903907228e-18,0.001136378707253108,1,0.00021379514258415208,19,0.0027838379006972017
main_partial_GRANT_O1000_N1_P0.2_B4_T0.4_S0_R5,150,0.5,190,0.005660892918447957,0.0,0.00162022572186842,0,0.0,6,0.0045146629648544
main_partial_GRANT_O1000_N1_P0.2_B4_T0.4_S0_R5,150,0.75,190,0.006016873065160196,-6.938893903907228e-18,0.0015123713116101773,1,0.001093912951694427,6,0.00359340132520556
main_partial_GRANT_O1000_N1_P0.2_B4_T0.4_S0_R5,160,0.5,190,0.0021680923866216548,0.0,0.0006003666553120456,1,0.0002163330465683004,6,0.0017635582651323312
main_partial_GRANT_O1000_N1_P0.2_B4_T0.4_S0_R5,160,0.75,190,0.002407301020110688,0.0,0.0005864779847035972,0,0.0,6,0.0015151665000276149
main_partial_GRANT_O1000_N1_P0.2_B4_T0.4_S0_R5,170,0.5,190,0.009880141021616135,-6.938893903907228e-18,0.002915215583498816,1,0.0013938787736252414,6,0.007736771133753206
main_partial_GRANT_O1000_N1_P0.2_B4_T0.4_S0_R5,170,0.75,190,0.010194833047068252,-6.938893903907228e-18,0.002645972968316972,1,0.003590818160437853,6,0.005842154278969017
main_partial_GRANT_O1000_N1_P0.2_B4_T0.4_S0_R5,180,0.5,190,0.012773988276908732,0.0,0.0038365113323119322,1,0.0024932838765174617,6,0.009906520889611185
main_partial_GRANT_O1000_N1_P0.2_B4_T0.4_S0_R5,180,0.75,190,0.01299016028971646,0.0,0.003436818935539042,1,0.00523992581477619,6,0.007287500009463842
main_partial_GRANT_O1000_N1_P0.2_B4_T0.4_S0_R5,190,0.5,190,0.005029519741643902,-6.938893903907228e-18,0.0014319950266057915,0,0.0,6,0.004024499265472374
main_partial_GRANT_O1000_N1_P0.2_B4_T0.4_S0_R5,190,0.75,190,0.0053774369341622955,-6.938893903907228e-18,0.0013444893122809645,1,0.0007051915978935619,6,0.0032367774891957496
main_partial_GRANT_O1000_N2_P0.2_B4_T0.4_S0_R5,0,0.5,190,0.10952553672496956,-2.7755575615628914e-17,0.04262913597395955,1,0.030969473909636072,134,0.050642954977616436
main_partial_GRANT_O1000_N2_P0.2_B4_T0.4_S0_R5,0,0.75,190,0.09848430488088349,-2.7755575615628914e-17,0.03417363129624187,1,0.026480917729748324,134,0.02233584918237593
main_partial_GRANT_O1000_N2_P0.2_B4_T0.4_S0_R5,10,0.5,190,0.002240890115478924,-3.469446951953614e-18,0.0006210398567909704,1,0.00015431059395406427,19,0.0018221158700852946
main_partial_GRANT_O1000_N2_P0.2_B4_T0.4_S0_R5,10,0.75,190,0.0024847899056491853,-3.469446951953614e-18,0.000605773153548035,0,0.0,19,0.0015618350156343663
main_partial_GRANT_O1000_N2_P0.2_B4_T0.4_S0_R5,20,0.5,190,0.003786167096742808,0.0,0.0010660877042862533,0,0.0,19,0.0030510643063478907
main_partial_GRANT_O1000_N2_P0.2_B4_T0.4_S0_R5,20,0.75,190,0.004103410323979515,3.469446951953614e-18,0.0010148238748616052,0,0.0,19,0.0025131095567969414
main_partial_GRANT_O1000_N2_P0.2_B4_T0.4_S0_R5,30,0.5,190,0.002620795817193128,-3.469446951953614e-18,0.0007293742195055828,0,0.0,6,0.002126627606928333
main_partial_GRANT_O1000_N2_P0.2_B4_T0.4_S0_R5,30,0.75,190,0.002887150475158924,-3.469446951953614e-18,0.0007063934340851945,0,0.0,6,0.0018023155404645608
main_partial_GRANT_O1000_N2_P0.2_B4_T0.4_S0_R5,40,0.5,190,0.0049216103314667775,0.0,0.00139998297418314,0,0.0,6,0.003940463395291541
main_partial_GRANT_O1000_N2_P0.2_B4_T0.4_S0_R5,40,0.75,190,0.005267678809412181,0.0,0.0013158326818484857,1,0.0006381891823626883,6,0.0031751499910584943
main_partial_GRANT_O1000_N2_P0.2_B4_T0.4_S0_R5,50,0.5,190,0.008310446788178757,1.3877787807814457e-17,0.0024263174243952545,1,0.0007853588415542775,6,0.006547469281477633
main_partial_GRANT_O1000_N2_P0.2_B4_T0.4_S0_R5,50,0.75,190,0.008657110930662314,6.938893903907228e-18,0.0022216505877735754,1,0.002678038262331421,6,0.0050287464133477525
main_partial_GRANT_O1000_N2_P0.2_B4_T0.4_S0_R5,60,0.5,190,0.0022666128306503414,-3.469446951953614e-18,0.0006283557618115481,1,0.00013232589018508448,6,0.001843010805946052
main_partial_GRANT_O1000_N2_P0.2_B4_T0.4_S0_R5,60,0.75,190,0.002512098627029894,-3.469446951953614e-18,0.0006125822634476071,0,0.0,6,0.0015784531015331504
main_partial_GRANT_O1000_N2_P0.2_B4_T0.4_S0_R5,70,0.5,190,0.007640027297330855,-1.3877787807814457e-17,0.0022200083323312848,1,0.0005221762277722031,6,0.006036592290393057
main_partial_GRANT_O1000_N2_P0.2_B4_T0.4_S0_R5,70,0.75,190,0.007994786611777958,-6.938893903907228e-18,0.002041380769871005,1,0.002283264341658285,6,0.004673858559968547
main_partial_GRANT_O1000_N2_P0.2_B4_T0.4_S0_R5,80,0.5,190,0.0021651466771575485,6.938893903907228e-18,0.0005995307228899581,1,0.00021885732204805428,6,0.0017611873094874747
main_partial_GRANT_O1000_N2_P0.2_B4_T0.4_S0_R5,80,0.75,190,0.0024041627090738184,3.469446951953614e-18,0.0005856970955542947,0,0.0,6,0.0015132738852222868
main_partial_GRANT_O1000_N2_P0.2_B4_T0.4_S0_R5,90,0.5,190,0.0038435288418460153,-3.469446951953614e-18,0.001082822929060157,0,0.0,6,0.0030962397257615
main_partial_GRANT_O1000_N2_P0.2_B4_T0.4_S0_R5,90,0.75,190,0.004162673190801033,0.0,0.0010300121580564287,0,0.0,6,0.002547204009348124
main_partial_GRANT_O1000_N2_P0.2_B4_T0.4_S0_R5,100,0.5,190,0.007418424669318038,0.0,0.002152140156041053,1,0.0004345204837347752,6,0.005866989606079169
main_partial_GRANT_O1000_N2_P0.2_B4_T0.4_S0_R5,100,0.75,190,0.007775144430910881,0.0,0.001981925646473014,1,0.0021517807256021607,6,0.004555241428743834
main_partial_GRANT_O1000_N2_P0.2_B4_T0.4_S0_R5,110,0.5,190,0.009986737444504928,-1.3877787807814457e-17,0.002948702675197637,1,0.0014348501015092607,19,0.007817193907151215
main_partial_GRANT_O1000_N2_P0.2_B4_T0.4_S0_R5,110,0.75,190,0.010298658542159923,-6.938893903907228e-18,0.002674905581013409,1,0.0036522751522638786,19,0.005896567487738667
main_partial_GRANT_O1000_N2_P0.2_B4_T0.4_S0_R5,120,0.5,190,0.009021008299627077,-6.938893903907228e-18,0.002646637900722608,1,0.001062092730859221,19,0.007087049373473021
main_partial_GRANT_O1000_N2_P0.2_B4_T0.4_S0_R5,120,0.75,190,0.009355318338042352,-6.938893903907228e-18,0.0024133326490181598,1,0.0030931390962888328,19,0.005399884091401047
main_partial_GRANT_O1000_N2_P0.2_B4_T0.4_S0_R5,130,0.5,190,0.004643064728853424,0.0,0.0013175700145726292,0,0.0,19,0.0037231696645747894
main_partial_GRANT_O1000_N2_P0.2_B4_T0.4_S0_R5,130,0.75,190,0.004983686297554513,0.0,0.001241906269270589,1,0.0004643963138549097,19,0.0030150976933250306
main_partial_GRANT_O1000_N2_P0.2_B4_T0.4_S0_R5,140,0.5,190,0.011142862294384152,0.0,0.003314162419426853,1,0.0018768132712246172,19,0.008687070410182698
main_partial_GRANT_O1000_N2_P0.2_B4_T0.4_S0_R5,140,0.75,190,0.011420233723561837,0.0,0.0029896713334604443,1,0.004315219906836927,19,0.006480773067899272
main_partial_GRANT_O1000_N2_P0.2_B4_T0.4_S0_R5,150,0.5,190,0.005659869632424562,0.0,0.001619921861385684,0,0.0,6,0.004513932077354475
main_partial_GRANT_O1000_N2_P0.2_B4_T0.4_S0_R5,150,0.75,190,0.006015824382059214,0.0,0.0015120968594376607,1,0.0010933357826541715,6,0.0035928730176762666
main_partial_GRANT_O1000_N2_P0.2_B4_T0.4_S0_R5,160,0.5,190,0.002168222587537093,6.938893903907228e-18,0.000600403605954406,1,0.00021622143367785313,6,0.0017636631211976825
main_partial_GRANT_O1000_N2_P0.2_B4_T0.4_S0_R5,160,0.75,190,0.0024074397178495896,3.469446951953614e-18,0.000586512497848804,0,0.0,6,0.0015152501958456618
main_partial_GRANT_O1000_N2_P0.2_B4_T0.4_S0_R5,170,0.5,190,0.009880141045312173,-1.3877787807814457e-17,0.0029152155909388986,1,0.0013938787827374108,6,0.007736771151635083
main_partial_GRANT_O1000_N2_P0.2_B4_T0.4_S0_R5,170,0.75,190,0.010194833070156464,-6.938893903907228e-18,0.002645972974746933,1,0.0035908181741061,6,0.005842154291075569
main_partial_GRANT_O1000_N2_P0.2_B4_T0.4_S0_R5,180,0.5,190,0.010072792076883268,0.0,0.002975762307815631,1,0.0014678942638805328,6,0.00788208500137158
main_partial_GRANT_O1000_N2_P0.2_B4_T0.4_S0_R5,180,0.75,190,0.010382425186742303,0.0,0.002698273803876877,1,0.003701841395820804,6,0.005940420834885295
main_partial_GRANT_O1000_N2_P0.2_B4_T0.4_S0_R5,190,0.5,190,0.010879852529635636,0.0,0.003230658333271866,1,0.0017766010576074562,6,0.008489476773503056
main_partial_GRANT_O1000_N2_P0.2_B4_T0.4_S0_R5,190,0.75,190,0.011165807890709784,0.0,0.002917910067130732,1,0.004164901586411182,6,0.006348745855832054
main_partial_GOQ_O1000_N1_P0.5_B8_T1.0_S0_R5,0,0.5,190,0.10952553672496956,-2.7755575615628914e-17,0.04262913597395955,1,0.030969473909636072,19,0.07757667138697191
main_partial_GOQ_O1000_N1_P0.5_B8_T1.0_S0_R5,0,0.75,190,0.09848430488088349,-2.7755575615628914e-17,0.03417363129624187,1,0.026480917729748324,19,0.04532261542112731
main_partial_GOQ_O1000_N1_P0.5_B8_T1.0_S0_R5,5,0.5,190,0.003760478575341418,-1.0408340855860843e-17,0.0010585978426925638,0,0.0,19,0.003030824148188005
main_partial_GOQ_O1000_N1_P0.5_B8_T1.0_S0_R5,5,0.75,190,0.004076853748614207,-6.938893903907228e-18,0.0010080225087435934,0,0.0,19,0.0024978164634175334
main_partial_GOQ_O1000_N1_P0.5_B8_T1.0_S0_R5,10,0.5,190,0.0022409013235008685,0.0,0.0006210430373637055,1,0.0001543013341953267,19,0.0018221246556782977
main_partial_GOQ_O1000_N1_P0.5_B8_T1.0_S0_R5,10,0.75,190,0.002484801866888875,0.0,0.0006057761313595182,0,0.0,19,0.0015618420067405256
main_partial_GOQ_O1000_N1_P0.5_B8_T1.0_S0_R5,15,0.5,190,0.002332251973333036,3.469446951953614e-18,0.0006470245286604643,1,7.741886544490248e-05,19,0.001895508672911994
main_partial_GOQ_O1000_N1_P0.5_B8_T1.0_S0_R5,15,0.75,190,0.002581856527671754,0.0,0.0006299812109913814,0,0.0,19,0.0016201270178281407
main_partial_GOQ_O1000_N1_P0.5_B8_T1.0_S0_R5,20,0.5,190,0.01201575083509128,6.938893903907228e-18,0.0035927302592745755,1,0.0022076010554553244,19,0.009340619098504019
main_partial_GOQ_O1000_N1_P0.5_B8_T1.0_S0_R5,20,0.75,190,0.012262108778020336,6.938893903907228e-18,0.0032285170624336136,1,0.004811401583182995,19,0.0069147999775316035
main_partial_GOQ_O1000_N1_P0.5_B8_T1.0_S0_R5,25,0.5,190,0.0065939834040488685,0.0,0.0019012155410494023,1,0.00010632749260208046,66,0.005250541821933838
main_partial_GOQ_O1000_N1_P0.5_B8_T1.0_S0_R5,25,0.75,190,0.006954007316699179,0.0,0.001761223701879928,1,0.0016594912389031116,66,0.004125376937660796
main_partial_GOQ_O1000_N1_P0.5_B8_T1.0_S0_R5,30,0.5,190,0.007287025475078472,0.0,0.0021119956288899646,1,0.00038259174226145526,6,0.005766653473358474
main_partial_GOQ_O1000_N1_P0.5_B8_T1.0_S0_R5,30,0.75,190,0.007644615462439795,0.0,0.001946689505924536,1,0.0020738876133921877,6,0.004484872204023972
main_partial_GOQ_O1000_N1_P0.5_B8_T1.0_S0_R5,35,0.5,190,0.0023475992954912206,3.469446951953614e-18,0.0006513951362673801,1,6.453558866926709e-05,6,0.0019078908236560763
main_partial_GOQ_O1000_N1_P0.5_B8_T1.0_S0_R5,35,0.75,190,0.0025981307707107527,3.469446951953614e-18,0.0006340448753341085,0,0.0,6,0.0016299400694229915
main_partial_GOQ_O1000_N1_P0.5_B8_T1.0_S0_R5,40,0.5,190,0.0049771277663209,0.0,0.0014164467135976435,0,0.0,6,0.003983708261709552
main_partial_GOQ_O1000_N1_P0.5_B8_T1.0_S0_R5,40,0.75,190,0.005324165220799863,0.0,0.0013305747453492942,1,0.0006726827137046934,6,0.003206881997629134
main_partial_GOQ_O1000_N1_P0.5_B8_T1.0_S0_R5,45,0.5,190,0.002289170751915235,6.938893903907228e-18,0.0006347661242441214,1,0.00011354894043488425,6,0.001860913833327621
main_partial_GOQ_O1000_N1_P0.5_B8_T1.0_S0_R5,45,0.75,190,0.0025361102496205337,3.469446951953614e-18,0.0006185670111643768,0,0.0,6,0.0015926774490227155
main_partial_GOQ_O1000_N1_P0.5_B8_T1.0_S0_R5,50,0.5,190,0.002385022624461046,0.0,0.0006620531721755183,1,3.346482180546437e-05,6,0.0019378524855946239
main_partial_GOQ_O1000_N1_P0.5_B8_T1.0_S0_R5,50,0.75,190,0.0026378319346374406,0.0,0.0006439603842585066,0,0.0,6,0.001653659991416749
main_partial_GOQ_O1000_N1_P0.5_B8_T1.0_S0_R5,55,0.5,190,0.0025051983043374616,0.0,0.0006963318839527204,0,0.0,6,0.002034155462354831
main_partial_GOQ_O1000_N1_P0.5_B8_T1.0_S0_R5,55,0.75,190,0.0027650666116675916,0.0,0.0006757874780020198,0,0.0,6,0.0017296641736840104
main_partial_GOQ_O1000_N1_P0.5_B8_T1.0_S0_R5,60,0.5,190,0.002266610321511077,-1.0408340855860843e-17,0.0006283550484340199,1,0.00013232800797626648,6,0.0018430087896695244
main_partial_GOQ_O1000_N1_P0.5_B8_T1.0_S0_R5,60,0.75,190,0.002512095960034339,-6.938893903907228e-18,0.0006125815985576077,0,0.0,6,0.0015784514988202714
main_partial_GOQ_O1000_N1_P0.5_B8_T1.0_S0_R5,65,0.5,190,0.0023882361272182587,3.469446951953614e-18,0.0006629688194615317,1,3.079867753759749e-05,6,0.0019404299839664227
main_partial_GOQ_O1000_N1_P0.5_B8_T1.0_S0_R5,65,0.75,190,0.0026412384825368375,3.469446951953614e-18,0.0006448115789942747,0,0.0,6,0.0016556988811245385
main_partial_GOQ_O1000_N1_P0.5_B8_T1.0_S0_R5,70,0.5,190,0.0023056067296581897,3.469446951953614e-18,0.0006394418432964991,1,9.973089938891677e-05,6,0.0018741220403948738
main_partial_GOQ_O1000_N1_P0.5_B8_T1.0_S0_R5,70,0.75,190,0.002553566882174046,3.469446951953614e-18,0.0006229216190450911,0,0.0,6,0.0016031633087311356
main_partial_GOQ_O1000_N1_P0.5_B8_T1.0_S0_R5,75,0.5,190,0.003703251471429532,-3.469446951953614e-18,0.0010419232257610303,0,0.0,6,0.0029857209462540446
main_partial_GOQ_O1000_N1_P0.5_B8_T1.0_S0_R5,75,0.75,190,0.004017653861422242,-3.469446951953614e-18,0.0009928716246191622,0,0.0,6,0.0024636977264680116
main_partial_GOQ_O1000_N1_P0.5_B8_T1.0_S0_R5,80,0.5,190,0.0021639218210518403,0.0,0.0005991874921813642,1,0.00021966789868048744,6,0.0017604261710731928
main_partial_GOQ_O1000_N1_P0.5_B8_T1.0_S0_R5,80,0.75,190,0.0024028172217053327,0.0,0.0005853648727780455,0,0.0,6,0.0015126662560104448
main_partial_GOQ_O1000_N1_P0.5_B8_T1.0_S0_R5,85,0.5,190,0.008238032895193516,0.0,0.0024039699797674596,1,0.0007571365203695377,6,0.006492573477784078
main_partial_GOQ_O1000_N1_P0.5_B8_T1.0_S0_R5,85,0.75,190,0.00858568409796611,0.0,0.0022021461580024834,1,0.0026357047805543043,6,0.004990780156378272
main_partial_GOQ_O1000_N1_P0.5_B8_T1.0_S0_R5,90,0.5,190,0.003881114546204066,-3.469446951953614e-18,0.0010937964096817162,0,0.0,6,0.0031258254067580288
main_partial_GOQ_O1000_N1_P0.5_B8_T1.0_S0_R5,90,0.75,190,0.0042014769594998815,0.0,0.0010399649301482345,0,0.0,6,0.00256950356649141
main_partial_GOQ_O1000_N1_P0.5_B8_T1.0_S0_R5,95,0.5,190,0.0026114065012953075,-3.469446951953614e-18,0.0007266878641281456,0,0.0,6,0.0021191224195488342
main_partial_GOQ_O1000_N1_P0.5_B8_T1.0_S0_R5,95,0.75,190,0.0028772451507378706,-3.469446951953614e-18,0.0007039077588995684,0,0.0,6,0.0017964307804061233
main_partial_GOQ_O1000_N1_P0.5_B8_T1.0_S0_R5,100,0.5,190,0.003567869245802699,0.0,0.0010025339067523103,0,0.0,6,0.002878883292011504
main_partial_GOQ_O1000_N1_P0.5_B8_T1.0_S0_R5,100,0.75,190,0.003877400231180758,0.0,0.0009570347353930998,0,0.0,6,0.0023826576499300436
main_partial_GOQ_O1000_N1_P0.5_B8_T1.0_S0_R5,105,0.5,190,0.004005882752335432,0.0,0.001130273486306718,0,0.0,19,0.00322412595892993
main_partial_GOQ_O1000_N1_P0.5_B8_T1.0_S0_R5,105,0.75,190,0.004330094687788579,0.0,0.0010730027465800003,1,6.190610353129164e-05,19,0.002643432589663826
main_partial_GOQ_O1000_N1_P0.5_B8_T1.0_S0_R5,110,0.5,190,0.010176686789378907,0.0,0.0030084626049365613,1,0.0015077550641558052,19,0.007960395762732546
main_partial_GOQ_O1000_N1_P0.5_B8_T1.0_S0_R5,110,0.75,190,0.01048349531828751,0.0,0.002726499567730471,1,0.0037616325962336952,19,0.005993282783748562
main_partial_GOQ_O1000_N1_P0.5_B8_T1.0_S0_R5,115,0.5,190,0.004668447088597656,0.0,0.0013250666480668564,0,0.0,19,0.003742993194062051
main_partial_GOQ_O1000_N1_P0.5_B8_T1.0_S0_R5,115,0.75,190,0.005009606207211012,0.0,0.0012486402255031588,1,0.0004802851195142843,19,0.003029741950376294
main_partial_GOQ_O1000_N1_P0.5_B8_T1.0_S0_R5,120,0.5,190,0.0022572209593137715,0.0,0.0006256826440416232,1,0.00014042328035169388,19,0.0018353064278093523
main_partial_GOQ_O1000_N1_P0.5_B8_T1.0_S0_R5,120,0.75,190,0.0025021435524723787,0.0,0.0006100987662763453,0,0.0,19,0.0015723277720923329
main_partial_GOQ_O1000_N1_P0.5_B8_T1.0_S0_R5,125,0.5,190,0.0022186753364118635,0.0,0.0006147327099380881,1,0.00017292744993042258,19,0.0018044782650135371
main_partial_GOQ_O1000_N1_P0.5_B8_T1.0_S0_R5,125,0.75,190,0.0024611166511386354,0.0,0.000599878162804555,0,0.0,19,0.0015477935023254508
main_partial_GOQ_O1000_N1_P0.5_B8_T1.0_S0_R5,130,0.5,190,0.004697417455970521,0.0,0.0013336262493970148,0,0.0,19,0.0037656133085015933
main_partial_GOQ_O1000_N1_P0.5_B8_T1.0_S0_R5,130,0.75,190,0.005039179869670403,0.0,0.0012563266920965965,1,0.0004984069107292245,19,0.0030464414831706324
main_partial_GOQ_O1000_N1_P0.5_B8_T1.0_S0_R5,135,0.5,190,0.004853381232042653,0.0,0.0013797667315269364,0,0.0,19,0.0038872879883976377
main_partial_GOQ_O1000_N1_P0.5_B8_T1.0_S0_R5,135,0.75,190,0.005198206445471646,0.0,0.001297718736064833,1,0.0005957329797436871,19,0.0031360768850574455
main_partial_GOQ_O1000_N1_P0.5_B8_T1.0_S0_R5,140,0.5,190,0.004254419049837241,0.0,0.0012031207157621449,0,0.0,19,0.0034190461804423714
main_partial_GOQ_O1000_N1_P0.5_B8_T1.0_S0_R5,140,0.75,190,0.00458573241802486,0.0,0.001138856817197225,1,0.00021971597577478616,19,0.0027893076659590496
main_partial_GOQ_O1000_N1_P0.5_B8_T1.0_S0_R5,145,0.5,190,0.009273371603469,6.938893903907228e-18,0.002725288564616465,1,0.0011598852684141722,66,0.0072940524534657325
main_partial_GOQ_O1000_N1_P0.5_B8_T1.0_S0_R5,145,0.75,190,0.00960241344434462,6.938893903907228e-18,0.0024815665348628647,1,0.0032398279026212493,66,0.005546643521786965
main_partial_GOQ_O1000_N1_P0.5_B8_T1.0_S0_R5,150,0.5,190,0.004588165656404658,6.938893903907228e-18,0.0013013648725845879,0,0.0,6,0.0036802795361628934
main_partial_GOQ_O1000_N1_P0.5_B8_T1.0_S0_R5,150,0.75,190,0.004927595282284182,6.938893903907228e-18,0.0012273431330745686,1,0.0004299951852848212,6,0.0029833833825209308
main_partial_GOQ_O1000_N1_P0.5_B8_T1.0_S0_R5,155,0.5,190,0.004359437904746903,-6.938893903907228e-18,0.0012339841422572184,0,0.0,6,0.003501337775516984
main_partial_GOQ_O1000_N1_P0.5_B8_T1.0_S0_R5,155,0.75,190,0.004693470021451797,-6.938893903907228e-18,0.0011666922612904496,1,0.00028610034614552984,6,0.0028506159356987415
main_partial_GOQ_O1000_N1_P0.5_B8_T1.0_S0_R5,160,0.5,190,0.0021680896858367257,3.469446951953614e-18,0.0006003659269255489,1,0.00021633326726116023,6,0.0017635580578016577
main_partial_GOQ_O1000_N1_P0.5_B8_T1.0_S0_R5,160,0.75,190,0.0024072977886492562,3.469446951953614e-18,0.0005864772030372763,0,0.0,6,0.00151516633453639
main_partial_GOQ_O1000_N1_P0.5_B8_T1.0_S0_R5,165,0.5,190,0.00504761170182786,0.0,0.0014373667318627766,0,0.0,6,0.0040385809147449325
main_partial_GOQ_O1000_N1_P0.5_B8_T1.0_S0_R5,165,0.75,190,0.005395824907211154,0.0,0.0013492948352326222,1,0.000716408055809848,6,0.0032470898099527315
main_partial_GOQ_O1000_N1_P0.5_B8_T1.0_S0_R5,170,0.5,190,0.004890684226732722,0.0,0.0013908172395669955,0,0.0,6,0.003916364638349504
main_partial_GOQ_O1000_N1_P0.5_B8_T1.0_S0_R5,170,0.75,190,0.005236196369356665,0.0,0.0013076217167914891,1,0.0006189540613880558,6,0.0031574497693781303
main_partial_GOQ_O1000_N1_P0.5_B8_T1.0_S0_R5,175,0.5,190,0.004861694221899651,-6.938893903907228e-18,0.0013822288514375408,0,0.0,6,0.0038937685722684884
main_partial_GOQ_O1000_N1_P0.5_B8_T1.0_S0_R5,175,0.75,190,0.0052066740259456845,-6.938893903907228e-18,0.0012999255195436084,1,0.0006009096905785459,6,0.0031408420240147325
main_partial_GOQ_O1000_N1_P0.5_B8_T1.0_S0_R5,180,0.5,190,0.004995199840757587,0.0,0.0014218086908766925,0,0.0,6,0.003997780757883047
main_partial_GOQ_O1000_N1_P0.5_B8_T1.0_S0_R5,180,0.75,190,0.005342544553183011,6.938893903907228e-18,0.001335374165043664,1,0.0006839009369925576,6,0.0032171995728803443
main_partial_GOQ_O1000_N1_P0.5_B8_T1.0_S0_R5,185,0.5,190,0.004511480662794595,0.0,0.0012787498106203977,0,0.0,6,0.0036203281432977408
main_partial_GOQ_O1000_N1_P0.5_B8_T1.0_S0_R5,185,0.75,190,0.00484917958142056,0.0,0.0012070047333807394,1,0.00038185321676731734,6,0.002938983881966041
main_partial_GOQ_O1000_N1_P0.5_B8_T1.0_S0_R5,190,0.5,190,0.005029483366539127,-6.938893903907228e-18,0.0014319842277591688,0,0.0,6,0.0040244709511630256
main_partial_GOQ_O1000_N1_P0.5_B8_T1.0_S0_R5,190,0.75,190,0.005377399959895075,-6.938893903907228e-18,0.001344479650741577,1,0.0007051690415661241,6,0.0032367567498220173
main_partial_GOQ_O1000_N1_P0.5_B8_T1.0_S0_R5,195,0.5,190,0.008640491446799993,-6.938893903907228e-18,0.0025284485066459166,1,0.0009142083171679721,79,0.006814214807009639
main_partial_GOQ_O1000_N1_P0.5_B8_T1.0_S0_R5,195,0.75,190,0.008981855526157538,-6.938893903907228e-18,0.0023106011165374297,1,0.0028713124757519456,79,0.005217906340939077
main_partial_GOQ_O1000_N2_P0.5_B8_T1.0_S0_R5,0,0.5,190,0.10952553672496956,-2.7755575615628914e-17,0.04262913597395955,1,0.030969473909636072,19,0.07757667138697191
main_partial_GOQ_O1000_N2_P0.5_B8_T1.0_S0_R5,0,0.75,190,0.09848430488088349,-2.7755575615628914e-17,0.03417363129624187,1,0.026480917729748324,19,0.04532261542112731
main_partial_GOQ_O1000_N2_P0.5_B8_T1.0_S0_R5,5,0.5,190,0.0037681227944402484,-1.0408340855860843e-17,0.0010608263189479362,0,0.0,19,0.003036847670073374
main_partial_GOQ_O1000_N2_P0.5_B8_T1.0_S0_R5,5,0.75,190,0.004084757361326668,-6.938893903907228e-18,0.0010100463852060646,0,0.0,19,0.002502368870820053
main_partial_GOQ_O1000_N2_P0.5_B8_T1.0_S0_R5,10,0.5,190,0.0022409019424246557,-6.938893903907228e-18,0.0006210432132460794,1,0.000154300809784038,19,0.0018221251532363689
main_partial_GOQ_O1000_N2_P0.5_B8_T1.0_S0_R5,10,0.75,190,0.002484802525141657,-3.469446951953614e-18,0.0006057762953825212,0,0.0,19,0.001561842402670599
main_partial_GOQ_O1000_N2_P0.5_B8_T1.0_S0_R5,15,0.5,190,0.00233020929047428,-6.938893903907228e-18,0.0006464478142216414,1,7.888610167461341e-05,19,0.0018941000479022405
main_partial_GOQ_O1000_N2_P0.5_B8_T1.0_S0_R5,15,0.75,190,0.0025796455683610303,-3.469446951953614e-18,0.0006294322472371354,0,0.0,19,0.0016190102722021052
main_partial_GOQ_O1000_N2_P0.5_B8_T1.0_S0_R5,20,0.5,190,0.003768981022447805,0.0,0.0010610783857981636,0,0.0,19,0.003037586579913716
main_partial_GOQ_O1000_N2_P0.5_B8_T1.0_S0_R5,20,0.75,190,0.004085630617116993,0.0,0.0010102714441411836,0,0.0,19,0.0025029272511049652
main_partial_GOQ_O1000_N2_P0.5_B8_T1.0_S0_R5,25,0.5,190,0.006593083524854888,0.0,0.0019009429736685452,1,0.00010596668517094676,66,0.00524984934295699
main_partial_GOQ_O1000_N2_P0.5_B8_T1.0_S0_R5,25,0.75,190,0.006953107793759551,0.0,0.0017609832555803874,1,0.0016589500277564215,66,0.004124885064661153
main_partial_GOQ_O1000_N2_P0.5_B8_T1.0_S0_R5,30,0.5,190,0.002198852219542184,1.0408340855860843e-17,0.0006090985727942394,1,0.0001900349667143461,6,0.0017883164610105057
main_partial_GOQ_O1000_N2_P0.5_B8_T1.0_S0_R5,30,0.75,190,0.0024400578210162123,6.938893903907228e-18,0.0005946314056566474,0,0.0,6,0.0015349155166489437
main_partial_GOQ_O1000_N2_P0.5_B8_T1.0_S0_R5,35,0.5,190,0.002347581830515741,3.469446951953614e-18,0.0006513901633799158,1,6.455015831782762e-05,6,0.0019078768070368846
main_partial_GOQ_O1000_N2_P0.5_B8_T1.0_S0_R5,35,0.75,190,0.002598112240636146,3.469446951953614e-18,0.0006340402486322857,0,0.0,6,0.0016299289644836831
main_partial_GOQ_O1000_N2_P0.5_B8_T1.0_S0_R5,40,0.5,190,0.004921441100940886,0.0,0.00139993280778403,0,0.0,6,0.003940331540607529
main_partial_GOQ_O1000_N2_P0.5_B8_T1.0_S0_R5,40,0.75,190,0.005267506567383888,0.0,0.0013157877485528444,1,0.0006380839645081619,6,0.0031750531790324804
main_partial_GOQ_O1000_N2_P0.5_B8_T1.0_S0_R5,45,0.5,190,0.0022901288550327623,-3.469446951953614e-18,0.0006350386388119138,1,0.00011274297005409856,6,0.0018616834598677232
main_partial_GOQ_O1000_N2_P0.5_B8_T1.0_S0_R5,45,0.75,190,0.0025371281039328446,0.0,0.0006188208753713252,0,0.0,6,0.0015932886416066203
main_partial_GOQ_O1000_N2_P0.5_B8_T1.0_S0_R5,50,0.5,190,0.0023850226910329293,0.0,0.0006620531911437612,1,3.3464766561751985e-05,6,0.0019378525389908974
main_partial_GOQ_O1000_N2_P0.5_B8_T1.0_S0_R5,50,0.75,190,0.0026378320052112304,0.0,0.0006439604018922401,0,0.0,6,0.0016536600336577376
main_partial_GOQ_O1000_N2_P0.5_B8_T1.0_S0_R5,55,0.5,190,0.0025051983043604398,3.469446951953614e-18,0.0006963318839592815,0,0.0,6,0.0020341554623732327
main_partial_GOQ_O1000_N2_P0.5_B8_T1.0_S0_R5,55,0.75,190,0.0027650666116918847,3.469446951953614e-18,0.0006757874780081042,0,0.0,6,0.001729664173698485
main_partial_GOQ_O1000_N2_P0.5_B8_T1.0_S0_R5,60,0.5,190,0.0022668850014120473,-3.469446951953614e-18,0.000628428719284117,1,0.00013232800797625607,6,0.0018430087896695244
main_partial_GOQ_O1000_N2_P0.5_B8_T1.0_S0_R5,60,0.75,190,0.0025124284374482206,-3.469446951953614e-18,0.0006126618105861491,0,0.0,6,0.0015784514988202783
main_partial_GOQ_O1000_N2_P0.5_B8_T1.0_S0_R5,65,0.5,190,0.0023882362040277445,0.0,0.000662968840062485,1,3.079867753759749e-05,6,0.0019404299839664158
main_partial_GOQ_O1000_N2_P0.5_B8_T1.0_S0_R5,65,0.75,190,0.0026412385755005714,0.0,0.0006448116014216322,0,0.0,6,0.0016556988811245385
main_partial_GOQ_O1000_N2_P0.5_B8_T1.0_S0_R5,70,0.5,190,0.00230561558185928,-6.938893903907228e-18,0.0006394442175312786,1,9.973089938892371e-05,6,0.001874122040394867
main_partial_GOQ_O1000_N2_P0.5_B8_T1.0_S0_R5,70,0.75,190,0.0025535775961623604,-3.469446951953614e-18,0.0006229242037806156,0,0.0,6,0.0016031633087311425
main_partial_GOQ_O1000_N2_P0.5_B8_T1.0_S0_R5,75,0.5,190,0.003703260127932581,-6.938893903907228e-18,0.0010419255475079656,0,0.0,6,0.0029857209462540515
main_partial_GOQ_O1000_N2_P0.5_B8_T1.0_S0_R5,75,0.75,190,0.004017664338552818,-3.469446951953614e-18,0.0009928741522130182,0,0.0,6,0.0024636977264680046
main_partial_GOQ_O1000_N2_P0.5_B8_T1.0_S0_R5,80,0.5,190,0.002164201058628995,0.0,0.0005992623854178074,1,0.00021966789868049091,6,0.0017604261710731928
main_partial_GOQ_O1000_N2_P0.5_B8_T1.0_S0_R5,80,0.75,190,0.0024031552162846713,0.0,0.0005854464158936372,0,0.0,6,0.0015126662560104448
main_partial_GOQ_O1000_N2_P0.5_B8_T1.0_S0_R5,85,0.5,190,0.0023977569671919732,0.0,0.0006656819722206622,1,2.2906778529539068e-05,6,0.0019480655103960784
main_partial_GOQ_O1000_N2_P0.5_B8_T1.0_S0_R5,85,0.75,190,0.002651329909750054,0.0,0.0006473334255124248,0,0.0,6,0.0016617373162622767
main_partial_GOQ_O1000_N2_P0.5_B8_T1.0_S0_R5,90,0.5,190,0.00384603809289253,0.0,0.0010835553329281507,0,0.0,6,0.0030982152604123736
main_partial_GOQ_O1000_N2_P0.5_B8_T1.0_S0_R5,90,0.75,190,0.004165264438665356,0.0,0.0010306765926194263,0,0.0,6,0.0025486937402097454
main_partial_GOQ_O1000_N2_P0.5_B8_T1.0_S0_R5,95,0.5,190,0.002628986739583391,1.0408340855860843e-17,0.0007317180669184046,0,0.0,6,0.0021331740501383534
main_partial_GOQ_O1000_N2_P0.5_B8_T1.0_S0_R5,95,0.75,190,0.0028957900020999128,6.938893903907228e-18,0.00070856181809092,0,0.0,6,0.0018074468850699452
main_partial_GOQ_O1000_N2_P0.5_B8_T1.0_S0_R5,100,0.5,190,0.0035707438392052135,0.0,0.0010033694027632364,0,0.0,6,0.002881153337591348
main_partial_GOQ_O1000_N2_P0.5_B8_T1.0_S0_R5,100,0.75,190,0.003880381398866574,0.0,0.000957795607933672,0,0.0,6,0.0023843828493955513
main_partial_GOQ_O1000_N2_P0.5_B8_T1.0_S0_R5,105,0.5,190,0.003971589582608875,-6.938893903907228e-18,0.0011202351024143682,0,0.0,19,0.003196936792131587
main_partial_GOQ_O1000_N2_P0.5_B8_T1.0_S0_R5,105,0.75,190,0.00429480887968425,-6.938893903907228e-18,0.0010639276882519783,1,3.982661771735965e-05,19,0.0026230092106608663
main_partial_GOQ_O1000_N2_P0.5_B8_T1.0_S0_R5,110,0.5,190,0.005135049311517356,0.0,0.0014633464754092785,0,0.0,19,0.00410660600752364
main_partial_GOQ_O1000_N2_P0.5_B8_T1.0_S0_R5,110,0.75,190,0.005484637443642786,0.0,0.0013725237863443094,1,0.0007705488775718375,19,0.0032968486065119013
main_partial_GOQ_O1000_N2_P0.5_B8_T1.0_S0_R5,115,0.5,190,0.009346293709296481,6.938893903907228e-18,0.002748052518420025,1,0.0011880860800924514,19,0.007333440268446047
main_partial_GOQ_O1000_N2_P0.5_B8_T1.0_S0_R5,115,0.75,190,0.009673737550908251,6.938893903907228e-18,0.0025012992119851857,1,0.0032821291201386715,19,0.005568177032229234
main_partial_GOQ_O1000_N2_P0.5_B8_T1.0_S0_R5,120,0.5,190,0.01278006160783287,1.3877787807814457e-17,0.003838470626854084,1,0.002495566447083264,19,0.009911047392101018
main_partial_GOQ_O1000_N2_P0.5_B8_T1.0_S0_R5,120,0.75,190,0.012995980146085315,6.938893903907228e-18,0.0034384904922517404,1,0.005243349670624876,19,0.007290470002848215
main_partial_GOQ_O1000_N2_P0.5_B8_T1.0_S0_R5,125,0.5,190,0.004867553514868603,6.938893903907228e-18,0.0013839646546607498,0,0.0,19,0.0038983428113968863
main_partial_GOQ_O1000_N2_P0.5_B8_T1.0_S0_R5,125,0.75,190,0.0052126400906178025,6.938893903907228e-18,0.0013014807434099376,1,0.0006045631875863065,19,0.003144204896564938
main_partial_GOQ_O1000_N2_P0.5_B8_T1.0_S0_R5,130,0.5,190,0.0047167152502245735,6.938893903907228e-18,0.0013393299089951816,0,0.0,19,0.0037806777259828603
main_partial_GOQ_O1000_N2_P0.5_B8_T1.0_S0_R5,130,0.75,190,0.005058873505570202,6.938893903907228e-18,0.0012614471799437133,1,0.0005104705700288183,19,0.003057556677498803
main_partial_GOQ_O1000_N2_P0.5_B8_T1.0_S0_R5,135,0.5,190,0.004853480008184245,6.938893903907228e-18,0.0013797959851319813,0,0.0,19,0.0038873649943605357
main_partial_GOQ_O1000_N2_P0.5_B8_T1.0_S0_R5,135,0.75,190,0.005198307063594327,6.938893903907228e-18,0.0012977449570502437,1,0.0005957944964483583,19,0.0031361335124160117
main_partial_GOQ_O1000_N2_P0.5_B8_T1.0_S0_R5,140,0.5,190,0.0042544192876343145,6.938893903907228e-18,0.0012031207855938517,0,0.0,19,0.0034190463668729784
main_partial_GOQ_O1000_N2_P0.5_B8_T1.0_S0_R5,140,0.75,190,0.004585732662153435,6.938893903907228e-18,0.0011388568802177428,1,0.00021971612632401896,19,0.002789307805035557
main_partial_GOQ_O1000_N2_P0.5_B8_T1.0_S0_R5,145,0.5,190,0.008674891562789937,6.938893903907228e-18,0.002539117315012257,1,0.0009276372935144578,79,0.006840328814247003
main_partial_GOQ_O1000_N2_P0.5_B8_T1.0_S0_R5,145,0.75,190,0.009015640851249632,6.938893903907228e-18,0.0023198787933429673,1,0.002891455940271681,79,0.005235847557792592
main_partial_GOQ_O1000_N2_P0.5_B8_T1.0_S0_R5,150,0.5,190,0.007928569557934327,0.0,0.002308621774979171,1,0.0006358041035667075,6,0.006256867796573383
main_partial_GOQ_O1000_N2_P0.5_B8_T1.0_S0_R5,150,0.75,190,0.00828023499914235,0.0,0.002118893440982526,1,0.002453706155350066,6,0.004827310666896963
main_partial_GOQ_O1000_N2_P0.5_B8_T1.0_S0_R5,155,0.5,190,0.004369996694227968,0.0,0.0012370970303748308,0,0.0,6,0.003509825123285265
main_partial_GOQ_O1000_N2_P0.5_B8_T1.0_S0_R5,155,0.75,190,0.00470424198815704,0.0,0.0011694837861763513,1,0.0002929393286855188,6,0.0028569299793107586
main_partial_GOQ_O1000_N2_P0.5_B8_T1.0_S0_R5,160,0.5,190,0.0021678135622589523,3.469446951953614e-18,0.0006002918793423501,1,0.0002163326924619971,6,0.0017635585977987395
main_partial_GOQ_O1000_N2_P0.5_B8_T1.0_S0_R5,160,0.75,190,0.0024069634657327837,3.469446951953614e-18,0.0005863965511250394,0,0.0,6,0.0015151667655617582
main_partial_GOQ_O1000_N2_P0.5_B8_T1.0_S0_R5,165,0.5,190,0.00499411738101839,6.938893903907228e-18,0.0014214874884540543,0,0.0,6,0.003996937925585836
main_partial_GOQ_O1000_N2_P0.5_B8_T1.0_S0_R5,165,0.75,190,0.005341443801559192,6.938893903907228e-18,0.0013350866870320127,1,0.0006832291419195911,6,0.003216581747547055
main_partial_GOQ_O1000_N2_P0.5_B8_T1.0_S0_R5,170,0.5,190,0.00754162933661532,0.0,0.002189845825618756,1,0.0004832265625111798,6,0.005961193849162542
main_partial_GOQ_O1000_N2_P0.5_B8_T1.0_S0_R5,170,0.75,190,0.007897343741230627,0.0,0.002014977187461086,1,0.002224839843766764,6,0.004621177039558305
main_partial_GOQ_O1000_N2_P0.5_B8_T1.0_S0_R5,175,0.5,190,0.004825096245980834,0.0,0.0013713914711877566,0,0.0,6,0.0038652342004943455
main_partial_GOQ_O1000_N2_P0.5_B8_T1.0_S0_R5,175,0.75,190,0.005169388948544608,0.0,0.0012902105718794715,1,0.0005781110969756593,6,0.003119854098898131
main_partial_GOQ_O1000_N2_P0.5_B8_T1.0_S0_R5,180,0.5,190,0.004995014819554777,0.0,0.001421753788764237,0,0.0,6,0.00399763670340135
main_partial_GOQ_O1000_N2_P0.5_B8_T1.0_S0_R5,180,0.75,190,0.005342356404576233,0.0,0.0013353250270695689,1,0.0006837861165018243,6,0.003217093976995919
main_partial_GOQ_O1000_N2_P0.5_B8_T1.0_S0_R5,185,0.5,190,0.004511479854385547,0.0,0.0012787495721151856,0,0.0,6,0.0036203275043489094
main_partial_GOQ_O1000_N2_P0.5_B8_T1.0_S0_R5,185,0.75,190,0.004849178755960817,0.0,0.0012070045192272753,1,0.0003818527033246956,6,0.0029389834083300634
main_partial_GOQ_O1000_N2_P0.5_B8_T1.0_S0_R5,190,0.5,190,0.005061187342964062,0.0,0.0014413983566349902,0,0.0,6,0.004049145896651132
main_partial_GOQ_O1000_N2_P0.5_B8_T1.0_S0_R5,190,0.75,190,0.00540962006180307,0.0,0.001352900938283856,1,0.0007248213512472852,6,0.003254824097499255
main_partial_GOQ_O1000_N2_P0.5_B8_T1.0_S0_R5,195,0.5,190,0.008640491446852569,-1.3877787807814457e-17,0.0025284485066600186,1,0.0009142083171679652,79,0.006814214807009639
main_partial_GOQ_O1000_N2_P0.5_B8_T1.0_S0_R5,195,0.75,190,0.008981855526221175,-6.938893903907228e-18,0.0023106011165527824,1,0.0028713124757519526,79,0.005217906340939077
main_partial_PRESCRIPTION_O1000_N1_P0.5_B8_T1.0_S0_R5,0,0.5,190,0.10952553672496956,-2.7755575615628914e-17,0.04262913597395955,1,0.030969473909636072,134,0.050642954977616436
main_partial_PRESCRIPTION_O1000_N1_P0.5_B8_T1.0_S0_R5,0,0.75,190,0.09848430488088349,-2.7755575615628914e-17,0.03417363129624187,1,0.026480917729748324,134,0.02233584918237593
main_partial_PRESCRIPTION_O1000_N1_P0.5_B8_T1.0_S0_R5,10,0.5,190,0.007380405612335696,0.0,0.0021405154937028524,1,0.0004194734524376048,15,0.007344582859531625
main_partial_PRESCRIPTION_O1000_N1_P0.5_B8_T1.0_S0_R5,10,0.75,190,0.00773740980648259,0.0,0.0019717301978311686,1,0.0021292101786564085,15,0.007693697110459693
main_partial_PRESCRIPTION_O1000_N1_P0.5_B8_T1.0_S0_R5,20,0.5,190,0.005084132189684509,0.0,0.0014482140846303069,0,0.0,15,0.0050483094368807165
main_partial_PRESCRIPTION_O1000_N1_P0.5_B8_T1.0_S0_R5,20,0.75,190,0.005432930856519549,0.0,0.0013589961572080527,1,0.0007390348970538613,15,0.005389218160496978
main_partial_PRESCRIPTION_O1000_N1_P0.5_B8_T1.0_S0_R5,30,0.5,190,0.007287025475531901,-6.938893903907228e-18,0.002111995629011576,1,0.0003825917422614622,5,0.007251481961851242
main_partial_PRESCRIPTION_O1000_N1_P0.5_B8_T1.0_S0_R5,30,0.75,190,0.007644615462988669,0.0,0.0019466895060569563,1,0.0020738876133921877,5,0.0076012407634168735
main_partial_PRESCRIPTION_O1000_N1_P0.5_B8_T1.0_S0_R5,40,0.5,190,0.013797707756307946,2.0816681711721685e-17,0.004168232106663872,1,0.0028768226669643807,5,0.013761964440840005
main_partial_PRESCRIPTION_O1000_N1_P0.5_B8_T1.0_S0_R5,40,0.75,190,0.013968670352381696,1.3877787807814457e-17,0.0037192715184275584,1,0.005815234000446576,5,0.013925053802955688
main_partial_PRESCRIPTION_O1000_N1_P0.5_B8_T1.0_S0_R5,50,0.5,190,0.002385023055252563,1.0408340855860843e-17,0.0006620532949204003,1,3.346446431939237e-05,5,0.0023492003024484995
main_partial_PRESCRIPTION_O1000_N1_P0.5_B8_T1.0_S0_R5,50,0.75,190,0.002637832391325548,6.938893903907228e-18,0.0006439604983676793,0,0.0,5,0.0025941196953026477
main_partial_PRESCRIPTION_O1000_N1_P0.5_B8_T1.0_S0_R5,60,0.5,190,0.0077773961653919005,0.0,0.0022621503319763007,1,0.0005762328860111424,5,0.007741652941105372
main_partial_PRESCRIPTION_O1000_N1_P0.5_B8_T1.0_S0_R5,60,0.75,190,0.008130818821770643,0.0,0.00207827552504237,1,0.0023643493290167045,5,0.008087202382712932
main_partial_PRESCRIPTION_O1000_N1_P0.5_B8_T1.0_S0_R5,70,0.5,190,0.002310298294810262,0.0,0.0006407765832199222,1,9.580190487216284e-05,5,0.0022744758981529424
main_partial_PRESCRIPTION_O1000_N1_P0.5_B8_T1.0_S0_R5,70,0.75,190,0.002558550238958908,0.0,0.0006241648717125768,0,0.0,5,0.002514837973986099
main_partial_PRESCRIPTION_O1000_N1_P0.5_B8_T1.0_S0_R5,80,0.5,190,0.0021642367988808572,0.0,0.0005992725273156081,1,0.00021963726026781247,5,0.0021284140460767903
main_partial_PRESCRIPTION_O1000_N1_P0.5_B8_T1.0_S0_R5,80,0.75,190,0.0024031932955235896,0.0,0.0005854558905093664,0,0.0,5,0.0023594805995006893
main_partial_PRESCRIPTION_O1000_N1_P0.5_B8_T1.0_S0_R5,90,0.5,190,0.005179689666320403,0.0,0.001476621967819488,0,0.0,5,0.0051438669135163324
main_partial_PRESCRIPTION_O1000_N1_P0.5_B8_T1.0_S0_R5,90,0.75,190,0.005529944478106744,0.0,0.0013843857255539291,1,0.0007981472180767467,5,0.005486231782083836
main_partial_PRESCRIPTION_O1000_N1_P0.5_B8_T1.0_S0_R5,100,0.5,190,0.007446757288401565,0.0,0.002160806398786907,1,0.00044572858012171396,5,0.007410934535597498
main_partial_PRESCRIPTION_O1000_N1_P0.5_B8_T1.0_S0_R5,100,0.75,190,0.007803257138631385,-6.938893903907228e-18,0.0019895246609407916,1,0.002168592870182562,5,0.007759544442608488
main_partial_PRESCRIPTION_O1000_N1_P0.5_B8_T1.0_S0_R5,110,0.5,190,0.013393394684640333,6.938893903907228e-18,0.004036869661071201,1,0.0027256191019015066,15,0.013357571931843143
main_partial_PRESCRIPTION_O1000_N1_P0.5_B8_T1.0_S0_R5,110,0.75,190,0.013582807196879342,0.0,0.003607551722697767,1,0.005588428652852258,15,0.013539094500864754
main_partial_PRESCRIPTION_O1000_N1_P0.5_B8_T1.0_S0_R5,120,0.5,190,0.0022649887282572903,0.0,0.0006278895962157836,1,0.00013392874560746656,15,0.0022291659754532893
main_partial_PRESCRIPTION_O1000_N1_P0.5_B8_T1.0_S0_R5,120,0.75,190,0.0025104128213967562,0.0,0.0006121593205503681,0,0.0,15,0.002466700125373946
main_partial_PRESCRIPTION_O1000_N1_P0.5_B8_T1.0_S0_R5,130,0.5,190,0.010506431301653484,0.0,0.003112469227576532,1,0.0016340191788206601,15,0.010470608557461666
main_partial_PRESCRIPTION_O1000_N1_P0.5_B8_T1.0_S0_R5,130,0.75,190,0.010803837160225732,0.0,0.002816178659749343,1,0.003951028768230974,15,0.01076012447462638
main_partial_PRESCRIPTION_O1000_N1_P0.5_B8_T1.0_S0_R5,140,0.5,190,0.00774421861173475,0.0,0.0022519612274794014,1,0.0005631358289654859,15,0.007708395858930947
main_partial_PRESCRIPTION_O1000_N1_P0.5_B8_T1.0_S0_R5,140,0.75,190,0.008098006303847348,0.0,0.0020693654948555256,1,0.00234470374344823,15,0.008054293607824774
main_partial_PRESCRIPTION_O1000_N1_P0.5_B8_T1.0_S0_R5,150,0.5,190,0.009532744387355553,1.3877787807814457e-17,0.002806330399094842,1,0.001260064854032801,6,0.007474389729257708
main_partial_PRESCRIPTION_O1000_N1_P0.5_B8_T1.0_S0_R5,150,0.75,190,0.009855959029932061,6.938893903907228e-18,0.002551786119931637,1,0.0033900972810492064,6,0.005664131515034004
main_partial_PRESCRIPTION_O1000_N1_P0.5_B8_T1.0_S0_R5,160,0.5,190,0.00217118963685084,0.0,0.0006012456419362221,1,0.00021368015298221799,5,0.00213536688412546
main_partial_PRESCRIPTION_O1000_N1_P0.5_B8_T1.0_S0_R5,160,0.75,190,0.0024106005453030585,0.0,0.0005872990356335427,0,0.0,5,0.002366887849375398
main_partial_PRESCRIPTION_O1000_N1_P0.5_B8_T1.0_S0_R5,170,0.5,190,0.013200557864887413,-6.938893903907228e-18,0.003974377976131473,1,0.002653385138787087,5,0.013164735112083346
main_partial_PRESCRIPTION_O1000_N1_P0.5_B8_T1.0_S0_R5,170,0.75,190,0.013398495658721997,0.0,0.003554343305062836,1,0.005480077708180625,5,0.0133547829626991
main_partial_PRESCRIPTION_O1000_N1_P0.5_B8_T1.0_S0_R5,180,0.5,190,0.01478830203150451,0.0,0.004491944480870125,1,0.0032456890072266806,5,0.014752479278700437
main_partial_PRESCRIPTION_O1000_N1_P0.5_B8_T1.0_S0_R5,180,0.75,190,0.014911084896820852,6.938893903907228e-18,0.003993915257059677,1,0.006368533510840026,5,0.014867372200797951
main_partial_PRESCRIPTION_O1000_N1_P0.5_B8_T1.0_S0_R5,190,0.5,190,0.015524759199652363,0.0,0.004734306676077945,1,0.003518673466474012,5,0.015488936446848303
main_partial_PRESCRIPTION_O1000_N1_P0.5_B8_T1.0_S0_R5,190,0.75,190,0.015609051265032599,-6.938893903907228e-18,0.004198938402715539,1,0.0067780101997110265,5,0.015565338569009712
main_partial_PRESCRIPTION_O1000_N2_P0.5_B8_T1.0_S0_R5,0,0.5,190,0.10952553672496956,-2.7755575615628914e-17,0.04262913597395955,1,0.030969473909636072,134,0.050642954977616436
main_partial_PRESCRIPTION_O1000_N2_P0.5_B8_T1.0_S0_R5,0,0.75,190,0.09848430488088349,-2.7755575615628914e-17,0.03417363129624187,1,0.026480917729748324,134,0.02233584918237593
main_partial_PRESCRIPTION_O1000_N2_P0.5_B8_T1.0_S0_R5,10,0.5,190,0.002235403642135956,-3.469446951953614e-18,0.0006194808162733239,1,0.00015896141117934665,15,0.0021995808893318855
main_partial_PRESCRIPTION_O1000_N2_P0.5_B8_T1.0_S0_R5,10,0.75,190,0.00247895447046129,-3.469446951953614e-18,0.0006043191574767085,0,0.0,15,0.002435241774438386
main_partial_PRESCRIPTION_O1000_N2_P0.5_B8_T1.0_S0_R5,20,0.5,190,0.005124059719333329,6.938893903907228e-18,0.001460079527945862,0,0.0,15,0.005088236966529543
main_partial_PRESCRIPTION_O1000_N2_P0.5_B8_T1.0_S0_R5,20,0.75,190,0.005473480086940919,6.938893903907228e-18,0.001369603882072588,1,0.0007637503050441606,15,0.005429767390918352
main_partial_PRESCRIPTION_O1000_N2_P0.5_B8_T1.0_S0_R5,30,0.5,190,0.007287304708037082,0.0,0.0021120705208876665,1,0.0003825917422614622,5,0.007251481961851242
main_partial_PRESCRIPTION_O1000_N2_P0.5_B8_T1.0_S0_R5,30,0.75,190,0.007644953451429619,0.0,0.0019467710476917006,1,0.0020738876133921877,5,0.0076012407634168735
main_partial_PRESCRIPTION_O1000_N2_P0.5_B8_T1.0_S0_R5,40,0.5,190,0.011844099608332471,1.3877787807814457e-17,0.003537767722530234,1,0.002142678897872577,5,0.011808276855528398
main_partial_PRESCRIPTION_O1000_N2_P0.5_B8_T1.0_S0_R5,40,0.75,190,0.012096907832931117,6.938893903907228e-18,0.003181470091200538,1,0.004714018346808867,5,0.012053195136908213
main_partial_PRESCRIPTION_O1000_N2_P0.5_B8_T1.0_S0_R5,50,0.5,190,0.008309014750089279,0.0,0.00242587509303755,1,0.0007847988046193882,5,0.008273191997285205
main_partial_PRESCRIPTION_O1000_N2_P0.5_B8_T1.0_S0_R5,50,0.75,190,0.008655700038568241,0.0,0.002221264934520305,1,0.0026771982069290767,5,0.008611987342545348
main_partial_PRESCRIPTION_O1000_N2_P0.5_B8_T1.0_S0_R5,60,0.5,190,0.0022670702039473967,6.938893903907228e-18,0.000628481374611849,1,0.00013217169341383714,5,0.0022312474511433263
main_partial_PRESCRIPTION_O1000_N2_P0.5_B8_T1.0_S0_R5,60,0.75,190,0.0025126252911332435,3.469446951953614e-18,0.0006127108868864282,0,0.0,5,0.002468912595110343
main_partial_PRESCRIPTION_O1000_N2_P0.5_B8_T1.0_S0_R5,70,0.5,190,0.007640306394935903,0.0,0.0022200831880381895,1,0.0005221762278904002,5,0.007604483642486122
main_partial_PRESCRIPTION_O1000_N2_P0.5_B8_T1.0_S0_R5,70,0.75,190,0.007995124436851436,0.0,0.0020414622720999107,1,0.0022832643418355947,5,0.00795141174125735
main_partial_PRESCRIPTION_O1000_N2_P0.5_B8_T1.0_S0_R5,80,0.5,190,0.002164236801367979,-6.938893903907228e-18,0.0005992725280256004,1,0.000219637257902687,5,0.002128414048835771
main_partial_PRESCRIPTION_O1000_N2_P0.5_B8_T1.0_S0_R5,80,0.75,190,0.0024031932981340917,-3.469446951953614e-18,0.0005854558911613831,0,0.0,5,0.0023594806024402268
main_partial_PRESCRIPTION_O1000_N2_P0.5_B8_T1.0_S0_R5,90,0.5,190,0.005179689666320403,0.0,0.001476621967819488,0,0.0,5,0.0051438669135163324
main_partial_PRESCRIPTION_O1000_N2_P0.5_B8_T1.0_S0_R5,90,0.75,190,0.005529944478106744,0.0,0.0013843857255539291,1,0.0007981472180767467,5,0.005486231782083836
main_partial_PRESCRIPTION_O1000_N2_P0.5_B8_T1.0_S0_R5,100,0.5,190,0.007420644845741224,0.0,0.002152819151114714,1,0.0004353989242591588,5,0.007384822092937161
main_partial_PRESCRIPTION_O1000_N2_P0.5_B8_T1.0_S0_R5,100,0.75,190,0.007777347619977559,0.0,0.001982521078596001,1,0.0021530983863887396,5,0.007733634923954662
main_partial_PRESCRIPTION_O1000_N2_P0.5_B8_T1.0_S0_R5,110,0.5,190,0.013393394684377724,1.3877787807814457e-17,0.004036869661000766,1,0.0027256191019015066,15,0.013357571931843129
main_partial_PRESCRIPTION_O1000_N2_P0.5_B8_T1.0_S0_R5,110,0.75,190,0.013582807196561485,6.938893903907228e-18,0.0036075517226210863,1,0.005588428652852258,15,0.013539094500864754
main_partial_PRESCRIPTION_O1000_N2_P0.5_B8_T1.0_S0_R5,120,0.5,190,0.005357237966471404,0.0,0.0015295010942124937,0,0.0,15,0.005321415213667333
main_partial_PRESCRIPTION_O1000_N2_P0.5_B8_T1.0_S0_R5,120,0.75,190,0.005709912602010859,0.0,0.0014315824207819295,1,0.0009076367439059645,15,0.0056661999059879585
main_partial_PRESCRIPTION_O1000_N2_P0.5_B8_T1.0_S0_R5,130,0.5,190,0.01061903031201241,6.938893903907228e-18,0.0031480612879011506,1,0.0016770510924070323,15,0.01058320755920833
main_partial_PRESCRIPTION_O1000_N2_P0.5_B8_T1.0_S0_R5,130,0.75,190,0.010913075604441595,6.938893903907228e-18,0.002846834920571915,1,0.00401557663861056,15,0.010869362908418698
main_partial_PRESCRIPTION_O1000_N2_P0.5_B8_T1.0_S0_R5,140,0.5,190,0.00774431383732975,-1.3877787807814457e-17,0.002251990457756332,1,0.0005631733382907844,15,0.007708491084525683
main_partial_PRESCRIPTION_O1000_N2_P0.5_B8_T1.0_S0_R5,140,0.75,190,0.008098100544908692,-6.938893903907228e-18,0.0020693910716316362,1,0.002344760007436171,15,0.008054387848885788
main_partial_PRESCRIPTION_O1000_N2_P0.5_B8_T1.0_S0_R5,150,0.5,190,0.005660892918447964,0.0,0.0016202257218684223,0,0.0,6,0.0045146629648544
main_partial_PRESCRIPTION_O1000_N2_P0.5_B8_T1.0_S0_R5,150,0.75,190,0.006016873065160203,-6.938893903907228e-18,0.0015123713116101786,1,0.001093912951694427,6,0.00359340132520556
main_partial_PRESCRIPTION_O1000_N2_P0.5_B8_T1.0_S0_R5,160,0.5,190,0.0021682226654319015,0.0,0.000600403626859266,1,0.00021622143297338192,5,0.0021323999126278345
main_partial_PRESCRIPTION_O1000_N2_P0.5_B8_T1.0_S0_R5,160,0.75,190,0.0024074398120077084,0.0,0.0005865125205709472,0,0.0,5,0.002363727115984808
main_partial_PRESCRIPTION_O1000_N2_P0.5_B8_T1.0_S0_R5,170,0.5,190,0.013200536027731469,0.0,0.003974370905336613,1,0.0026533769539686114,5,0.013164713274927409
main_partial_PRESCRIPTION_O1000_N2_P0.5_B8_T1.0_S0_R5,170,0.75,190,0.013398474777146986,-6.938893903907228e-18,0.0035543372824685883,1,0.0054800654309529115,5,0.0133547620811241
main_partial_PRESCRIPTION_O1000_N2_P0.5_B8_T1.0_S0_R5,180,0.5,190,0.014788301832555424,0.0,0.0044919444155909,1,0.003245688933340353,5,0.014752479079751357
main_partial_PRESCRIPTION_O1000_N2_P0.5_B8_T1.0_S0_R5,180,0.75,190,0.01491108470797136,-6.938893903907228e-18,0.003993915201770499,1,0.00636853340001052,5,0.014867372011948463
main_partial_PRESCRIPTION_O1000_N2_P0.5_B8_T1.0_S0_R5,190,0.5,190,0.015524759197288851,6.938893903907228e-18,0.004734306675297849,1,0.003518673465599559,5,0.015488936444484777
main_partial_PRESCRIPTION_O1000_N2_P0.5_B8_T1.0_S0_R5,190,0.75,190,0.015609051262796096,0.0,0.004198938402056409,1,0.006778010198399333,5,0.015565338566773189
main_contention_COV_PERIODIC_O1000_N1_P0.5_B4_T1.0_S0_R5,0,0.5,190,0.10952553672496956,-2.7755575615628914e-17,0.04262913597395955,1,0.030969473909636072,134,0.050642954977616436
main_contention_COV_PERIODIC_O1000_N1_P0.5_B4_T1.0_S0_R5,0,0.75,190,0.09848430488088349,-2.7755575615628914e-17,0.03417363129624187,1,0.026480917729748324,134,0.02233584918237593
main_contention_COV_PERIODIC_O1000_N1_P0.5_B4_T1.0_S0_R5,5,0.5,190,0.011891238055375043,6.938893903907228e-18,0.0035528517165510694,1,0.0021605075240093002,19,0.0092474581034684
main_contention_COV_PERIODIC_O1000_N1_P0.5_B4_T1.0_S0_R5,5,0.75,190,0.01214229569399021,6.938893903907228e-18,0.0031943864658374923,1,0.004740761286013959,19,0.006853173059215317
main_contention_COV_PERIODIC_O1000_N1_P0.5_B4_T1.0_S0_R5,10,0.5,190,0.012887259721515255,1.3877787807814457e-17,0.0038730705685481,1,0.002535840277396534,19,0.00999092580337256
main_contention_COV_PERIODIC_O1000_N1_P0.5_B4_T1.0_S0_R5,10,0.75,190,0.013098674840926229,6.938893903907228e-18,0.0034680026513421924,1,0.005303760416094788,19,0.007342852578703166
main_contention_COV_PERIODIC_O1000_N1_P0.5_B4_T1.0_S0_R5,15,0.5,190,0.014331845555707837,6.938893903907228e-18,0.004342450023624843,1,0.003075959244349953,19,0.011064302222433736
main_contention_COV_PERIODIC_O1000_N1_P0.5_B4_T1.0_S0_R5,15,0.75,190,0.014477363172717014,0.0,0.0038672009278786306,1,0.0061139388665249275,19,0.008041748457066976
main_contention_COV_PERIODIC_O1000_N1_P0.5_B4_T1.0_S0_R5,20,0.5,190,0.013782948643067477,0.0,0.0041634245399928774,1,0.00287128095472286,19,0.01065710590671061
main_contention_COV_PERIODIC_O1000_N1_P0.5_B4_T1.0_S0_R5,20,0.75,190,0.013954617406383742,0.0,0.0037151906273353453,1,0.005806921432084285,19,0.007777682546587152
main_contention_COV_PERIODIC_O1000_N1_P0.5_B4_T1.0_S0_R5,25,0.5,190,0.006593987062858714,0.0,0.0019012165534388616,1,0.00010632785173548404,63,0.005234744077829541
main_contention_COV_PERIODIC_O1000_N1_P0.5_B4_T1.0_S0_R5,25,0.75,190,0.006954011556426207,0.0,0.0017612247480509574,1,0.0016594917776032378,63,0.00410927908031844
main_contention_COV_PERIODIC_O1000_N1_P0.5_B4_T1.0_S0_R5,30,0.5,190,0.00973474724519973,0.0,0.0028695981209195293,1,0.0013379296930609089,6,0.007627013150537459
main_contention_COV_PERIODIC_O1000_N1_P0.5_B4_T1.0_S0_R5,30,0.75,190,0.010053101112714832,0.0,0.0026065341000094965,1,0.003506894539591361,6,0.00576777833931813
main_contention_COV_PERIODIC_O1000_N1_P0.5_B4_T1.0_S0_R5,35,0.5,190,0.0051943441489325365,0.0,0.0014809817649235023,0,0.0,6,0.004152707664059403
main_contention_COV_PERIODIC_O1000_N1_P0.5_B4_T1.0_S0_R5,35,0.75,190,0.0055448126638411935,0.0,0.0013882801432158218,1,0.000807200963751014,6,0.0033305172023165713
main_contention_COV_PERIODIC_O1000_N1_P0.5_B4_T1.0_S0_R5,40,0.5,190,0.012980906461724749,6.938893903907228e-18,0.003903323103410532,1,0.0025709999103983583,6,0.010060679932741005
main_contention_COV_PERIODIC_O1000_N1_P0.5_B4_T1.0_S0_R5,40,0.75,190,0.013188342128503873,6.938893903907228e-18,0.003493796642646781,1,0.005356499865597539,6,0.007388552165536369
main_contention_COV_PERIODIC_O1000_N1_P0.5_B4_T1.0_S0_R5,45,0.5,190,0.005055231124892569,0.0,0.0014396294177824135,0,0.0,6,0.004044510729682885
main_contention_COV_PERIODIC_O1000_N1_P0.5_B4_T1.0_S0_R5,45,0.75,190,0.005403567810145112,0.0,0.0013513187659212453,1,0.0007211304059217653,6,0.0032514311231426757
main_contention_COV_PERIODIC_O1000_N1_P0.5_B4_T1.0_S0_R5,50,0.5,190,0.011942137815752,-6.938893903907228e-18,0.0035691465803869334,1,0.002179751851557138,6,0.009285522985789843
main_contention_COV_PERIODIC_O1000_N1_P0.5_B4_T1.0_S0_R5,50,0.75,190,0.012191292088816315,-6.938893903907228e-18,0.0032083368242440766,1,0.004769627777335701,6,0.006878362851738283
main_contention_COV_PERIODIC_O1000_N1_P0.5_B4_T1.0_S0_R5,55,0.5,190,0.014219673845910795,0.0,0.004305798210515098,1,0.0030341836272229847,6,0.010981151140254025
main_contention_COV_PERIODIC_O1000_N1_P0.5_B4_T1.0_S0_R5,55,0.75,190,0.014370642650774063,-6.938893903907228e-18,0.0038361038069593977,1,0.006051275440834475,6,0.007987927582435196
main_contention_COV_PERIODIC_O1000_N1_P0.5_B4_T1.0_S0_R5,60,0.5,190,0.002278218947880186,-6.938893903907228e-18,0.0006316514303645138,1,0.00012276978895761279,5,0.0022423961950761157
main_contention_COV_PERIODIC_O1000_N1_P0.5_B4_T1.0_S0_R5,60,0.75,190,0.002524473879622284,-3.469446951953614e-18,0.0006156650998543281,0,0.0,5,0.0024807611835993802
main_contention_COV_PERIODIC_O1000_N1_P0.5_B4_T1.0_S0_R5,65,0.5,190,0.0023931501532608174,6.938893903907228e-18,0.0006643691096685992,1,2.6724131790493988e-05,5,0.0023573274004567504
main_contention_COV_PERIODIC_O1000_N1_P0.5_B4_T1.0_S0_R5,65,0.75,190,0.002646447275992815,3.469446951953614e-18,0.0006461131989109133,0,0.0,5,0.0026027345799699148
main_contention_COV_PERIODIC_O1000_N1_P0.5_B4_T1.0_S0_R5,70,0.5,190,0.010472435646086964,1.3877787807814457e-17,0.0031017440568871083,1,0.0016211238482563076,6,0.008183314555243626
main_contention_COV_PERIODIC_O1000_N1_P0.5_B4_T1.0_S0_R5,70,0.75,190,0.010770775430874444,6.938893903907228e-18,0.002806920853450621,1,0.003931685772384466,6,0.006143403251682292
main_contention_COV_PERIODIC_O1000_N1_P0.5_B4_T1.0_S0_R5,75,0.5,190,0.0037406734867767993,-3.469446951953614e-18,0.0010528318697478232,0,0.0,5,0.003705129974813738
main_contention_COV_PERIODIC_O1000_N1_P0.5_B4_T1.0_S0_R5,75,0.75,190,0.004056323142392768,0.0,0.0010027714276446913,0,0.0,5,0.004012948444900168
main_contention_COV_PERIODIC_O1000_N1_P0.5_B4_T1.0_S0_R5,80,0.5,190,0.002164202318079095,0.0,0.0005992627428121724,1,0.000219666818772786,5,0.0021283795655530485
main_contention_COV_PERIODIC_O1000_N1_P0.5_B4_T1.0_S0_R5,80,0.75,190,0.0024031565581185584,0.0,0.0005854467497620005,0,0.0,5,0.002359443862432156
main_contention_COV_PERIODIC_O1000_N1_P0.5_B4_T1.0_S0_R5,85,0.5,190,0.00536321506022263,0.0,0.0015312834194622254,0,0.0,6,0.004283879208620979
main_contention_COV_PERIODIC_O1000_N1_P0.5_B4_T1.0_S0_R5,85,0.75,190,0.005715964798357235,6.938893903907228e-18,0.0014331717928268112,1,0.0009113151107186072,6,0.0034260802711703897
main_contention_COV_PERIODIC_O1000_N1_P0.5_B4_T1.0_S0_R5,90,0.5,190,0.004050856414749275,-6.938893903907228e-18,0.0011434312993628465,0,0.0,5,0.004015033661945205
main_contention_COV_PERIODIC_O1000_N1_P0.5_B4_T1.0_S0_R5,90,0.75,190,0.004376452703930039,-6.938893903907228e-18,0.0010849215919729622,1,9.043870402280704e-05,5,0.004332740007907142
main_contention_COV_PERIODIC_O1000_N1_P0.5_B4_T1.0_S0_R5,95,0.5,190,0.0028965818623464673,0.0,0.0008084741229878085,0,0.0,5,0.0028607591095423934
main_contention_COV_PERIODIC_O1000_N1_P0.5_B4_T1.0_S0_R5,95,0.75,190,0.003177272388512953,3.469446951953614e-18,0.0007793881622985512,0,0.0,5,0.003133559692490056
main_contention_COV_PERIODIC_O1000_N1_P0.5_B4_T1.0_S0_R5,100,0.5,190,0.011658625654337479,-6.938893903907228e-18,0.0034784803748262186,1,0.0020724689152684245,6,0.009073400046526535
main_contention_COV_PERIODIC_O1000_N1_P0.5_B4_T1.0_S0_R5,100,0.75,190,0.011918207652747884,0.0,0.0031306774476940577,1,0.004608703372902631,6,0.006737819570882125
main_contention_COV_PERIODIC_O1000_N1_P0.5_B4_T1.0_S0_R5,105,0.5,190,0.004005883227404847,0.0,0.001130273613722337,0,0.0,15,0.003970280317868828
main_contention_COV_PERIODIC_O1000_N1_P0.5_B4_T1.0_S0_R5,105,0.75,190,0.004330095262862731,0.0,0.0010730028853233769,1,6.19061035312847e-05,15,0.004286648664528006
main_contention_COV_PERIODIC_O1000_N1_P0.5_B4_T1.0_S0_R5,110,0.5,190,0.013393394675834107,0.0,0.004036869658709294,1,0.0027256191019015066,19,0.010367638138749372
main_contention_COV_PERIODIC_O1000_N1_P0.5_B4_T1.0_S0_R5,110,0.75,190,0.013582807186221027,-6.938893903907228e-18,0.003607551720126465,1,0.005588428652852258,19,0.007589180379915718
main_contention_COV_PERIODIC_O1000_N1_P0.5_B4_T1.0_S0_R5,115,0.5,190,0.012687221478087062,1.3877787807814457e-17,0.003808531229193083,1,0.0024606638578351173,19,0.009841841419499106
main_contention_COV_PERIODIC_O1000_N1_P0.5_B4_T1.0_S0_R5,115,0.75,190,0.012906995125919384,6.938893903907228e-18,0.0034129435931020036,1,0.00519099578675266,19,0.007245042642954176
main_contention_COV_PERIODIC_O1000_N1_P0.5_B4_T1.0_S0_R5,120,0.5,190,0.009537256105046361,-6.938893903907228e-18,0.0028077420851803747,1,0.0012618058483984465,19,0.00747780060534671
main_contention_COV_PERIODIC_O1000_N1_P0.5_B4_T1.0_S0_R5,120,0.75,190,0.009860364985770094,-6.938893903907228e-18,0.002553008313419522,1,0.0033927087725976676,19,0.005666450723734152
main_contention_COV_PERIODIC_O1000_N1_P0.5_B4_T1.0_S0_R5,125,0.5,190,0.0022540603652541173,3.469446951953614e-18,0.000624782959300432,1,0.00014316267425622253,15,0.0022182376124500504
main_contention_COV_PERIODIC_O1000_N1_P0.5_B4_T1.0_S0_R5,125,0.75,190,0.002498794977975862,3.469446951953614e-18,0.0006092633640568798,0,0.0,15,0.002455082281952972
main_contention_COV_PERIODIC_O1000_N1_P0.5_B4_T1.0_S0_R5,130,0.5,190,0.010443196912164207,0.0,0.0030924985624643186,1,0.001609837806095235,19,0.008161110059442318
main_contention_COV_PERIODIC_O1000_N1_P0.5_B4_T1.0_S0_R5,130,0.75,190,0.010742454762958202,0.0,0.002798969682245726,1,0.003914756709142854,19,0.0061284733916004905
main_contention_COV_PERIODIC_O1000_N1_P0.5_B4_T1.0_S0_R5,135,0.5,190,0.014224122092727554,0.0,0.004307251016502543,1,0.003035840769875571,19,0.0109844491628125
main_contention_COV_PERIODIC_O1000_N1_P0.5_B4_T1.0_S0_R5,135,0.75,190,0.014374875761523333,6.938893903907228e-18,0.003837336666963173,1,0.006053761154813354,19,0.007990063270444492
main_contention_COV_PERIODIC_O1000_N1_P0.5_B4_T1.0_S0_R5,140,0.5,190,0.013254922901661532,-6.938893903907228e-18,0.003991985309273017,1,0.0026737583056907557,19,0.010264644789699642
main_contention_COV_PERIODIC_O1000_N1_P0.5_B4_T1.0_S0_R5,140,0.75,190,0.013450474782503968,-6.938893903907228e-18,0.0035693389257390575,1,0.005510637458536138,19,0.0075219494755072655
main_contention_COV_PERIODIC_O1000_N1_P0.5_B4_T1.0_S0_R5,145,0.5,190,0.009273371656568406,0.0,0.0027252885788581053,1,0.0011598852684141722,63,0.007278254020092287
main_contention_COV_PERIODIC_O1000_N1_P0.5_B4_T1.0_S0_R5,145,0.75,190,0.009602413508614939,-6.938893903907228e-18,0.002481566550368255,1,0.003239827902621256,63,0.005530545174855447
main_contention_COV_PERIODIC_O1000_N1_P0.5_B4_T1.0_S0_R5,150,0.5,190,0.009532744386525363,0.0,0.0028063303988386103,1,0.0012600648537428455,6,0.007474389728689634
main_contention_COV_PERIODIC_O1000_N1_P0.5_B4_T1.0_S0_R5,150,0.75,190,0.009855959029102912,0.0,0.002551786119705088,1,0.0033900972806142696,6,0.005664131514647744
main_contention_COV_PERIODIC_O1000_N1_P0.5_B4_T1.0_S0_R5,155,0.5,190,0.006664126586438349,-6.938893903907228e-18,0.0019224664485974362,1,0.00013438781682328232,6,0.005288616605108605
main_contention_COV_PERIODIC_O1000_N1_P0.5_B4_T1.0_S0_R5,155,0.75,190,0.0070241240730982216,-6.938893903907228e-18,0.0017799716144883994,1,0.0017015817252349144,6,0.004147521376069531
main_contention_COV_PERIODIC_O1000_N1_P0.5_B4_T1.0_S0_R5,160,0.5,190,0.011484284994601697,0.0,0.003422843993123597,1,0.002006383996664883,6,0.008942834857146344
main_contention_COV_PERIODIC_O1000_N1_P0.5_B4_T1.0_S0_R5,160,0.75,190,0.011750066153062476,0.0,0.0030829757897612746,1,0.004509575994997322,6,0.006651105663607555
main_contention_COV_PERIODIC_O1000_N1_P0.5_B4_T1.0_S0_R5,165,0.5,190,0.0052514306149785625,0.0,0.0014979898575375142,0,0.0,6,0.004197500911622604
main_contention_COV_PERIODIC_O1000_N1_P0.5_B4_T1.0_S0_R5,165,0.75,190,0.005602598589288681,0.0,0.001403438186642716,1,0.0008427825619182101,6,0.0033631891789271465
main_contention_COV_PERIODIC_O1000_N1_P0.5_B4_T1.0_S0_R5,170,0.5,190,0.00489156911899586,6.938893903907228e-18,0.001391079445511385,0,0.0,6,0.00391705426362924
main_contention_COV_PERIODIC_O1000_N1_P0.5_B4_T1.0_S0_R5,170,0.75,190,0.0052370973472535345,6.938893903907228e-18,0.0013078566471512705,1,0.0006195046379289214,6,0.00315795646164007
main_contention_COV_PERIODIC_O1000_N1_P0.5_B4_T1.0_S0_R5,175,0.5,190,0.009259116211171536,0.0,0.0027208370161910383,1,0.0011543392098581975,6,0.007267403403936411
main_contention_COV_PERIODIC_O1000_N1_P0.5_B4_T1.0_S0_R5,175,0.75,190,0.009588484606373404,0.0,0.0024777115497619942,1,0.003231508814787308,6,0.005523141886485269
main_contention_COV_PERIODIC_O1000_N1_P0.5_B4_T1.0_S0_R5,180,0.5,190,0.014313860463305017,-2.0816681711721685e-17,0.00433657115638094,1,0.003069262902900341,6,0.011050972310463682
main_contention_COV_PERIODIC_O1000_N1_P0.5_B4_T1.0_S0_R5,180,0.75,190,0.014460255747483428,-1.3877787807814457e-17,0.003862213836174909,1,0.006103894354350527,6,0.008033123947688611
main_contention_COV_PERIODIC_O1000_N1_P0.5_B4_T1.0_S0_R5,185,0.5,190,0.013093345658927724,0.0,0.003939679094818917,1,0.002613187164230972,6,0.01014439950177233
main_contention_COV_PERIODIC_O1000_N1_P0.5_B4_T1.0_S0_R5,185,0.75,190,0.013295947935603396,6.938893903907228e-18,0.003524782319342903,1,0.005419780746346463,6,0.007443347905129544
main_contention_COV_PERIODIC_O1000_N1_P0.5_B4_T1.0_S0_R5,190,0.5,190,0.015519051482165098,0.0,0.004732422852174087,1,0.003516561729402831,6,0.01194245787765888
main_contention_COV_PERIODIC_O1000_N1_P0.5_B4_T1.0_S0_R5,190,0.75,190,0.015603650183431524,0.0,0.004197346683986212,1,0.006774842594104241,6,0.00860707480765191
main_contention_COV_PERIODIC_O1000_N1_P0.5_B4_T1.0_S0_R5,195,0.5,190,0.00871512327121124,1.3877787807814457e-17,0.00255158913153788,1,0.0009432381210042196,63,0.006855024860100846
main_contention_COV_PERIODIC_O1000_N1_P0.5_B4_T1.0_S0_R5,195,0.75,190,0.00905520002789819,6.938893903907228e-18,0.0023307367724535338,1,0.0029148571815063307,63,0.0052407368796847514
main_contention_COV_PERIODIC_O1000_N2_P0.5_B4_T1.0_S0_R5,0,0.5,190,0.10952553672496956,-2.7755575615628914e-17,0.04262913597395955,1,0.030969473909636072,134,0.050642954977616436
main_contention_COV_PERIODIC_O1000_N2_P0.5_B4_T1.0_S0_R5,0,0.75,190,0.09848430488088349,-2.7755575615628914e-17,0.03417363129624187,1,0.026480917729748324,134,0.02233584918237593
main_contention_COV_PERIODIC_O1000_N2_P0.5_B4_T1.0_S0_R5,5,0.5,190,0.01847940665921602,0.0,0.00572056126943346,1,0.0020995018129867163,19,0.014118415344983835
main_contention_COV_PERIODIC_O1000_N2_P0.5_B4_T1.0_S0_R5,5,0.75,190,0.018388880626762638,0.0,0.005028566955206975,1,0.00019258862031564655,19,0.009985939529773995
main_contention_COV_PERIODIC_O1000_N2_P0.5_B4_T1.0_S0_R5,10,0.5,190,0.013404783695740212,0.0,0.004040563674549514,1,0.0027298825657661174,19,0.010376106803780906
main_contention_COV_PERIODIC_O1000_N2_P0.5_B4_T1.0_S0_R5,10,0.75,190,0.01359368729959079,-6.938893903907228e-18,0.0036106957841043792,1,0.005594823848649157,19,0.007594704659304362
main_contention_COV_PERIODIC_O1000_N2_P0.5_B4_T1.0_S0_R5,15,0.5,190,0.01438581925519656,0.0,0.00436009787792169,1,0.0030960510986405773,19,0.011104300706857063
main_contention_COV_PERIODIC_O1000_N2_P0.5_B4_T1.0_S0_R5,15,0.75,190,0.01452869464137383,0.0,0.003882169885753011,1,0.006144076647960871,19,0.008067619679173861
main_contention_COV_PERIODIC_O1000_N2_P0.5_B4_T1.0_S0_R5,20,0.5,190,0.005085833787102506,6.938893903907228e-18,0.001448719641665358,0,0.0,19,0.004068323795517803
main_contention_COV_PERIODIC_O1000_N2_P0.5_B4_T1.0_S0_R5,20,0.75,190,0.005434659231089978,6.938893903907228e-18,0.0013594481845034553,1,0.0007400890172377037,19,0.003268857742682596
main_contention_COV_PERIODIC_O1000_N2_P0.5_B4_T1.0_S0_R5,25,0.5,190,0.006594066191937482,0.0,0.0019012377763757491,1,0.00010632785047261922,63,0.005234744075405771
main_contention_COV_PERIODIC_O1000_N2_P0.5_B4_T1.0_S0_R5,25,0.75,190,0.00695410733022446,0.0,0.001761247853414661,1,0.0016594917757089267,63,0.004109279078596838
main_contention_COV_PERIODIC_O1000_N2_P0.5_B4_T1.0_S0_R5,30,0.5,190,0.00973474753002699,0.0,0.0028695981973126156,1,0.001337929693060895,6,0.007627013150537425
main_contention_COV_PERIODIC_O1000_N2_P0.5_B4_T1.0_S0_R5,30,0.75,190,0.010053101457445819,0.0,0.0026065341831753124,1,0.0035068945395913334,6,0.005767778339318103
main_contention_COV_PERIODIC_O1000_N2_P0.5_B4_T1.0_S0_R5,35,0.5,190,0.005810058575183727,0.0,0.0016649237424365936,0,0.0,6,0.004630104158947747
main_contention_COV_PERIODIC_O1000_N2_P0.5_B4_T1.0_S0_R5,35,0.75,190,0.006167290696324643,0.0,0.0015520912867757637,1,0.0011849898505136153,6,0.003676721527232328
main_contention_COV_PERIODIC_O1000_N2_P0.5_B4_T1.0_S0_R5,40,0.5,190,0.012186795138568456,-6.938893903907228e-18,0.0036475752778838094,1,0.0022721540943610938,6,0.009468378162155011
main_contention_COV_PERIODIC_O1000_N2_P0.5_B4_T1.0_S0_R5,40,0.75,190,0.0124266127471366,0.0,0.003275439834586747,1,0.0049082311415416455,6,0.006999186945008333
main_contention_COV_PERIODIC_O1000_N2_P0.5_B4_T1.0_S0_R5,45,0.5,190,0.014043263428551535,6.938893903907228e-18,0.004248225436147611,1,0.0029684302254349704,6,0.010850315971018112
main_contention_COV_PERIODIC_O1000_N2_P0.5_B4_T1.0_S0_R5,45,0.75,190,0.014202694791842635,0.0,0.0037872317145819364,1,0.00595264533815245,6,0.007903136701371737
main_contention_COV_PERIODIC_O1000_N2_P0.5_B4_T1.0_S0_R5,50,0.5,190,0.0023970393638162724,3.469446951953614e-18,0.0006654774602861797,1,2.350125310735668e-05,5,0.0023612166110122054
main_contention_COV_PERIODIC_O1000_N2_P0.5_B4_T1.0_S0_R5,50,0.75,190,0.0026505693752915983,0.0,0.0006471433521153181,0,0.0,5,0.0026068566792687015
main_contention_COV_PERIODIC_O1000_N2_P0.5_B4_T1.0_S0_R5,55,0.5,190,0.009796675977148346,6.938893903907228e-18,0.0028890201808025088,1,0.001361770034819701,6,0.007673772652180562
main_contention_COV_PERIODIC_O1000_N2_P0.5_B4_T1.0_S0_R5,55,0.75,190,0.01011348673270334,6.938893903907228e-18,0.0026233291931197435,1,0.003542655052229539,6,0.005799480561873044
main_contention_COV_PERIODIC_O1000_N2_P0.5_B4_T1.0_S0_R5,60,0.5,190,0.007535545346968112,-6.938893903907228e-18,0.0021879826322698686,1,0.0004808233657426081,6,0.0059565436206283
main_contention_COV_PERIODIC_O1000_N2_P0.5_B4_T1.0_S0_R5,60,0.75,190,0.007891312377172839,-6.938893903907228e-18,0.0020133446270961105,1,0.0022212350486138996,6,0.004617925235729493
main_contention_COV_PERIODIC_O1000_N2_P0.5_B4_T1.0_S0_R5,65,0.5,190,0.014587751058573392,2.0816681711721685e-17,0.004426193202006505,1,0.0031711676730897947,6,0.011253882211738467
main_contention_COV_PERIODIC_O1000_N2_P0.5_B4_T1.0_S0_R5,65,0.75,190,0.014720630993366533,1.3877787807814457e-17,0.0039382074735191015,1,0.006256751509634666,6,0.008164264564711872
main_contention_COV_PERIODIC_O1000_N2_P0.5_B4_T1.0_S0_R5,70,0.5,190,0.0023064251045812334,-6.938893903907228e-18,0.0006396745406703261,1,9.905153670541206e-05,5,0.002270602351777163
main_contention_COV_PERIODIC_O1000_N2_P0.5_B4_T1.0_S0_R5,70,0.75,190,0.002554437286944839,-3.469446951953614e-18,0.0006231386870080064,0,0.0,5,0.0025107245909219457
main_contention_COV_PERIODIC_O1000_N2_P0.5_B4_T1.0_S0_R5,75,0.5,190,0.0037029856346879816,3.469446951953614e-18,0.0010418519310218838,0,0.0,5,0.0036674375617848642
main_contention_COV_PERIODIC_O1000_N2_P0.5_B4_T1.0_S0_R5,75,0.75,190,0.004017332054309812,0.0,0.0009927939895989202,0,0.0,5,0.003973951835700786
main_contention_COV_PERIODIC_O1000_N2_P0.5_B4_T1.0_S0_R5,80,0.5,190,0.004607870035978734,0.0,0.0013071797449430251,0,0.0,6,0.0036956750577584047
main_contention_COV_PERIODIC_O1000_N2_P0.5_B4_T1.0_S0_R5,80,0.75,190,0.0049477323029958435,0.0,0.0012325699108046726,1,0.00044234738743949634,6,0.0029947720614679
main_contention_COV_PERIODIC_O1000_N2_P0.5_B4_T1.0_S0_R5,85,0.5,190,0.002397756976001423,1.0408340855860843e-17,0.0006656819745834334,1,2.290677852953213e-05,5,0.002361934223197356
main_contention_COV_PERIODIC_O1000_N2_P0.5_B4_T1.0_S0_R5,85,0.75,190,0.002651329920412275,6.938893903907228e-18,0.0006473334280846683,0,0.0,5,0.0026076172243893747
main_contention_COV_PERIODIC_O1000_N2_P0.5_B4_T1.0_S0_R5,90,0.5,190,0.005179689666319182,-6.938893903907228e-18,0.0014766219678191215,0,0.0,6,0.00414131597316799
main_contention_COV_PERIODIC_O1000_N2_P0.5_B4_T1.0_S0_R5,90,0.75,190,0.005529944478105488,-6.938893903907228e-18,0.0013843857255536034,1,0.0007981472180759903,6,0.0033222017184770733
main_contention_COV_PERIODIC_O1000_N2_P0.5_B4_T1.0_S0_R5,95,0.5,190,0.008071181477174401,-1.3877787807814457e-17,0.0023525084862010015,1,0.0006916509720933731,6,0.0063652968326115625
main_contention_COV_PERIODIC_O1000_N2_P0.5_B4_T1.0_S0_R5,95,0.75,190,0.00842116138857324,-6.938893903907228e-18,0.0021572516992283213,1,0.0025374764581400575,6,0.00490260205050163
main_contention_COV_PERIODIC_O1000_N2_P0.5_B4_T1.0_S0_R5,100,0.5,190,0.003568407646501043,-3.469446951953614e-18,0.001002690389209978,0,0.0,5,0.003532584893696969
main_contention_COV_PERIODIC_O1000_N2_P0.5_B4_T1.0_S0_R5,100,0.75,190,0.0038779586032178653,0.0,0.0009571772438098997,0,0.0,5,0.003834245907194965
main_contention_COV_PERIODIC_O1000_N2_P0.5_B4_T1.0_S0_R5,105,0.5,190,0.004006262941974953,0.0,0.001130375456201761,0,0.0,15,0.003970280317868835
main_contention_COV_PERIODIC_O1000_N2_P0.5_B4_T1.0_S0_R5,105,0.75,190,0.004330554845897755,0.0,0.0010731137597369427,1,6.190610353129164e-05,15,0.004286648664528013
main_contention_COV_PERIODIC_O1000_N2_P0.5_B4_T1.0_S0_R5,110,0.5,190,0.01339331515600757,0.0,0.004036848330869937,1,0.0027256191019015066,19,0.010367638138749365
main_contention_COV_PERIODIC_O1000_N2_P0.5_B4_T1.0_S0_R5,110,0.75,190,0.013582710939774686,0.0,0.0036075285006226744,1,0.005588428652852258,19,0.007589180379915711
main_contention_COV_PERIODIC_O1000_N2_P0.5_B4_T1.0_S0_R5,115,0.5,190,0.00465621154182809,0.0,0.0013214525708332078,0,0.0,19,0.003733437914947832
main_contention_COV_PERIODIC_O1000_N2_P0.5_B4_T1.0_S0_R5,115,0.75,190,0.004997112569287459,0.0,0.001245394063122564,1,0.00047262731846419576,19,0.0030226842599192574
main_contention_COV_PERIODIC_O1000_N2_P0.5_B4_T1.0_S0_R5,120,0.5,190,0.0022247235345064093,0.0,0.0006164464141997747,1,0.00016802533441676037,15,0.0021889007817809635
main_contention_COV_PERIODIC_O1000_N2_P0.5_B4_T1.0_S0_R5,120,0.75,190,0.002467592870825295,0.0,0.0006014886681649258,0,0.0,15,0.002423880174897558
main_contention_COV_PERIODIC_O1000_N2_P0.5_B4_T1.0_S0_R5,125,0.5,190,0.011046355586361356,0.0,0.0032834877315456434,1,0.001839988748339981,19,0.008614438839023873
main_contention_COV_PERIODIC_O1000_N2_P0.5_B4_T1.0_S0_R5,125,0.75,190,0.011326972533448908,0.0,0.00296333298251113,1,0.0042599831225099555,19,0.006432287090738308
main_contention_COV_PERIODIC_O1000_N2_P0.5_B4_T1.0_S0_R5,130,0.5,190,0.012727285005801364,0.0,0.0038214628608278242,1,0.002475830683536434,19,0.009871912477579577
main_contention_COV_PERIODIC_O1000_N2_P0.5_B4_T1.0_S0_R5,130,0.75,190,0.01294533146751014,0.0,0.0034239618924262567,1,0.005213746025304639,19,0.007264786517008973
main_contention_COV_PERIODIC_O1000_N2_P0.5_B4_T1.0_S0_R5,135,0.5,190,0.011639425931064921,0.0,0.003472348895337458,1,0.0020651954987582904,19,0.009059026034718504
main_contention_COV_PERIODIC_O1000_N2_P0.5_B4_T1.0_S0_R5,135,0.75,190,0.011899698604887494,0.0,0.0031254221747511832,1,0.004597793248137423,19,0.006728280979547238
main_contention_COV_PERIODIC_O1000_N2_P0.5_B4_T1.0_S0_R5,140,0.5,190,0.013016824008905241,0.0,0.003914932794781518,1,0.0025844794997446074,19,0.010087427118891705
main_contention_COV_PERIODIC_O1000_N2_P0.5_B4_T1.0_S0_R5,140,0.75,190,0.013222722242313571,-6.938893903907228e-18,0.0035036928603406235,1,0.0053767192496169056,19,0.007406064912152191
main_contention_COV_PERIODIC_O1000_N2_P0.5_B4_T1.0_S0_R5,145,0.5,190,0.009273451071281101,0.0,0.0027253098785054984,1,0.0011598852684141653,63,0.00727825402009228
main_contention_COV_PERIODIC_O1000_N2_P0.5_B4_T1.0_S0_R5,145,0.75,190,0.009602509627819701,0.0,0.0024815897391734683,1,0.0032398279026212493,63,0.005530545174855447
main_contention_COV_PERIODIC_O1000_N2_P0.5_B4_T1.0_S0_R5,150,0.5,190,0.009532744387355546,0.0,0.002806330399094842,1,0.001260064854032808,6,0.007474389729257708
main_contention_COV_PERIODIC_O1000_N2_P0.5_B4_T1.0_S0_R5,150,0.75,190,0.009855959029932061,0.0,0.0025517861199316366,1,0.0033900972810492064,6,0.005664131515034011
main_contention_COV_PERIODIC_O1000_N2_P0.5_B4_T1.0_S0_R5,155,0.5,190,0.0045174159408843464,0.0,0.0012804993597980573,0,0.0,6,0.003624971630369435
main_contention_COV_PERIODIC_O1000_N2_P0.5_B4_T1.0_S0_R5,155,0.75,190,0.0048552511791618985,0.0,0.0012085786719980326,1,0.000385584399780467,6,0.0029424257304512605
main_contention_COV_PERIODIC_O1000_N2_P0.5_B4_T1.0_S0_R5,160,0.5,190,0.011170333359680498,-6.938893903907228e-18,0.0033228814000857993,1,0.0018871538933877482,6,0.008707470614151253
main_contention_COV_PERIODIC_O1000_N2_P0.5_B4_T1.0_S0_R5,160,0.75,190,0.011446858738335154,-6.938893903907228e-18,0.0029971777547928716,1,0.00433073084008162,6,0.006494382186647767
main_contention_COV_PERIODIC_O1000_N2_P0.5_B4_T1.0_S0_R5,165,0.5,190,0.014762201357931548,6.938893903907228e-18,0.004483381226386505,1,0.003235994981893739,6,0.01138302519070259
main_contention_COV_PERIODIC_O1000_N2_P0.5_B4_T1.0_S0_R5,165,0.75,190,0.01488630780221123,0.0,0.003986662168711599,1,0.006353992472840603,6,0.008247571975461318
main_contention_COV_PERIODIC_O1000_N2_P0.5_B4_T1.0_S0_R5,170,0.5,190,0.005506162997618386,0.0,0.0015739512564924216,0,0.0,6,0.004394772776185274
main_contention_COV_PERIODIC_O1000_N2_P0.5_B4_T1.0_S0_R5,170,0.75,190,0.005860587743184077,0.0,0.0014711933686937426,1,0.0009991444498907154,6,0.0035066066332369653
main_contention_COV_PERIODIC_O1000_N2_P0.5_B4_T1.0_S0_R5,175,0.5,190,0.007315958101145728,0.0,0.002120821696424231,1,0.00039394798801404424,6,0.00578858681615655
main_contention_COV_PERIODIC_O1000_N2_P0.5_B4_T1.0_S0_R5,175,0.75,190,0.007673416370707453,-6.938893903907228e-18,0.0019544515323165978,1,0.0020909219820210573,6,0.00450026743196183
main_contention_COV_PERIODIC_O1000_N2_P0.5_B4_T1.0_S0_R5,180,0.5,190,0.014013677517486611,2.0816681711721685e-17,0.0042385939195226,1,0.0029574979609186536,6,0.010828568144262238
main_contention_COV_PERIODIC_O1000_N2_P0.5_B4_T1.0_S0_R5,180,0.75,190,0.014174444444741516,1.3877787807814457e-17,0.0037790352596972056,1,0.005936246941377961,6,0.007889029867885533
main_contention_COV_PERIODIC_O1000_N2_P0.5_B4_T1.0_S0_R5,185,0.5,190,0.004579361044253674,0.0,0.001298767090803763,0,0.0,6,0.0036733989661149324
main_contention_COV_PERIODIC_O1000_N2_P0.5_B4_T1.0_S0_R5,185,0.75,190,0.004918595789166015,0.0,0.001225007732038214,1,0.0004244733393537724,6,0.002978291826092938
main_contention_COV_PERIODIC_O1000_N2_P0.5_B4_T1.0_S0_R5,190,0.5,190,0.005029865912323635,0.0,0.0014320977961803083,0,0.0,6,0.004024768723789519
main_contention_COV_PERIODIC_O1000_N2_P0.5_B4_T1.0_S0_R5,190,0.75,190,0.005377788806033311,0.0,0.001344581258229836,1,0.0007054062586907307,6,0.003236974858415946
main_contention_COV_PERIODIC_O1000_N2_P0.5_B4_T1.0_S0_R5,195,0.5,190,0.008715120678103455,0.0,0.002551588436933073,1,0.0009432381292350869,63,0.006855024876154685
main_contention_COV_PERIODIC_O1000_N2_P0.5_B4_T1.0_S0_R5,195,0.75,190,0.009055196884593518,0.0,0.00233073601483088,1,0.0029148571938526213,63,0.0052407368907190915
main_contention_COV_EVENT_O1000_N1_P0.2_B4_T0.4_S0_R5,0,0.5,190,0.10952553672496956,-2.7755575615628914e-17,0.04262913597395955,1,0.030969473909636072,134,0.050642954977616436
main_contention_COV_EVENT_O1000_N1_P0.2_B4_T0.4_S0_R5,0,0.75,190,0.09848430488088349,-2.7755575615628914e-17,0.03417363129624187,1,0.026480917729748324,134,0.02233584918237593
main_contention_COV_EVENT_O1000_N1_P0.2_B4_T0.4_S0_R5,10,0.5,190,0.012887259721515255,1.3877787807814457e-17,0.0038730705685481,1,0.002535840277396534,19,0.00999092580337256
main_contention_COV_EVENT_O1000_N1_P0.2_B4_T0.4_S0_R5,10,0.75,190,0.013098674840926229,6.938893903907228e-18,0.0034680026513421924,1,0.005303760416094788,19,0.007342852578703166
main_contention_COV_EVENT_O1000_N1_P0.2_B4_T0.4_S0_R5,20,0.5,190,0.013782946208493886,-1.3877787807814457e-17,0.004163423887019632,1,0.002871280954722867,19,0.01065710590671061
main_contention_COV_EVENT_O1000_N1_P0.2_B4_T0.4_S0_R5,20,0.75,190,0.013954614459778525,-6.938893903907228e-18,0.003715189916471217,1,0.005806921432084292,19,0.007777682546587152
main_contention_COV_EVENT_O1000_N1_P0.2_B4_T0.4_S0_R5,30,0.5,190,0.002620795819006101,-3.469446951953614e-18,0.0007293742199789302,0,0.0,5,0.0025849730702895077
main_contention_COV_EVENT_O1000_N1_P0.2_B4_T0.4_S0_R5,30,0.75,190,0.002887150477465173,0.0,0.0007063934346341926,0,0.0,5,0.0028434377863894196
main_contention_COV_EVENT_O1000_N1_P0.2_B4_T0.4_S0_R5,40,0.5,190,0.012980383755725855,0.0,0.0039031543088327153,1,0.002570804633495141,6,0.010060292468974101
main_contention_COV_EVENT_O1000_N1_P0.2_B4_T0.4_S0_R5,40,0.75,190,0.013187841135167966,0.0,0.0034936525961680406,1,0.005356206950242699,6,0.007388298429626031
main_contention_COV_EVENT_O1000_N1_P0.2_B4_T0.4_S0_R5,50,0.5,190,0.011942446326385206,-1.3877787807814457e-17,0.0035692453688601113,1,0.0021798684723989548,6,0.009285753678353562
main_contention_COV_EVENT_O1000_N1_P0.2_B4_T0.4_S0_R5,50,0.75,190,0.012191589021545685,-6.938893903907228e-18,0.0032084213899377457,1,0.004769802708598413,6,0.006878515474613482
main_contention_COV_EVENT_O1000_N1_P0.2_B4_T0.4_S0_R5,60,0.5,190,0.002268506829067641,0.0,0.0006288898307031279,1,0.0001309592985836161,5,0.0022326840765414593
main_contention_COV_EVENT_O1000_N1_P0.2_B4_T0.4_S0_R5,60,0.75,190,0.002514152266570941,-3.469446951953614e-18,0.0006130915730008306,0,0.0,5,0.0024704395708843654
main_contention_COV_EVENT_O1000_N1_P0.2_B4_T0.4_S0_R5,70,0.5,190,0.010472127020365193,0.0,0.003101646586957742,1,0.001621005808854381,6,0.008183082306862703
main_contention_COV_EVENT_O1000_N1_P0.2_B4_T0.4_S0_R5,70,0.75,190,0.010770475849951396,0.0,0.0028068368639981244,1,0.00393150871328158,6,0.006143247118972996
main_contention_COV_EVENT_O1000_N1_P0.2_B4_T0.4_S0_R5,80,0.5,190,0.002164202045122309,0.0,0.0005992626696027396,1,0.00021966681877863894,5,0.0021283795655462207
main_contention_COV_EVENT_O1000_N1_P0.2_B4_T0.4_S0_R5,80,0.75,190,0.0024031562277555887,0.0,0.0005854466700623887,0,0.0,5,0.0023594438624248773
main_contention_COV_EVENT_O1000_N1_P0.2_B4_T0.4_S0_R5,90,0.5,190,0.004050577175983595,0.0,0.001143356405807635,0,0.0,5,0.004015033661945212
main_contention_COV_EVENT_O1000_N1_P0.2_B4_T0.4_S0_R5,90,0.75,190,0.004376114707912021,0.0,0.0010848400485102753,1,9.043870402280704e-05,5,0.004332740007907142
main_contention_COV_EVENT_O1000_N1_P0.2_B4_T0.4_S0_R5,100,0.5,190,0.013017315003179514,6.938893903907228e-18,0.003915091524822374,1,0.002584663744702856,6,0.010087792729016554
main_contention_COV_EVENT_O1000_N1_P0.2_B4_T0.4_S0_R5,100,0.75,190,0.013223192177164923,6.938893903907228e-18,0.003503828153983481,1,0.005376995617054285,6,0.007406304254652829
main_contention_COV_EVENT_O1000_N1_P0.2_B4_T0.4_S0_R5,110,0.5,190,0.004998836385668122,-6.938893903907228e-18,0.0014228900822662685,0,0.0,19,0.004000674155507748
main_contention_COV_EVENT_O1000_N1_P0.2_B4_T0.4_S0_R5,110,0.75,190,0.005346227050656231,-6.938893903907228e-18,0.0013363378590647839,1,0.0006862070873658969,19,0.003219320420876415
main_contention_COV_EVENT_O1000_N1_P0.2_B4_T0.4_S0_R5,120,0.5,190,0.010454577142854658,-1.3877787807814457e-17,0.003096091412499139,1,0.0016141879156147954,19,0.00816966827056536
main_contention_COV_EVENT_O1000_N1_P0.2_B4_T0.4_S0_R5,120,0.75,190,0.010753505199797252,-6.938893903907228e-18,0.002802066515525116,1,0.003921281873422167,19,0.006134228368186077
main_contention_COV_EVENT_O1000_N1_P0.2_B4_T0.4_S0_R5,130,0.5,190,0.012846250787357613,0.0,0.003859830432503013,1,0.002520436750858418,19,0.0099603719359257
main_contention_COV_EVENT_O1000_N1_P0.2_B4_T0.4_S0_R5,130,0.75,190,0.013059395268407034,0.0,0.0034567108760392134,1,0.005280655126287628,19,0.007322822330170321
main_contention_COV_EVENT_O1000_N1_P0.2_B4_T0.4_S0_R5,140,0.5,190,0.012861581785342177,0.0,0.0038647796399637626,1,0.0025261957697536377,19,0.009971794911857117
main_contention_COV_EVENT_O1000_N1_P0.2_B4_T0.4_S0_R5,140,0.75,190,0.013074080702794214,0.0,0.0034609319898008814,1,0.0052892936546304545,19,0.007330311825306933
main_contention_COV_EVENT_O1000_N1_P0.2_B4_T0.4_S0_R5,150,0.5,190,0.007929126340422386,1.3877787807814457e-17,0.002308789907758201,1,0.0006359916635987478,6,0.0062572317728034
main_contention_COV_EVENT_O1000_N1_P0.2_B4_T0.4_S0_R5,150,0.75,190,0.008280802853925087,6.938893903907228e-18,0.002119044958005401,1,0.002453987495398116,6,0.004827563672621632
main_contention_COV_EVENT_O1000_N1_P0.2_B4_T0.4_S0_R5,160,0.5,190,0.011964298355538805,-6.938893903907228e-18,0.00357624746073963,1,0.0021881581181915147,6,0.009302152355816759
main_contention_COV_EVENT_O1000_N1_P0.2_B4_T0.4_S0_R5,160,0.75,190,0.012212600049073048,0.0,0.0032144101474447006,1,0.00478223717728727,6,0.00688936336839481
main_contention_COV_EVENT_O1000_N1_P0.2_B4_T0.4_S0_R5,170,0.5,190,0.004890977926485698,0.0,0.0013909042664051448,0,0.0,6,0.003916593524545792
main_contention_COV_EVENT_O1000_N1_P0.2_B4_T0.4_S0_R5,170,0.75,190,0.0052364954101124656,0.0,0.00130769969131136,1,0.0006191367982616505,6,0.003157617941343456
main_contention_COV_EVENT_O1000_N1_P0.2_B4_T0.4_S0_R5,180,0.5,190,0.014498495041379234,0.0,0.004396964876544681,1,0.0031379756130202954,6,0.011187778152778001
main_contention_COV_EVENT_O1000_N1_P0.2_B4_T0.4_S0_R5,180,0.75,190,0.01463581440440681,0.0,0.003913431602731391,1,0.006206963419530434,6,0.008121574994884577
main_contention_COV_EVENT_O1000_N1_P0.2_B4_T0.4_S0_R5,190,0.5,190,0.015521289873628816,6.938893903907228e-18,0.00473316161672485,1,0.0035173898757207903,6,0.011944110331123699
main_contention_COV_EVENT_O1000_N1_P0.2_B4_T0.4_S0_R5,190,0.75,190,0.015605768350700565,0.0,0.004197970902769976,1,0.006776084813581176,6,0.008608133470920473
main_contention_COV_EVENT_O1000_N2_P0.2_B4_T0.4_S0_R5,0,0.5,190,0.10952553672496956,-2.7755575615628914e-17,0.04262913597395955,1,0.030969473909636072,134,0.050642954977616436
main_contention_COV_EVENT_O1000_N2_P0.2_B4_T0.4_S0_R5,0,0.75,190,0.09848430488088349,-2.7755575615628914e-17,0.03417363129624187,1,0.026480917729748324,134,0.02233584918237593
main_contention_COV_EVENT_O1000_N2_P0.2_B4_T0.4_S0_R5,10,0.5,190,0.013404783695740212,0.0,0.004040563674549514,1,0.0027298825657661174,19,0.010376106803780906
main_contention_COV_EVENT_O1000_N2_P0.2_B4_T0.4_S0_R5,10,0.75,190,0.01359368729959079,-6.938893903907228e-18,0.0036106957841043792,1,0.005594823848649157,19,0.007594704659304362
main_contention_COV_EVENT_O1000_N2_P0.2_B4_T0.4_S0_R5,20,0.5,190,0.005085675288645938,0.0,0.0014486771311401382,0,0.0,19,0.004068323795517803
main_contention_COV_EVENT_O1000_N2_P0.2_B4_T0.4_S0_R5,20,0.75,190,0.0054344673932160935,0.0,0.0013594019035181502,1,0.0007400890172377071,19,0.003268857742682589
main_contention_COV_EVENT_O1000_N2_P0.2_B4_T0.4_S0_R5,30,0.5,190,0.009734747529609393,1.3877787807814457e-17,0.0028695981971816847,1,0.0013379296929000792,6,0.007627013150222066
main_contention_COV_EVENT_O1000_N2_P0.2_B4_T0.4_S0_R5,30,0.75,190,0.01005310145703854,6.938893903907228e-18,0.002606534183062075,1,0.0035068945393501166,6,0.005767778339104218
main_contention_COV_EVENT_O1000_N2_P0.2_B4_T0.4_S0_R5,40,0.5,190,0.01184971189528751,-1.3877787807814457e-17,0.003539567268382131,1,0.002144831072305453,6,0.009216455022897169
main_contention_COV_EVENT_O1000_N2_P0.2_B4_T0.4_S0_R5,40,0.75,190,0.012102293224570813,-6.938893903907228e-18,0.0031830063644019677,1,0.004717246608458181,6,0.006832646736895334
main_contention_COV_EVENT_O1000_N2_P0.2_B4_T0.4_S0_R5,50,0.5,190,0.0023852623281390706,0.0,0.0006621214707887271,1,3.3265910512347147e-05,5,0.002349439575343573
main_contention_COV_EVENT_O1000_N2_P0.2_B4_T0.4_S0_R5,50,0.75,190,0.002638086047188584,0.0,0.0006440238775660243,0,0.0,5,0.002594373351176061
main_contention_COV_EVENT_O1000_N2_P0.2_B4_T0.4_S0_R5,60,0.5,190,0.013976146858439661,-6.938893903907228e-18,0.004226343664699548,1,0.002943396439461274,6,0.010800517781389102
main_contention_COV_EVENT_O1000_N2_P0.2_B4_T0.4_S0_R5,60,0.75,190,0.014138762081323544,0.0,0.003768648845263597,1,0.005915094659191905,6,0.007870829513855815
main_contention_COV_EVENT_O1000_N2_P0.2_B4_T0.4_S0_R5,70,0.5,190,0.012812226169567016,0.0,0.003848848855170282,1,0.0025076534948769436,6,0.009935018152917058
main_contention_COV_EVENT_O1000_N2_P0.2_B4_T0.4_S0_R5,70,0.75,190,0.013026799310647014,0.0,0.0034473439356328115,1,0.005261480242315403,6,0.007306195158379443
main_contention_COV_EVENT_O1000_N2_P0.2_B4_T0.4_S0_R5,80,0.5,190,0.008375013184996158,-6.938893903907228e-18,0.0024462679955390555,1,0.0008105992028166267,6,0.006596586488419549
main_contention_COV_EVENT_O1000_N2_P0.2_B4_T0.4_S0_R5,80,0.75,190,0.008720707842999324,-6.938893903907228e-18,0.0022390412807066057,1,0.002715898804224931,6,0.005062682880691727
main_contention_COV_EVENT_O1000_N2_P0.2_B4_T0.4_S0_R5,90,0.5,190,0.00517994387491761,0.0,0.001476697589114105,0,0.0,6,0.004141513594718954
main_contention_COV_EVENT_O1000_N2_P0.2_B4_T0.4_S0_R5,90,0.75,190,0.0055302024154273675,-6.938893903907228e-18,0.0013844532796285934,1,0.0007983042977545256,6,0.003322345996744941
main_contention_COV_EVENT_O1000_N2_P0.2_B4_T0.4_S0_R5,100,0.5,190,0.0035683123815575812,0.0,0.0010026644833383406,0,0.0,5,0.003532569068193575
main_contention_COV_EVENT_O1000_N2_P0.2_B4_T0.4_S0_R5,100,0.75,190,0.003877846041610882,-3.469446951953614e-18,0.0009571498589527731,0,0.0,5,0.003834229494731386
main_contention_COV_EVENT_O1000_N2_P0.2_B4_T0.4_S0_R5,110,0.5,190,0.005505177315149587,0.0,0.0015736591938460553,0,0.0,19,0.0043940700436052235
main_contention_COV_EVENT_O1000_N2_P0.2_B4_T0.4_S0_R5,110,0.75,190,0.005859575486076938,0.0,0.001470929069521434,1,0.00099858840498665,19,0.003506097084617743
main_contention_COV_EVENT_O1000_N2_P0.2_B4_T0.4_S0_R5,120,0.5,190,0.0022262112228047595,0.0,0.0006168690557899838,1,0.00016676190014254175,15,0.0021903884700006926
main_contention_COV_EVENT_O1000_N2_P0.2_B4_T0.4_S0_R5,120,0.75,190,0.0024691756554924317,0.0,0.0006018829490094171,0,0.0,15,0.0024254629594695244
main_contention_COV_EVENT_O1000_N2_P0.2_B4_T0.4_S0_R5,130,0.5,190,0.012641943566611476,0.0,0.003793938725762592,1,0.0024436341311663,19,0.00980808089055294
main_contention_COV_EVENT_O1000_N2_P0.2_B4_T0.4_S0_R5,130,0.75,190,0.012863582041816632,0.0,0.0034004886203877404,1,0.005165451196749438,19,0.007222867188870004
main_contention_COV_EVENT_O1000_N2_P0.2_B4_T0.4_S0_R5,140,0.5,190,0.004253033810735225,0.0,0.0012027139363834489,0,0.0,15,0.00421721133720903
main_contention_COV_EVENT_O1000_N2_P0.2_B4_T0.4_S0_R5,140,0.75,190,0.004584310231159634,0.0,0.0011384896969030209,1,0.00021883914006198477,15,0.0045405978731512045
main_contention_COV_EVENT_O1000_N2_P0.2_B4_T0.4_S0_R5,150,0.5,190,0.009532743609505762,0.0,0.002806330155720428,1,0.001260064553901312,6,0.007474389141260494
main_contention_COV_EVENT_O1000_N2_P0.2_B4_T0.4_S0_R5,150,0.75,190,0.009855958270284071,0.0,0.002551785909217897,1,0.003390096830851959,6,0.005664131115216735
main_contention_COV_EVENT_O1000_N2_P0.2_B4_T0.4_S0_R5,160,0.5,190,0.002168329764580753,1.0408340855860843e-17,0.0006004340203676124,1,0.00021612967973957606,5,0.002132507011785457
main_contention_COV_EVENT_O1000_N2_P0.2_B4_T0.4_S0_R5,160,0.75,190,0.0024075539092448875,6.938893903907228e-18,0.0005865409116812438,0,0.0,5,0.002363841213232607
main_contention_COV_EVENT_O1000_N2_P0.2_B4_T0.4_S0_R5,170,0.5,190,0.007474680164049195,0.0,0.0021693503870258506,1,0.000456773629814812,6,0.005910019002315359
main_contention_COV_EVENT_O1000_N2_P0.2_B4_T0.4_S0_R5,170,0.75,190,0.007830954779095449,0.0,0.001997014533869976,1,0.002185160444722209,6,0.00458537451055948
main_contention_COV_EVENT_O1000_N2_P0.2_B4_T0.4_S0_R5,180,0.5,190,0.004995418382093546,0.0,0.001421873786997907,0,0.0,6,0.0039979576587530555
main_contention_COV_EVENT_O1000_N2_P0.2_B4_T0.4_S0_R5,180,0.75,190,0.0053427651114790545,0.0,0.0013354319764513538,1,0.0006840419376722313,6,0.0032173292454747843
main_contention_COV_EVENT_O1000_N2_P0.2_B4_T0.4_S0_R5,190,0.5,190,0.005726200328211618,0.0,0.0016397847838933183,0,0.0,6,0.004565221715183365
main_contention_COV_EVENT_O1000_N2_P0.2_B4_T0.4_S0_R5,190,0.75,190,0.006082758135148754,0.0,0.001529758634040421,1,0.0011338217407594747,6,0.0036299225977249744
main_contention_GRANT_O1000_N1_P0.2_B4_T0.4_S0_R5,0,0.5,190,0.10952553672496956,-2.7755575615628914e-17,0.04262913597395955,1,0.030969473909636072,134,0.050642954977616436
main_contention_GRANT_O1000_N1_P0.2_B4_T0.4_S0_R5,0,0.75,190,0.09848430488088349,-2.7755575615628914e-17,0.03417363129624187,1,0.026480917729748324,134,0.02233584918237593
main_contention_GRANT_O1000_N1_P0.2_B4_T0.4_S0_R5,10,0.5,190,0.012887259721515255,1.3877787807814457e-17,0.0038730705685481,1,0.002535840277396534,19,0.00999092580337256
main_contention_GRANT_O1000_N1_P0.2_B4_T0.4_S0_R5,10,0.75,190,0.013098674840926229,6.938893903907228e-18,0.0034680026513421924,1,0.005303760416094788,19,0.007342852578703166
main_contention_GRANT_O1000_N1_P0.2_B4_T0.4_S0_R5,20,0.5,190,0.013782946208493886,-1.3877787807814457e-17,0.004163423887019632,1,0.002871280954722867,19,0.01065710590671061
main_contention_GRANT_O1000_N1_P0.2_B4_T0.4_S0_R5,20,0.75,190,0.013954614459778525,-6.938893903907228e-18,0.003715189916471217,1,0.005806921432084292,19,0.007777682546587152
main_contention_GRANT_O1000_N1_P0.2_B4_T0.4_S0_R5,30,0.5,190,0.002620795819006101,-3.469446951953614e-18,0.0007293742199789302,0,0.0,6,0.002126627606352613
main_contention_GRANT_O1000_N1_P0.2_B4_T0.4_S0_R5,30,0.75,190,0.002887150477465173,0.0,0.0007063934346341926,0,0.0,6,0.0018023155400132135
main_contention_GRANT_O1000_N1_P0.2_B4_T0.4_S0_R5,40,0.5,190,0.012980383755725855,0.0,0.0039031543088327153,1,0.002570804633495141,6,0.010060292468974101
main_contention_GRANT_O1000_N1_P0.2_B4_T0.4_S0_R5,40,0.75,190,0.013187841135167966,0.0,0.0034936525961680406,1,0.005356206950242699,6,0.007388298429626031
main_contention_GRANT_O1000_N1_P0.2_B4_T0.4_S0_R5,50,0.5,190,0.011942446326385206,-1.3877787807814457e-17,0.0035692453688601113,1,0.0021798684723989548,6,0.009285753678353562
main_contention_GRANT_O1000_N1_P0.2_B4_T0.4_S0_R5,50,0.75,190,0.012191589021545685,-6.938893903907228e-18,0.0032084213899377457,1,0.004769802708598413,6,0.006878515474613482
main_contention_GRANT_O1000_N1_P0.2_B4_T0.4_S0_R5,60,0.5,190,0.002268506829067641,0.0,0.0006288898307031279,1,0.0001309592985836161,6,0.00184431202990782
main_contention_GRANT_O1000_N1_P0.2_B4_T0.4_S0_R5,60,0.75,190,0.002514152266570941,-3.469446951953614e-18,0.0006130915730008306,0,0.0,6,0.0015794873934033213
main_contention_GRANT_O1000_N1_P0.2_B4_T0.4_S0_R5,70,0.5,190,0.010472127020365193,0.0,0.003101646586957742,1,0.001621005808854381,6,0.008183082306862703
main_contention_GRANT_O1000_N1_P0.2_B4_T0.4_S0_R5,70,0.75,190,0.010770475849951396,0.0,0.0028068368639981244,1,0.00393150871328158,6,0.006143247118972996
main_contention_GRANT_O1000_N1_P0.2_B4_T0.4_S0_R5,80,0.5,190,0.002164202045122309,0.0,0.0005992626696027396,1,0.00021966681877863894,6,0.0017604271850438918
main_contention_GRANT_O1000_N1_P0.2_B4_T0.4_S0_R5,80,0.75,190,0.0024031562277555887,0.0,0.0005854466700623887,0,0.0,6,0.0015126670654961732
main_contention_GRANT_O1000_N1_P0.2_B4_T0.4_S0_R5,90,0.5,190,0.004050577175983595,0.0,0.001143356405807635,0,0.0,6,0.0032592923034580334
main_contention_GRANT_O1000_N1_P0.2_B4_T0.4_S0_R5,90,0.75,190,0.004376114707912021,0.0,0.0010848400485102753,1,9.043870402280704e-05,6,0.002669820299096036
main_contention_GRANT_O1000_N1_P0.2_B4_T0.4_S0_R5,100,0.5,190,0.013017315003179514,6.938893903907228e-18,0.003915091524822374,1,0.002584663744702856,6,0.010087792729016554
main_contention_GRANT_O1000_N1_P0.2_B4_T0.4_S0_R5,100,0.75,190,0.013223192177164923,6.938893903907228e-18,0.003503828153983481,1,0.005376995617054285,6,0.007406304254652829
main_contention_GRANT_O1000_N1_P0.2_B4_T0.4_S0_R5,110,0.5,190,0.004998836385668122,-6.938893903907228e-18,0.0014228900822662685,0,0.0,19,0.004000674155507748
main_contention_GRANT_O1000_N1_P0.2_B4_T0.4_S0_R5,110,0.75,190,0.005346227050656231,-6.938893903907228e-18,0.0013363378590647839,1,0.0006862070873658969,19,0.003219320420876415
main_contention_GRANT_O1000_N1_P0.2_B4_T0.4_S0_R5,120,0.5,190,0.010454577142854658,-1.3877787807814457e-17,0.003096091412499139,1,0.0016141879156147954,19,0.00816966827056536
main_contention_GRANT_O1000_N1_P0.2_B4_T0.4_S0_R5,120,0.75,190,0.010753505199797252,-6.938893903907228e-18,0.002802066515525116,1,0.003921281873422167,19,0.006134228368186077
main_contention_GRANT_O1000_N1_P0.2_B4_T0.4_S0_R5,130,0.5,190,0.012846250787357613,0.0,0.003859830432503013,1,0.002520436750858418,19,0.0099603719359257
main_contention_GRANT_O1000_N1_P0.2_B4_T0.4_S0_R5,130,0.75,190,0.013059395268407034,0.0,0.0034567108760392134,1,0.005280655126287628,19,0.007322822330170321
main_contention_GRANT_O1000_N1_P0.2_B4_T0.4_S0_R5,140,0.5,190,0.012861581785342177,0.0,0.0038647796399637626,1,0.0025261957697536377,19,0.009971794911857117
main_contention_GRANT_O1000_N1_P0.2_B4_T0.4_S0_R5,140,0.75,190,0.013074080702794214,0.0,0.0034609319898008814,1,0.0052892936546304545,19,0.007330311825306933
main_contention_GRANT_O1000_N1_P0.2_B4_T0.4_S0_R5,150,0.5,190,0.007929126340422386,1.3877787807814457e-17,0.002308789907758201,1,0.0006359916635987478,6,0.0062572317728034
main_contention_GRANT_O1000_N1_P0.2_B4_T0.4_S0_R5,150,0.75,190,0.008280802853925087,6.938893903907228e-18,0.002119044958005401,1,0.002453987495398116,6,0.004827563672621632
main_contention_GRANT_O1000_N1_P0.2_B4_T0.4_S0_R5,160,0.5,190,0.011964298355538805,-6.938893903907228e-18,0.00357624746073963,1,0.0021881581181915147,6,0.009302152355816759
main_contention_GRANT_O1000_N1_P0.2_B4_T0.4_S0_R5,160,0.75,190,0.012212600049073048,0.0,0.0032144101474447006,1,0.00478223717728727,6,0.00688936336839481
main_contention_GRANT_O1000_N1_P0.2_B4_T0.4_S0_R5,170,0.5,190,0.004890977926485698,0.0,0.0013909042664051448,0,0.0,6,0.003916593524545792
main_contention_GRANT_O1000_N1_P0.2_B4_T0.4_S0_R5,170,0.75,190,0.0052364954101124656,0.0,0.00130769969131136,1,0.0006191367982616505,6,0.003157617941343456
main_contention_GRANT_O1000_N1_P0.2_B4_T0.4_S0_R5,180,0.5,190,0.014498495041379234,0.0,0.004396964876544681,1,0.0031379756130202954,6,0.011187778152778001
main_contention_GRANT_O1000_N1_P0.2_B4_T0.4_S0_R5,180,0.75,190,0.01463581440440681,0.0,0.003913431602731391,1,0.006206963419530434,6,0.008121574994884577
main_contention_GRANT_O1000_N1_P0.2_B4_T0.4_S0_R5,190,0.5,190,0.015521289873628816,6.938893903907228e-18,0.00473316161672485,1,0.0035173898757207903,6,0.011944110331123699
main_contention_GRANT_O1000_N1_P0.2_B4_T0.4_S0_R5,190,0.75,190,0.015605768350700565,0.0,0.004197970902769976,1,0.006776084813581176,6,0.008608133470920473
main_contention_GRANT_O1000_N2_P0.2_B4_T0.4_S0_R5,0,0.5,190,0.10952553672496956,-2.7755575615628914e-17,0.04262913597395955,1,0.030969473909636072,134,0.050642954977616436
main_contention_GRANT_O1000_N2_P0.2_B4_T0.4_S0_R5,0,0.75,190,0.09848430488088349,-2.7755575615628914e-17,0.03417363129624187,1,0.026480917729748324,134,0.02233584918237593
main_contention_GRANT_O1000_N2_P0.2_B4_T0.4_S0_R5,10,0.5,190,0.013404783695740212,0.0,0.004040563674549514,1,0.0027298825657661174,19,0.010376106803780906
main_contention_GRANT_O1000_N2_P0.2_B4_T0.4_S0_R5,10,0.75,190,0.01359368729959079,-6.938893903907228e-18,0.0036106957841043792,1,0.005594823848649157,19,0.007594704659304362
main_contention_GRANT_O1000_N2_P0.2_B4_T0.4_S0_R5,20,0.5,190,0.005085675288645938,0.0,0.0014486771311401382,0,0.0,19,0.004068323795517803
main_contention_GRANT_O1000_N2_P0.2_B4_T0.4_S0_R5,20,0.75,190,0.0054344673932160935,0.0,0.0013594019035181502,1,0.0007400890172377071,19,0.003268857742682589
main_contention_GRANT_O1000_N2_P0.2_B4_T0.4_S0_R5,30,0.5,190,0.009734747529609393,1.3877787807814457e-17,0.0028695981971816847,1,0.0013379296929000792,6,0.007627013150222066
main_contention_GRANT_O1000_N2_P0.2_B4_T0.4_S0_R5,30,0.75,190,0.01005310145703854,6.938893903907228e-18,0.002606534183062075,1,0.0035068945393501166,6,0.005767778339104218
main_contention_GRANT_O1000_N2_P0.2_B4_T0.4_S0_R5,40,0.5,190,0.004921686741984156,0.0,0.0014000078029539188,0,0.0,6,0.003940583032239993
main_contention_GRANT_O1000_N2_P0.2_B4_T0.4_S0_R5,40,0.75,190,0.005267741726282506,0.0,0.001315850927324063,1,0.000638284650421924,6,0.00317523783210457
main_contention_GRANT_O1000_N2_P0.2_B4_T0.4_S0_R5,50,0.5,190,0.0023968629931809225,-1.0408340855860843e-17,0.0006654271963348919,1,2.3647368751624626e-05,6,0.001947348596131028
main_contention_GRANT_O1000_N2_P0.2_B4_T0.4_S0_R5,50,0.75,190,0.0026503824510223303,-6.938893903907228e-18,0.0006470966362646851,0,0.0,6,0.001661170453055319
main_contention_GRANT_O1000_N2_P0.2_B4_T0.4_S0_R5,60,0.5,190,0.0075350857240187585,0.0,0.002187841880131979,1,0.00048064180486698943,6,0.00595619230595093
main_contention_GRANT_O1000_N2_P0.2_B4_T0.4_S0_R5,60,0.75,190,0.007890856717377957,0.0,0.002013221295037851,1,0.002220962707300482,6,0.00461767955643913
main_contention_GRANT_O1000_N2_P0.2_B4_T0.4_S0_R5,70,0.5,190,0.002305087450169673,0.0,0.0006392939612827843,1,0.00010017392862227137,6,0.0018736981267066175
main_contention_GRANT_O1000_N2_P0.2_B4_T0.4_S0_R5,70,0.75,190,0.0025530166859652967,0.0,0.0006227842674653236,0,0.0,6,0.0016028268776415652
main_contention_GRANT_O1000_N2_P0.2_B4_T0.4_S0_R5,80,0.5,190,0.004607870036192646,-6.938893903907228e-18,0.0013071797449984435,0,0.0,6,0.0036956750577017555
main_contention_GRANT_O1000_N2_P0.2_B4_T0.4_S0_R5,80,0.75,190,0.004947732303268421,-6.938893903907228e-18,0.001232569910869069,1,0.00044234738739406046,6,0.0029947720614260168
main_contention_GRANT_O1000_N2_P0.2_B4_T0.4_S0_R5,90,0.5,190,0.003843097690322518,1.0408340855860843e-17,0.0010826972915388194,0,0.0,6,0.0030959070884155476
main_contention_GRANT_O1000_N2_P0.2_B4_T0.4_S0_R5,90,0.75,190,0.004162226403223404,6.938893903907228e-18,0.0010298977566614877,0,0.0,6,0.0025469531607692705
main_contention_GRANT_O1000_N2_P0.2_B4_T0.4_S0_R5,100,0.5,190,0.0065904159576341895,-6.938893903907228e-18,0.0019001352021398115,1,0.00010489939419526528,6,0.005232002548952987
main_contention_GRANT_O1000_N2_P0.2_B4_T0.4_S0_R5,100,0.75,190,0.006950440026372767,-6.938893903907228e-18,0.0017602703486855839,1,0.0016573490912929062,6,0.00410733170630246
main_contention_GRANT_O1000_N2_P0.2_B4_T0.4_S0_R5,110,0.5,190,0.005505256616236798,0.0,0.0015736804630179684,0,0.0,19,0.0043940700436052235
main_contention_GRANT_O1000_N2_P0.2_B4_T0.4_S0_R5,110,0.75,190,0.005859671467766222,0.0,0.0014709522251518622,1,0.00099858840498665,19,0.003506097084617736
main_contention_GRANT_O1000_N2_P0.2_B4_T0.4_S0_R5,120,0.5,190,0.002648650464019922,6.938893903907228e-18,0.0007373462509557817,0,0.0,19,0.002148886776138295
main_contention_GRANT_O1000_N2_P0.2_B4_T0.4_S0_R5,120,0.75,190,0.002916524830093279,3.469446951953614e-18,0.0007137672688229527,0,0.0,19,0.001819756771162112
main_contention_GRANT_O1000_N2_P0.2_B4_T0.4_S0_R5,130,0.5,190,0.012644375449288682,0.0,0.0037947223430645437,1,0.0024445489310082336,19,0.009809894322564724
main_contention_GRANT_O1000_N2_P0.2_B4_T0.4_S0_R5,130,0.75,190,0.012865914020269077,0.0,0.0034011575088210328,1,0.005166823396512345,19,0.007224058580739046
main_contention_GRANT_O1000_N2_P0.2_B4_T0.4_S0_R5,140,0.5,190,0.004245384984166996,0.0,0.001200467945178135,0,0.0,19,0.0034119634630658674
main_contention_GRANT_O1000_N2_P0.2_B4_T0.4_S0_R5,140,0.75,190,0.0045764571859685035,0.0,0.0011364626449392413,1,0.00021399591518158137,19,0.002784023382193475
main_contention_GRANT_O1000_N2_P0.2_B4_T0.4_S0_R5,150,0.5,190,0.009532743609508176,0.0,0.002806330155721074,1,0.001260064553901312,6,0.007474389141260494
main_contention_GRANT_O1000_N2_P0.2_B4_T0.4_S0_R5,150,0.75,190,0.009855958270286985,0.0,0.002551785909218599,1,0.003390096830851952,6,0.005664131115216735
main_contention_GRANT_O1000_N2_P0.2_B4_T0.4_S0_R5,160,0.5,190,0.0021683297645807564,3.469446951953614e-18,0.0006004340203676116,1,0.00021612967973957953,6,0.001763749321949129
main_contention_GRANT_O1000_N2_P0.2_B4_T0.4_S0_R5,160,0.75,190,0.0024075539092448875,3.469446951953614e-18,0.0005865409116812435,0,0.0,6,0.0015153190006947717
main_contention_GRANT_O1000_N2_P0.2_B4_T0.4_S0_R5,170,0.5,190,0.007471116176736195,0.0,0.00216825942221319,1,0.00045536113111575155,6,0.005907287184465614
main_contention_GRANT_O1000_N2_P0.2_B4_T0.4_S0_R5,170,0.75,190,0.007827421553827159,0.0,0.001996058676264362,1,0.002183041696673625,6,0.004583462239746913
main_contention_GRANT_O1000_N2_P0.2_B4_T0.4_S0_R5,180,0.5,190,0.004995418294284001,0.0,0.0014218737609415493,0,0.0,6,0.003997957590382094
main_contention_GRANT_O1000_N2_P0.2_B4_T0.4_S0_R5,180,0.75,190,0.005342765022186627,0.0,0.0013354319531309862,1,0.0006840418831765352,6,0.0032173291953573532
main_contention_GRANT_O1000_N2_P0.2_B4_T0.4_S0_R5,190,0.5,190,0.005726200327972698,0.0,0.0016397847838217326,0,0.0,6,0.004565221714998444
main_contention_GRANT_O1000_N2_P0.2_B4_T0.4_S0_R5,190,0.75,190,0.006082758134907801,0.0,0.0015297586339768035,1,0.0011338217406135706,6,0.003629922597591484
main_contention_GOQ_O1000_N1_P0.2_B8_T0.4_S0_R5,0,0.5,190,0.10952553672496956,-2.7755575615628914e-17,0.04262913597395955,1,0.030969473909636072,19,0.07757667138697191
main_contention_GOQ_O1000_N1_P0.2_B8_T0.4_S0_R5,0,0.75,190,0.09848430488088349,-2.7755575615628914e-17,0.03417363129624187,1,0.026480917729748324,19,0.04532261542112731
main_contention_GOQ_O1000_N1_P0.2_B8_T0.4_S0_R5,10,0.5,190,0.012887259721515255,1.3877787807814457e-17,0.0038730705685481,1,0.002535840277396534,19,0.00999092580337256
main_contention_GOQ_O1000_N1_P0.2_B8_T0.4_S0_R5,10,0.75,190,0.013098674840926229,6.938893903907228e-18,0.0034680026513421924,1,0.005303760416094788,19,0.007342852578703166
main_contention_GOQ_O1000_N1_P0.2_B8_T0.4_S0_R5,20,0.5,190,0.013782946208493886,-1.3877787807814457e-17,0.004163423887019632,1,0.002871280954722867,19,0.01065710590671061
main_contention_GOQ_O1000_N1_P0.2_B8_T0.4_S0_R5,20,0.75,190,0.013954614459778525,-6.938893903907228e-18,0.003715189916471217,1,0.005806921432084292,19,0.007777682546587152
main_contention_GOQ_O1000_N1_P0.2_B8_T0.4_S0_R5,30,0.5,190,0.0026207958165137754,-1.0408340855860843e-17,0.0007293742193104685,0,0.0,6,0.002126627606352606
main_contention_GOQ_O1000_N1_P0.2_B8_T0.4_S0_R5,30,0.75,190,0.0028871504744486798,-6.938893903907228e-18,0.0007063934339064677,0,0.0,6,0.0018023155400132135
main_contention_GOQ_O1000_N1_P0.2_B8_T0.4_S0_R5,40,0.5,190,0.012980383755725855,0.0,0.0039031543088327153,1,0.002570804633495141,6,0.010060292468974101
main_contention_GOQ_O1000_N1_P0.2_B8_T0.4_S0_R5,40,0.75,190,0.013187841135167966,0.0,0.0034936525961680406,1,0.005356206950242699,6,0.007388298429626031
main_contention_GOQ_O1000_N1_P0.2_B8_T0.4_S0_R5,50,0.5,190,0.011942446326385206,-1.3877787807814457e-17,0.0035692453688601113,1,0.0021798684723989548,6,0.009285753678353562
main_contention_GOQ_O1000_N1_P0.2_B8_T0.4_S0_R5,50,0.75,190,0.012191589021545685,-6.938893903907228e-18,0.0032084213899377457,1,0.004769802708598413,6,0.006878515474613482
main_contention_GOQ_O1000_N1_P0.2_B8_T0.4_S0_R5,60,0.5,190,0.002268506829067641,0.0,0.0006288898307031279,1,0.0001309592985836161,6,0.00184431202990782
main_contention_GOQ_O1000_N1_P0.2_B8_T0.4_S0_R5,60,0.75,190,0.002514152266570941,-3.469446951953614e-18,0.0006130915730008306,0,0.0,6,0.0015794873934033213
main_contention_GOQ_O1000_N1_P0.2_B8_T0.4_S0_R5,70,0.5,190,0.010472127020365193,0.0,0.003101646586957742,1,0.001621005808854381,6,0.008183082306862703
main_contention_GOQ_O1000_N1_P0.2_B8_T0.4_S0_R5,70,0.75,190,0.010770475849951396,0.0,0.0028068368639981244,1,0.00393150871328158,6,0.006143247118972996
main_contention_GOQ_O1000_N1_P0.2_B8_T0.4_S0_R5,80,0.5,190,0.002164202045122309,0.0,0.0005992626696027396,1,0.00021966681877863894,6,0.0017604271850438918
main_contention_GOQ_O1000_N1_P0.2_B8_T0.4_S0_R5,80,0.75,190,0.0024031562277555887,0.0,0.0005854466700623887,0,0.0,6,0.0015126670654961732
main_contention_GOQ_O1000_N1_P0.2_B8_T0.4_S0_R5,90,0.5,190,0.004050577175983595,0.0,0.001143356405807635,0,0.0,6,0.0032592923034580334
main_contention_GOQ_O1000_N1_P0.2_B8_T0.4_S0_R5,90,0.75,190,0.004376114707912021,0.0,0.0010848400485102753,1,9.043870402280704e-05,6,0.002669820299096036
main_contention_GOQ_O1000_N1_P0.2_B8_T0.4_S0_R5,100,0.5,190,0.013017315003179514,6.938893903907228e-18,0.003915091524822374,1,0.002584663744702856,6,0.010087792729016554
main_contention_GOQ_O1000_N1_P0.2_B8_T0.4_S0_R5,100,0.75,190,0.013223192177164923,6.938893903907228e-18,0.003503828153983481,1,0.005376995617054285,6,0.007406304254652829
main_contention_GOQ_O1000_N1_P0.2_B8_T0.4_S0_R5,110,0.5,190,0.004998836385668122,-6.938893903907228e-18,0.0014228900822662685,0,0.0,19,0.004000674155507748
main_contention_GOQ_O1000_N1_P0.2_B8_T0.4_S0_R5,110,0.75,190,0.005346227050656231,-6.938893903907228e-18,0.0013363378590647839,1,0.0006862070873658969,19,0.003219320420876415
main_contention_GOQ_O1000_N1_P0.2_B8_T0.4_S0_R5,120,0.5,190,0.010454577142854658,-1.3877787807814457e-17,0.003096091412499139,1,0.0016141879156147954,19,0.00816966827056536
main_contention_GOQ_O1000_N1_P0.2_B8_T0.4_S0_R5,120,0.75,190,0.010753505199797252,-6.938893903907228e-18,0.002802066515525116,1,0.003921281873422167,19,0.006134228368186077
main_contention_GOQ_O1000_N1_P0.2_B8_T0.4_S0_R5,130,0.5,190,0.012846250787357613,0.0,0.003859830432503013,1,0.002520436750858418,19,0.0099603719359257
main_contention_GOQ_O1000_N1_P0.2_B8_T0.4_S0_R5,130,0.75,190,0.013059395268407034,0.0,0.0034567108760392134,1,0.005280655126287628,19,0.007322822330170321
main_contention_GOQ_O1000_N1_P0.2_B8_T0.4_S0_R5,140,0.5,190,0.012861581785342177,0.0,0.0038647796399637626,1,0.0025261957697536377,19,0.009971794911857117
main_contention_GOQ_O1000_N1_P0.2_B8_T0.4_S0_R5,140,0.75,190,0.013074080702794214,0.0,0.0034609319898008814,1,0.0052892936546304545,19,0.007330311825306933
main_contention_GOQ_O1000_N1_P0.2_B8_T0.4_S0_R5,150,0.5,190,0.007929126340422386,1.3877787807814457e-17,0.002308789907758201,1,0.0006359916635987478,6,0.0062572317728034
main_contention_GOQ_O1000_N1_P0.2_B8_T0.4_S0_R5,150,0.75,190,0.008280802853925087,6.938893903907228e-18,0.002119044958005401,1,0.002453987495398116,6,0.004827563672621632
main_contention_GOQ_O1000_N1_P0.2_B8_T0.4_S0_R5,160,0.5,190,0.011964298355538805,-6.938893903907228e-18,0.00357624746073963,1,0.0021881581181915147,6,0.009302152355816759
main_contention_GOQ_O1000_N1_P0.2_B8_T0.4_S0_R5,160,0.75,190,0.012212600049073048,0.0,0.0032144101474447006,1,0.00478223717728727,6,0.00688936336839481
main_contention_GOQ_O1000_N1_P0.2_B8_T0.4_S0_R5,170,0.5,190,0.004890977926485698,0.0,0.0013909042664051448,0,0.0,6,0.003916593524545792
main_contention_GOQ_O1000_N1_P0.2_B8_T0.4_S0_R5,170,0.75,190,0.0052364954101124656,0.0,0.00130769969131136,1,0.0006191367982616505,6,0.003157617941343456
main_contention_GOQ_O1000_N1_P0.2_B8_T0.4_S0_R5,180,0.5,190,0.014498495041379234,0.0,0.004396964876544681,1,0.0031379756130202954,6,0.011187778152778001
main_contention_GOQ_O1000_N1_P0.2_B8_T0.4_S0_R5,180,0.75,190,0.01463581440440681,0.0,0.003913431602731391,1,0.006206963419530434,6,0.008121574994884577
main_contention_GOQ_O1000_N1_P0.2_B8_T0.4_S0_R5,190,0.5,190,0.015521289873628816,6.938893903907228e-18,0.00473316161672485,1,0.0035173898757207903,6,0.011944110331123699
main_contention_GOQ_O1000_N1_P0.2_B8_T0.4_S0_R5,190,0.75,190,0.015605768350700565,0.0,0.004197970902769976,1,0.006776084813581176,6,0.008608133470920473
main_contention_GOQ_O1000_N2_P0.2_B8_T0.4_S0_R5,0,0.5,190,0.10952553672496956,-2.7755575615628914e-17,0.04262913597395955,1,0.030969473909636072,19,0.07757667138697191
main_contention_GOQ_O1000_N2_P0.2_B8_T0.4_S0_R5,0,0.75,190,0.09848430488088349,-2.7755575615628914e-17,0.03417363129624187,1,0.026480917729748324,19,0.04532261542112731
main_contention_GOQ_O1000_N2_P0.2_B8_T0.4_S0_R5,10,0.5,190,0.013404783695740212,0.0,0.004040563674549514,1,0.0027298825657661174,19,0.010376106803780906
main_contention_GOQ_O1000_N2_P0.2_B8_T0.4_S0_R5,10,0.75,190,0.01359368729959079,-6.938893903907228e-18,0.0036106957841043792,1,0.005594823848649157,19,0.007594704659304362
main_contention_GOQ_O1000_N2_P0.2_B8_T0.4_S0_R5,20,0.5,190,0.005085675288645938,0.0,0.0014486771311401382,0,0.0,19,0.004068323795517803
main_contention_GOQ_O1000_N2_P0.2_B8_T0.4_S0_R5,20,0.75,190,0.0054344673932160935,0.0,0.0013594019035181502,1,0.0007400890172377071,19,0.003268857742682589
main_contention_GOQ_O1000_N2_P0.2_B8_T0.4_S0_R5,30,0.5,190,0.009734747529609393,1.3877787807814457e-17,0.0028695981971816847,1,0.0013379296929000792,6,0.007627013150222066
main_contention_GOQ_O1000_N2_P0.2_B8_T0.4_S0_R5,30,0.75,190,0.01005310145703854,6.938893903907228e-18,0.002606534183062075,1,0.0035068945393501166,6,0.005767778339104218
main_contention_GOQ_O1000_N2_P0.2_B8_T0.4_S0_R5,40,0.5,190,0.004921686741984156,0.0,0.0014000078029539188,0,0.0,6,0.003940583032239993
main_contention_GOQ_O1000_N2_P0.2_B8_T0.4_S0_R5,40,0.75,190,0.005267741726282506,0.0,0.001315850927324063,1,0.000638284650421924,6,0.00317523783210457
main_contention_GOQ_O1000_N2_P0.2_B8_T0.4_S0_R5,50,0.5,190,0.0023968629931809225,-1.0408340855860843e-17,0.0006654271963348919,1,2.3647368751624626e-05,6,0.001947348596131028
main_contention_GOQ_O1000_N2_P0.2_B8_T0.4_S0_R5,50,0.75,190,0.0026503824510223303,-6.938893903907228e-18,0.0006470966362646851,0,0.0,6,0.001661170453055319
main_contention_GOQ_O1000_N2_P0.2_B8_T0.4_S0_R5,60,0.5,190,0.0075350857240187585,0.0,0.002187841880131979,1,0.00048064180486698943,6,0.00595619230595093
main_contention_GOQ_O1000_N2_P0.2_B8_T0.4_S0_R5,60,0.75,190,0.007890856717377957,0.0,0.002013221295037851,1,0.002220962707300482,6,0.00461767955643913
main_contention_GOQ_O1000_N2_P0.2_B8_T0.4_S0_R5,70,0.5,190,0.002305087450169673,0.0,0.0006392939612827843,1,0.00010017392862227137,6,0.0018736981267066175
main_contention_GOQ_O1000_N2_P0.2_B8_T0.4_S0_R5,70,0.75,190,0.0025530166859652967,0.0,0.0006227842674653236,0,0.0,6,0.0016028268776415652
main_contention_GOQ_O1000_N2_P0.2_B8_T0.4_S0_R5,80,0.5,190,0.004607870036192646,-6.938893903907228e-18,0.0013071797449984435,0,0.0,6,0.0036956750577017555
main_contention_GOQ_O1000_N2_P0.2_B8_T0.4_S0_R5,80,0.75,190,0.004947732303268421,-6.938893903907228e-18,0.001232569910869069,1,0.00044234738739406046,6,0.0029947720614260168
main_contention_GOQ_O1000_N2_P0.2_B8_T0.4_S0_R5,90,0.5,190,0.003843097690322518,1.0408340855860843e-17,0.0010826972915388194,0,0.0,6,0.0030959070884155476
main_contention_GOQ_O1000_N2_P0.2_B8_T0.4_S0_R5,90,0.75,190,0.004162226403223404,6.938893903907228e-18,0.0010298977566614877,0,0.0,6,0.0025469531607692705
main_contention_GOQ_O1000_N2_P0.2_B8_T0.4_S0_R5,100,0.5,190,0.0065904159576341895,-6.938893903907228e-18,0.0019001352021398115,1,0.00010489939419526528,6,0.005232002548952987
main_contention_GOQ_O1000_N2_P0.2_B8_T0.4_S0_R5,100,0.75,190,0.006950440026372767,-6.938893903907228e-18,0.0017602703486855839,1,0.0016573490912929062,6,0.00410733170630246
main_contention_GOQ_O1000_N2_P0.2_B8_T0.4_S0_R5,110,0.5,190,0.005505256616236798,0.0,0.0015736804630179684,0,0.0,19,0.0043940700436052235
main_contention_GOQ_O1000_N2_P0.2_B8_T0.4_S0_R5,110,0.75,190,0.005859671467766222,0.0,0.0014709522251518622,1,0.00099858840498665,19,0.003506097084617736
main_contention_GOQ_O1000_N2_P0.2_B8_T0.4_S0_R5,120,0.5,190,0.002648650464019922,6.938893903907228e-18,0.0007373462509557817,0,0.0,19,0.002148886776138295
main_contention_GOQ_O1000_N2_P0.2_B8_T0.4_S0_R5,120,0.75,190,0.002916524830093279,3.469446951953614e-18,0.0007137672688229527,0,0.0,19,0.001819756771162112
main_contention_GOQ_O1000_N2_P0.2_B8_T0.4_S0_R5,130,0.5,190,0.012644375449288682,0.0,0.0037947223430645437,1,0.0024445489310082336,19,0.009809894322564724
main_contention_GOQ_O1000_N2_P0.2_B8_T0.4_S0_R5,130,0.75,190,0.012865914020269077,0.0,0.0034011575088210328,1,0.005166823396512345,19,0.007224058580739046
main_contention_GOQ_O1000_N2_P0.2_B8_T0.4_S0_R5,140,0.5,190,0.004245384984166996,0.0,0.001200467945178135,0,0.0,19,0.0034119634630658674
main_contention_GOQ_O1000_N2_P0.2_B8_T0.4_S0_R5,140,0.75,190,0.0045764571859685035,0.0,0.0011364626449392413,1,0.00021399591518158137,19,0.002784023382193475
main_contention_GOQ_O1000_N2_P0.2_B8_T0.4_S0_R5,150,0.5,190,0.009532743609508176,0.0,0.002806330155721074,1,0.001260064553901312,6,0.007474389141260494
main_contention_GOQ_O1000_N2_P0.2_B8_T0.4_S0_R5,150,0.75,190,0.009855958270286985,0.0,0.002551785909218599,1,0.003390096830851952,6,0.005664131115216735
main_contention_GOQ_O1000_N2_P0.2_B8_T0.4_S0_R5,160,0.5,190,0.0021683297645807564,3.469446951953614e-18,0.0006004340203676116,1,0.00021612967973957953,6,0.001763749321949129
main_contention_GOQ_O1000_N2_P0.2_B8_T0.4_S0_R5,160,0.75,190,0.0024075539092448875,3.469446951953614e-18,0.0005865409116812435,0,0.0,6,0.0015153190006947717
main_contention_GOQ_O1000_N2_P0.2_B8_T0.4_S0_R5,170,0.5,190,0.007471116176736195,0.0,0.00216825942221319,1,0.00045536113111575155,6,0.005907287184465614
main_contention_GOQ_O1000_N2_P0.2_B8_T0.4_S0_R5,170,0.75,190,0.007827421553827159,0.0,0.001996058676264362,1,0.002183041696673625,6,0.004583462239746913
main_contention_GOQ_O1000_N2_P0.2_B8_T0.4_S0_R5,180,0.5,190,0.004995418294284001,0.0,0.0014218737609415493,0,0.0,6,0.003997957590382094
main_contention_GOQ_O1000_N2_P0.2_B8_T0.4_S0_R5,180,0.75,190,0.005342765022186627,0.0,0.0013354319531309862,1,0.0006840418831765352,6,0.0032173291953573532
main_contention_GOQ_O1000_N2_P0.2_B8_T0.4_S0_R5,190,0.5,190,0.005726200327972698,0.0,0.0016397847838217326,0,0.0,6,0.004565221714998444
main_contention_GOQ_O1000_N2_P0.2_B8_T0.4_S0_R5,190,0.75,190,0.006082758134907801,0.0,0.0015297586339768035,1,0.0011338217406135706,6,0.003629922597591484
main_contention_PRESCRIPTION_O1000_N1_P0.5_B8_T1.0_S0_R5,0,0.5,190,0.10952553672496956,-2.7755575615628914e-17,0.04262913597395955,1,0.030969473909636072,134,0.050642954977616436
main_contention_PRESCRIPTION_O1000_N1_P0.5_B8_T1.0_S0_R5,0,0.75,190,0.09848430488088349,-2.7755575615628914e-17,0.03417363129624187,1,0.026480917729748324,134,0.02233584918237593
main_contention_PRESCRIPTION_O1000_N1_P0.5_B8_T1.0_S0_R5,10,0.5,190,0.012887259721515255,1.3877787807814457e-17,0.0038730705685481,1,0.002535840277396534,19,0.00999092580337256
main_contention_PRESCRIPTION_O1000_N1_P0.5_B8_T1.0_S0_R5,10,0.75,190,0.013098674840926229,6.938893903907228e-18,0.0034680026513421924,1,0.005303760416094788,19,0.007342852578703166
main_contention_PRESCRIPTION_O1000_N1_P0.5_B8_T1.0_S0_R5,20,0.5,190,0.013782948643067477,0.0,0.0041634245399928774,1,0.00287128095472286,19,0.01065710590671061
main_contention_PRESCRIPTION_O1000_N1_P0.5_B8_T1.0_S0_R5,20,0.75,190,0.013954617406383742,0.0,0.0037151906273353453,1,0.005806921432084285,19,0.007777682546587152
main_contention_PRESCRIPTION_O1000_N1_P0.5_B8_T1.0_S0_R5,30,0.5,190,0.0026207958197264,0.0,0.0007293742201850309,0,0.0,5,0.0025849730710098065
main_contention_PRESCRIPTION_O1000_N1_P0.5_B8_T1.0_S0_R5,30,0.75,190,0.002887150478224989,0.0,0.0007063934348248793,0,0.0,5,0.002843437787149232
main_contention_PRESCRIPTION_O1000_N1_P0.5_B8_T1.0_S0_R5,40,0.5,190,0.01298038619029946,-2.0816681711721685e-17,0.0039031549618059615,1,0.002570804633495155,5,0.012944563437495393
main_contention_PRESCRIPTION_O1000_N1_P0.5_B8_T1.0_S0_R5,40,0.75,190,0.01318784408177319,-1.3877787807814457e-17,0.003493653307032174,1,0.005356206950242727,5,0.0131441313857503
main_contention_PRESCRIPTION_O1000_N1_P0.5_B8_T1.0_S0_R5,50,0.5,190,0.011942446326656857,-2.0816681711721685e-17,0.0035692453689329727,1,0.002179868472398934,5,0.011906623573852783
main_contention_PRESCRIPTION_O1000_N1_P0.5_B8_T1.0_S0_R5,50,0.75,190,0.012191589021874484,-1.3877787807814457e-17,0.003208421390017068,1,0.004769802708598399,5,0.012147876325851584
main_contention_PRESCRIPTION_O1000_N1_P0.5_B8_T1.0_S0_R5,60,0.5,190,0.0022685068293455297,-1.0408340855860843e-17,0.0006288898307776567,1,0.00013095929858362304,5,0.002232684076541456
main_contention_PRESCRIPTION_O1000_N1_P0.5_B8_T1.0_S0_R5,60,0.75,190,0.0025141522669072693,-6.938893903907228e-18,0.0006130915730819689,0,0.0,5,0.0024704395708843724
main_contention_PRESCRIPTION_O1000_N1_P0.5_B8_T1.0_S0_R5,70,0.5,190,0.010472401701732394,0.0,0.0031017202582010886,1,0.001621005808854388,5,0.010436578948928327
main_contention_PRESCRIPTION_O1000_N1_P0.5_B8_T1.0_S0_R5,70,0.75,190,0.010770808329140187,0.0,0.0028069170764548844,1,0.00393150871328158,5,0.010727095633117287
main_contention_PRESCRIPTION_O1000_N1_P0.5_B8_T1.0_S0_R5,80,0.5,190,0.0021642382800622813,3.469446951953614e-18,0.0005992729519710351,1,0.00021963575111445463,5,0.002128415806536086
main_contention_PRESCRIPTION_O1000_N1_P0.5_B8_T1.0_S0_R5,80,0.75,190,0.002403194833179176,3.469446951953614e-18,0.0005854562756554584,0,0.0,5,0.002359482475170753
main_contention_PRESCRIPTION_O1000_N1_P0.5_B8_T1.0_S0_R5,90,0.5,190,0.0040505773192476835,0.0,0.0011433564442317873,0,0.0,5,0.0040150336619524316
main_contention_PRESCRIPTION_O1000_N1_P0.5_B8_T1.0_S0_R5,90,0.75,190,0.004376114881335217,0.0,0.0010848400903509892,1,9.043870402740059e-05,5,0.004332740007914566
main_contention_PRESCRIPTION_O1000_N1_P0.5_B8_T1.0_S0_R5,100,0.5,190,0.013017315003179541,0.0,0.003915091524822382,1,0.0025846637447028767,5,0.012981492250375475
main_contention_PRESCRIPTION_O1000_N1_P0.5_B8_T1.0_S0_R5,100,0.75,190,0.013223192177164972,0.0,0.003503828153983491,1,0.005376995617054313,5,0.013179479481142082
main_contention_PRESCRIPTION_O1000_N1_P0.5_B8_T1.0_S0_R5,110,0.5,190,0.004993542008389279,6.938893903907228e-18,0.001421316765450729,0,0.0,15,0.0049577195350089635
main_contention_PRESCRIPTION_O1000_N1_P0.5_B8_T1.0_S0_R5,110,0.75,190,0.0053408586487020335,6.938893903907228e-18,0.001334933873825831,1,0.0006828722128032448,15,0.005297146290870157
main_contention_PRESCRIPTION_O1000_N1_P0.5_B8_T1.0_S0_R5,120,0.5,190,0.01045457595575,6.938893903907228e-18,0.003096091037653976,1,0.0016141874615117555,15,0.010418753203024655
main_contention_PRESCRIPTION_O1000_N1_P0.5_B8_T1.0_S0_R5,120,0.75,190,0.010753504047356047,6.938893903907228e-18,0.0028020661924948705,1,0.003921281192267624,15,0.010709791351428414
main_contention_PRESCRIPTION_O1000_N1_P0.5_B8_T1.0_S0_R5,130,0.5,190,0.01284625077664181,-1.3877787807814457e-17,0.0038598304290439283,1,0.0025204367468328673,15,0.012810428023837736
main_contention_PRESCRIPTION_O1000_N1_P0.5_B8_T1.0_S0_R5,130,0.75,190,0.013059395258142058,-6.938893903907228e-18,0.0034567108730889197,1,0.005280655120249313,15,0.013015682562119164
main_contention_PRESCRIPTION_O1000_N1_P0.5_B8_T1.0_S0_R5,140,0.5,190,0.013280411856960606,0.0,0.004000243314070589,1,0.0026833078440492153,15,0.013244589104156546
main_contention_PRESCRIPTION_O1000_N1_P0.5_B8_T1.0_S0_R5,140,0.75,190,0.013474840345393035,0.0,0.0035763709570870257,1,0.00552496176607381,15,0.013431127649370142
main_contention_PRESCRIPTION_O1000_N1_P0.5_B8_T1.0_S0_R5,150,0.5,190,0.009532744387355546,0.0,0.0028063303990948415,1,0.001260064854032808,6,0.007474389729257708
main_contention_PRESCRIPTION_O1000_N1_P0.5_B8_T1.0_S0_R5,150,0.75,190,0.009855959029932061,0.0,0.002551786119931636,1,0.0033900972810492064,6,0.005664131515034011
main_contention_PRESCRIPTION_O1000_N1_P0.5_B8_T1.0_S0_R5,160,0.5,190,0.011979183528567451,-6.938893903907228e-18,0.003581011001725214,1,0.0021937537238202118,6,0.009313222298635453
main_contention_PRESCRIPTION_O1000_N1_P0.5_B8_T1.0_S0_R5,160,0.75,190,0.012226943984353186,-6.938893903907228e-18,0.003218492319152996,1,0.0047906305857303155,6,0.0068966848739232395
main_contention_PRESCRIPTION_O1000_N1_P0.5_B8_T1.0_S0_R5,170,0.5,190,0.00489097815758216,0.0,0.0013909043348665578,0,0.0,6,0.003916593704215529
main_contention_PRESCRIPTION_O1000_N1_P0.5_B8_T1.0_S0_R5,170,0.75,190,0.005236495645516627,0.0,0.001307699752679883,1,0.0006191369417050258,6,0.0031576180733536505
main_contention_PRESCRIPTION_O1000_N1_P0.5_B8_T1.0_S0_R5,180,0.5,190,0.014498495042735614,1.3877787807814457e-17,0.004396964876988686,1,0.0031379756135248085,6,0.011187778153782704
main_contention_PRESCRIPTION_O1000_N1_P0.5_B8_T1.0_S0_R5,180,0.75,190,0.014635814405695988,0.0,0.003913431603107816,1,0.006206963420287218,6,0.008121574995533648
main_contention_PRESCRIPTION_O1000_N1_P0.5_B8_T1.0_S0_R5,190,0.5,190,0.015521289873645448,0.0,0.004733161616730324,1,0.003517389875726848,6,0.011944110331135772
main_contention_PRESCRIPTION_O1000_N1_P0.5_B8_T1.0_S0_R5,190,0.75,190,0.015605768350716386,0.0,0.004197970902774618,1,0.006776084813590266,6,0.008608133470928203
main_contention_PRESCRIPTION_O1000_N2_P0.5_B8_T1.0_S0_R5,0,0.5,190,0.10952553672496956,-2.7755575615628914e-17,0.04262913597395955,1,0.030969473909636072,134,0.050642954977616436
main_contention_PRESCRIPTION_O1000_N2_P0.5_B8_T1.0_S0_R5,0,0.75,190,0.09848430488088349,-2.7755575615628914e-17,0.03417363129624187,1,0.026480917729748324,134,0.02233584918237593
main_contention_PRESCRIPTION_O1000_N2_P0.5_B8_T1.0_S0_R5,10,0.5,190,0.013404783695740212,0.0,0.004040563674549514,1,0.0027298825657661174,19,0.010376106803780906
main_contention_PRESCRIPTION_O1000_N2_P0.5_B8_T1.0_S0_R5,10,0.75,190,0.01359368729959079,-6.938893903907228e-18,0.0036106957841043792,1,0.005594823848649157,19,0.007594704659304362
main_contention_PRESCRIPTION_O1000_N2_P0.5_B8_T1.0_S0_R5,20,0.5,190,0.005085833787102506,6.938893903907228e-18,0.001448719641665358,0,0.0,19,0.004068323795517803
main_contention_PRESCRIPTION_O1000_N2_P0.5_B8_T1.0_S0_R5,20,0.75,190,0.005434659231089978,6.938893903907228e-18,0.0013594481845034553,1,0.0007400890172377037,19,0.003268857742682596
main_contention_PRESCRIPTION_O1000_N2_P0.5_B8_T1.0_S0_R5,30,0.5,190,0.00973474753002699,0.0,0.0028695981973126156,1,0.001337929693060895,5,0.009698924770880864
main_contention_PRESCRIPTION_O1000_N2_P0.5_B8_T1.0_S0_R5,30,0.75,190,0.010053101457445819,0.0,0.0026065341831753124,1,0.0035068945395913334,5,0.010009388753747028
main_contention_PRESCRIPTION_O1000_N2_P0.5_B8_T1.0_S0_R5,40,0.5,190,0.013860422640177283,1.3877787807814457e-17,0.004188643351568306,1,0.0029002096190696713,5,0.01382459988737321
main_contention_PRESCRIPTION_O1000_N2_P0.5_B8_T1.0_S0_R5,40,0.75,190,0.014028480808115348,6.938893903907228e-18,0.003736621825630132,1,0.005850314428604501,5,0.013984768112092445
main_contention_PRESCRIPTION_O1000_N2_P0.5_B8_T1.0_S0_R5,50,0.5,190,0.0023852755584197957,1.0408340855860843e-17,0.000662125240492533,1,3.3254931940833454e-05,5,0.0023494528056157288
main_contention_PRESCRIPTION_O1000_N2_P0.5_B8_T1.0_S0_R5,50,0.75,190,0.0026381000727197547,6.938893903907228e-18,0.0006440273820346612,0,0.0,5,0.002594387376696858
main_contention_PRESCRIPTION_O1000_N2_P0.5_B8_T1.0_S0_R5,60,0.5,190,0.012378264380373503,0.0,0.0037090742892099127,1,0.002344356797628823,5,0.012342441627569423
main_contention_PRESCRIPTION_O1000_N2_P0.5_B8_T1.0_S0_R5,60,0.75,190,0.01261056122164654,0.0,0.0033280107892159658,1,0.005016535196443246,5,0.01256684852562364
main_contention_PRESCRIPTION_O1000_N2_P0.5_B8_T1.0_S0_R5,70,0.5,190,0.012798712173575734,0.0,0.0038444880682915127,1,0.0025025754124360783,5,0.012762889420771667
main_contention_PRESCRIPTION_O1000_N2_P0.5_B8_T1.0_S0_R5,70,0.75,190,0.013013851197403371,0.0,0.003443623977365433,1,0.005253863118654105,5,0.012970138501380478
main_contention_PRESCRIPTION_O1000_N2_P0.5_B8_T1.0_S0_R5,80,0.5,190,0.0067508236734729055,0.0,0.001948760626273887,1,0.00016906333910472054,5,0.006715000920668832
main_contention_PRESCRIPTION_O1000_N2_P0.5_B8_T1.0_S0_R5,80,0.75,190,0.007110705155767116,0.0,0.0018031495733079092,1,0.0017535950086570787,5,0.007066992459744216
main_contention_PRESCRIPTION_O1000_N2_P0.5_B8_T1.0_S0_R5,90,0.5,190,0.013679761271240445,0.0,0.0041298612340459374,1,0.0028327303765110085,5,0.013643938518436378
main_contention_PRESCRIPTION_O1000_N2_P0.5_B8_T1.0_S0_R5,90,0.75,190,0.013856197179678252,0.0,0.0036866588954466047,1,0.005749095564766514,5,0.013812484483655359
main_contention_PRESCRIPTION_O1000_N2_P0.5_B8_T1.0_S0_R5,100,0.5,190,0.013336338707304628,-6.938893903907228e-18,0.004018369035554358,1,0.002704255750000606,5,0.01330051595450054
main_contention_PRESCRIPTION_O1000_N2_P0.5_B8_T1.0_S0_R5,100,0.75,190,0.013528291680960682,-1.3877787807814457e-17,0.003591803401820321,1,0.005556383625000917,5,0.013484578984937778
main_contention_PRESCRIPTION_O1000_N2_P0.5_B8_T1.0_S0_R5,110,0.5,190,0.013393314522585673,-1.3877787807814457e-17,0.0040368481122435625,1,0.0027256187768169016,15,0.01335757106347353
main_contention_PRESCRIPTION_O1000_N2_P0.5_B8_T1.0_S0_R5,110,0.75,190,0.013582710394559341,-6.938893903907228e-18,0.003607528329512459,1,0.005588428165225347,15,0.013539093671274652
main_contention_PRESCRIPTION_O1000_N2_P0.5_B8_T1.0_S0_R5,120,0.5,190,0.0022630272660715996,-3.469446951953614e-18,0.0006273319594056303,1,0.00013558498450945075,15,0.0022272045132675222
main_contention_PRESCRIPTION_O1000_N2_P0.5_B8_T1.0_S0_R5,120,0.75,190,0.002508327822011408,-3.469446951953614e-18,0.0006116395524771713,0,0.0,15,0.002464615125988504
main_contention_PRESCRIPTION_O1000_N2_P0.5_B8_T1.0_S0_R5,130,0.5,190,0.010506891696990428,6.938893903907228e-18,0.0031126146901487846,1,0.00163419531463517,15,0.010471069217212657
main_contention_PRESCRIPTION_O1000_N2_P0.5_B8_T1.0_S0_R5,130,0.75,190,0.010804283905044426,6.938893903907228e-18,0.002816303967492582,1,0.003951292971952763,15,0.010760571539469622
main_contention_PRESCRIPTION_O1000_N2_P0.5_B8_T1.0_S0_R5,140,0.5,190,0.013255652606292127,0.0,0.003992221696480197,1,0.002674031713566956,15,0.01321982985348806
main_contention_PRESCRIPTION_O1000_N2_P0.5_B8_T1.0_S0_R5,140,0.75,190,0.013451172368554719,6.938893903907228e-18,0.0035695402285427376,1,0.005511047570350425,15,0.013407459672531818
main_contention_PRESCRIPTION_O1000_N2_P0.5_B8_T1.0_S0_R5,150,0.5,190,0.009532744387355546,0.0,0.0028063303990948415,1,0.001260064854032808,6,0.007474389729257708
main_contention_PRESCRIPTION_O1000_N2_P0.5_B8_T1.0_S0_R5,150,0.75,190,0.009855959029932061,0.0,0.002551786119931636,1,0.0033900972810492064,6,0.005664131515034011
main_contention_PRESCRIPTION_O1000_N2_P0.5_B8_T1.0_S0_R5,160,0.5,190,0.009968318708299707,-1.3877787807814457e-17,0.0029429174638867556,1,0.0014278032414155456,5,0.009932575249180689
main_contention_PRESCRIPTION_O1000_N2_P0.5_B8_T1.0_S0_R5,160,0.75,190,0.010280705493163886,-6.938893903907228e-18,0.0026699036714763805,1,0.0036417048621233336,5,0.010237088769870898
main_contention_PRESCRIPTION_O1000_N2_P0.5_B8_T1.0_S0_R5,170,0.5,190,0.013428019585908155,0.0,0.004048101325870459,1,0.002738579970167486,5,0.01339219683310408
main_contention_PRESCRIPTION_O1000_N2_P0.5_B8_T1.0_S0_R5,170,0.75,190,0.013615883056342322,6.938893903907228e-18,0.0036171108434493392,1,0.005607869955251227,5,0.013572170360319425
main_contention_PRESCRIPTION_O1000_N2_P0.5_B8_T1.0_S0_R5,180,0.5,190,0.014790360141512499,2.0816681711721685e-17,0.00449261979411568,1,0.003246453350431784,5,0.014754537388708432
main_contention_PRESCRIPTION_O1000_N2_P0.5_B8_T1.0_S0_R5,180,0.75,190,0.014913038518708246,1.3877787807814457e-17,0.003994487221315842,1,0.00636968002564766,5,0.014869325822685353
main_contention_PRESCRIPTION_O1000_N2_P0.5_B8_T1.0_S0_R5,190,0.5,190,0.01552478364884479,6.938893903907228e-18,0.004734314745703517,1,0.0035186825121748533,5,0.015488960896040724
main_contention_PRESCRIPTION_O1000_N2_P0.5_B8_T1.0_S0_R5,190,0.75,190,0.015609074400368184,0.0,0.004198945220981197,1,0.006778023768262274,5,0.015565361704345294
